video,rate,window_cv,window_top4_share,window_max_mean
ANU-25-summer-19_20260812_080000.mp4,35.4388733864,5.49001602359,1,35.1210825354
ANU-25-summer-20_20260701_200000.mp4,9.86887322784,3.64033736929,1,17.1026411365
ANU-25-summer-12_20260702_200000.mp4,9.63078555617,3.58345516491,1,16.3767680336
ANU-25-summer-18_20260702_200000.mp4,3.11003042303,6.2449979984,1,40
ANU-25-summer-4_20260703_050000.mp4,56.567086774,3.67229468303,1,17.7094055004
ANU-25-summer-6_20260703_200000.mp4,32.6858025909,3.46094701996,1,19.3331475396
ANU-25-summer-4_20260704_200000.mp4,1.78104749642,6.2449979984,1,40
ANU-25-summer-13_20260705_050000.mp4,11.3353924024,3.74196262193,1,19.9673138512
ANU-25-summer-16_20260705_050000.mp4,32.9808146936,5.02734064825,1,32.0679976002
ANU-25-summer-2_20260705_050000.mp4,2.58791945717,6.2449979984,1,40
ANU-25-summer-13_20260705_200000.mp4,15.9410330006,3.33606451346,1,16.9107030853
ANU-25-summer-7_20260705_200000.mp4,11.6002347787,5.15199579794,1,32.2825573086
ANU-25-summer-11_20260706_060000.mp4,24.3238916321,5.57215759368,1,35.5234920355
ANU-25-summer-2_20260707_200000.mp4,19.2803010401,3.80581358596,1,22.8108757233
ANU-25-summer-6_20260707_200000.mp4,3.01092857899,6.2449979984,1,40
