device,date,hours,rate,flux,device_reference,relative_activity
1,2026-07-01,17,31522.9285245,64284445.4489,27988.3785784,1.12628634189
1,2026-07-02,17,17156.9199802,34987963.9413,27988.3785784,0.613001568925
1,2026-07-03,17,28311.8855834,57736192.3378,27988.3785784,1.01155861902
1,2026-07-05,17,28266.0204023,57642659.8563,27988.3785784,1.00991989669
1,2026-07-06,17,42068.1300283,85789186.9989,27988.3785784,1.50305706029
1,2026-07-07,17,21848.7878405,44556050.97,27988.3785784,0.780637855794
1,2026-07-08,17,43138.5599441,87972105.8059,27988.3785784,1.54130257397
1,2026-07-10,17,70513.183367,143796947.231,27988.3785784,2.51937364537
1,2026-07-11,17,40909.9153529,83427249.4631,27988.3785784,1.46167507483
1,2026-07-12,17,43610.0820239,88933676.8539,27988.3785784,1.55814964064
1,2026-07-13,17,53967.7927071,110056069.936,27988.3785784,1.92822147793
1,2026-07-14,17,28631.6800963,58388346.623,27988.3785784,1.02298459399
1,2026-07-15,17,18160.5878013,37034735.365,27988.3785784,0.648861732039
1,2026-07-16,17,19946.3768876,40676480.1671,27988.3785784,0.712666395868
1,2026-07-17,17,27988.3785784,57076467.1983,27988.3785784,1
1,2026-07-19,17,10170.5957331,20740811.1236,27988.3785784,0.363386385697
1,2026-07-20,17,29954.0186153,61084980.5453,27988.3785784,1.07023057915
1,2026-07-21,17,125929.750038,256807489.838,27988.3785784,4.49935853502
1,2026-07-22,17,68279.4858936,139241786.587,27988.3785784,2.43956561122
1,2026-07-23,17,89479.8321898,182475476.119,27988.3785784,3.19703522443
1,2026-07-24,17,58435.9137748,119167871.995,27988.3785784,2.08786348988
1,2026-07-25,17,76806.5630218,156630983.916,27988.3785784,2.7442305315
1,2026-07-26,17,60175.8595805,122716128.977,27988.3785784,2.15003021386
1,2026-07-27,17,70212.0070923,143182760.963,27988.3785784,2.50861288358
1,2026-07-28,17,38349.0937879,78204987.3859,27988.3785784,1.37017918636
1,2026-07-29,17,14806.8898276,30195567.0347,27988.3785784,0.529037071089
1,2026-07-30,17,30908.6040588,63031658.6855,27988.3785784,1.10433707234
1,2026-07-31,17,24888.3826527,50754671.3404,27988.3785784,0.889239888727
1,2026-08-01,17,17149.0273023,34971868.4691,27988.3785784,0.612719570529
1,2026-08-02,17,15646.8885823,31908569.4952,27988.3785784,0.559049483289
1,2026-08-03,17,21335.4776588,43509261.7939,27988.3785784,0.762297737221
1,2026-08-04,17,31469.5957569,64175684.3805,27988.3785784,1.1243808093
1,2026-08-05,17,39254.81518,80052017.4731,27988.3785784,1.40253981023
1,2026-08-06,17,31115.7256836,63454040.0889,27988.3785784,1.11173734472
1,2026-08-07,17,41260.4697342,84142132.0916,27988.3785784,1.47420007267
1,2026-08-08,17,23700.7628081,48332768.0883,27988.3785784,0.846807282593
1,2026-08-09,17,28126.5778898,57358295.9026,27988.3785784,1.00493773911
1,2026-08-11,17,8120.48427713,16560035.9157,27988.3785784,0.290137717496
1,2026-08-12,17,25714.9440462,52440271.1023,27988.3785784,0.918772195905
1,2026-08-13,17,28631.0795794,58387121.994,27988.3785784,1.02296313805
1,2026-08-14,17,8980.21129293,18313270.0546,27988.3785784,0.320855003007
1,2026-08-15,17,11013.3213857,22459374.5242,27988.3785784,0.393496227546
1,2026-08-16,17,4023.54333024,8205178.38383,27988.3785784,0.143757642801
1,2026-08-17,17,17776.7002273,36251876.6344,27988.3785784,0.635145768718
1,2026-08-18,17,25195.3520417,51380671.4574,27988.3785784,0.900207633365
1,2026-08-19,17,20439.46242,41682025.3843,27988.3785784,0.730283905615
1,2026-08-20,17,27365.3409541,55805911.7632,27988.3785784,0.977739417005
1,2026-08-21,17,19503.8754674,39774090.7084,27988.3785784,0.696856211689
1,2026-08-23,17,24169.2170973,49288083.0164,27988.3785784,0.863544739816
1,2026-08-24,17,33827.0912435,68983305.2804,27988.3785784,1.20861203691
1,2026-08-25,17,13962.3738229,28473352.584,27988.3785784,0.498863261545
1,2026-08-26,17,11185.5602985,22810619.9037,27988.3785784,0.399650171488
1,2026-08-27,17,2507.26862535,5113052.01377,27988.3785784,0.0895824893296
1,2026-08-28,17,119969.903544,244653624.548,27988.3785784,4.2864184936
1,2026-08-29,17,17917.7834261,36539586.4259,27988.3785784,0.640186546566
1,2026-08-30,17,15130.1392862,30854766.9618,27988.3785784,0.540586488204
1,2026-08-31,17,2647.54301428,5399112.40615,27988.3785784,0.0945943691187
2,2026-07-01,17,180219.517087,367520159.366,304754.548194,0.591359565115
2,2026-07-02,17,269300.993176,549183271.21,304754.548194,0.883665214424
2,2026-07-03,17,234829.920309,478886699.57,304754.548194,0.770554276222
2,2026-07-06,17,307206.20772,626483059.353,304754.548194,1.00804470201
2,2026-07-08,17,246483.506528,502651760.833,304754.548194,0.808793529051
2,2026-07-10,17,270492.963748,551614046.864,304754.548194,0.887576462275
2,2026-07-11,17,336841.06796,686917182.883,304754.548194,1.10528643447
2,2026-07-12,17,270796.55769,552233163.459,304754.548194,0.888572653943
2,2026-07-13,17,422452.59624,861504059.074,304754.548194,1.38620604268
2,2026-07-14,17,323337.037891,659378526.896,304754.548194,1.06097526618
2,2026-07-15,17,348654.265504,711007738.191,304754.548194,1.1440494246
2,2026-07-16,17,223484.627058,455750337.587,304754.548194,0.733326634113
2,2026-07-21,17,303030.868047,617968323.951,304754.548194,0.994344037991
2,2026-07-22,17,327609.195273,668090701.843,304754.548194,1.07499362098
2,2026-07-23,17,232317.787694,473763728.463,304754.548194,0.762311142102
2,2026-07-24,17,306676.221275,625402262.41,304754.548194,1.00630564201
2,2026-07-25,17,393777.365629,803026900.249,304754.548194,1.29211317095
2,2026-07-26,17,311701.431607,635650131.964,304754.548194,1.02279501144
2,2026-07-27,17,271889.524124,554462040.801,304754.548194,0.892159036627
2,2026-07-28,17,321806.341532,656256990.567,304754.548194,1.05595254752
2,2026-07-29,17,357833.308824,729726484.741,304754.548194,1.17416888754
2,2026-07-30,17,294316.878066,600197956.8,304754.548194,0.965750568155
2,2026-07-31,17,334633.902637,682416129.032,304754.548194,1.09804399843
2,2026-08-01,17,456944.855146,931843835.225,304754.548194,1.49938649925
2,2026-08-02,17,306478.228341,624998497.07,304754.548194,1.00565596201
2,2026-08-03,17,454286.080854,926421818.968,304754.548194,1.49066218551
2,2026-08-04,17,331215.016822,675444023.681,304754.548194,1.08682550855
2,2026-08-05,17,272328.03251,555356287.297,304754.548194,0.893597926999
2,2026-08-06,17,244089.800082,497770295.225,304754.548194,0.800938990175
2,2026-08-07,17,222974.059683,454709141.793,304754.548194,0.731651294473
2,2026-08-08,17,225703.523242,460275314.084,304754.548194,0.74060756297
2,2026-08-09,17,260516.098528,531268308.761,304754.548194,0.854839083033
3,2026-07-01,17,101541.422411,207072576.544,155937.004083,0.651169509177
3,2026-07-02,17,131468.808005,268103244.591,155937.004083,0.843089225539
3,2026-07-03,17,74483.9411997,151894480.589,155937.004083,0.477654047786
3,2026-07-05,17,96413.3166427,196614873.185,155937.004083,0.61828375638
3,2026-07-06,17,98326.3429458,200516091.783,155937.004083,0.630551699542
3,2026-07-07,17,101558.033729,207106451.867,155937.004083,0.651276035003
3,2026-07-08,17,104226.068051,212547352.027,155937.004083,0.668385728356
3,2026-07-09,17,72803.6583323,148467893.74,155937.004083,0.466878652444
3,2026-07-10,17,149006.224013,303867150.912,155937.004083,0.955553974441
3,2026-07-11,17,239527.8636,488467176.173,155937.004083,1.53605531291
3,2026-07-12,17,192403.75501,392367374.228,155937.004083,1.23385565949
3,2026-07-13,17,188538.031427,384484036.338,155937.004083,1.20906536929
3,2026-07-14,17,180301.305665,367686950.131,155937.004083,1.15624451506
3,2026-07-15,17,126213.238003,257385604.482,155937.004083,0.809386064234
3,2026-07-16,17,139742.194665,284975093.062,155937.004083,0.896145180467
3,2026-07-17,17,169251.688124,345153557.161,155937.004083,1.0853850189
3,2026-07-18,17,139308.566679,284090799.123,155937.004083,0.893364390949
3,2026-07-19,17,80311.8127753,163779210.528,155937.004083,0.515027290974
3,2026-07-20,17,174131.489736,355104895.922,155937.004083,1.11667843537
3,2026-07-21,17,191030.330455,389566560.978,155937.004083,1.22504809926
3,2026-07-22,17,226371.69001,461637901.007,155937.004083,1.45168679713
3,2026-07-23,17,203919.600171,415851541.298,155937.004083,1.30770500158
3,2026-07-24,17,251842.806284,513580936.165,155937.004083,1.6150291444
3,2026-07-25,17,233034.311975,475224930.459,155937.004083,1.49441316605
3,2026-07-26,17,245762.593478,501181608.859,155937.004083,1.57603767576
3,2026-07-27,17,209872.382219,427991000.122,155937.004083,1.3458792764
3,2026-07-28,17,207763.457086,423690286.673,155937.004083,1.3323550642
3,2026-07-29,17,172024.496073,350808121.304,155937.004083,1.10316660939
3,2026-07-30,17,164376.484438,335211594.91,155937.004083,1.05412108822
3,2026-07-31,17,151509.474483,308972008.734,155937.004083,0.971606934314
3,2026-08-01,17,123388.866236,251625886.675,155937.004083,0.791273802918
3,2026-08-02,17,176705.28187,360353608.773,155937.004083,1.13318376808
3,2026-08-03,17,142567.529788,290736775.433,155937.004083,0.914263619635
3,2026-08-04,17,155937.004083,318001032.951,155937.004083,1
3,2026-08-05,17,165141.260048,336771195.439,155937.004083,1.05902547647
3,2026-08-06,17,163921.172697,334283081.472,155937.004083,1.05120124413
3,2026-08-07,17,169374.03754,345403063.305,155937.004083,1.08616962687
3,2026-08-08,17,199125.814572,406075614.276,155937.004083,1.27696319257
3,2026-08-09,17,197060.150064,401863121.858,155937.004083,1.26371640409
3,2026-08-11,17,128235.640705,261509873.459,155937.004083,0.822355421404
3,2026-08-12,17,96472.6911302,196735955.083,155937.004083,0.618664515827
3,2026-08-13,17,129960.10552,265026560.186,155937.004083,0.833414148775
3,2026-08-14,17,101367.606404,206718115.01,155937.004083,0.650054853884
3,2026-08-15,17,132083.050135,269355863.448,155937.004083,0.847028265754
3,2026-08-16,17,93985.9407603,191664745.776,155937.004083,0.602717368551
4,2026-07-01,17,151925.587786,309820585.125,202043.856756,0.751943613754
4,2026-07-02,17,179785.264523,366634591.732,202043.856756,0.889832868021
4,2026-07-03,17,153270.598892,312563455.066,202043.856756,0.758600639254
4,2026-07-08,17,203096.561088,414173124.556,202043.856756,1.00521027637
4,2026-07-10,17,223869.536931,456535281.083,202043.856756,1.10802446818
4,2026-07-11,17,208299.915654,424784282.161,202043.856756,1.03096386596
4,2026-07-12,17,192273.195819,392101125.956,202043.856756,0.951640890774
4,2026-07-13,17,249514.746307,508833342.855,202043.856756,1.23495339237
4,2026-07-14,17,204220.078093,416464303.42,202043.856756,1.01077103443
4,2026-07-16,17,147407.711426,300607317.514,202043.856756,0.729582744029
4,2026-07-21,17,173042.236196,352883590.255,202043.856756,0.856458785603
4,2026-07-22,17,230002.919184,469043036.401,202043.856756,1.13838115584
4,2026-07-24,17,147663.333939,301128606.373,202043.856756,0.730847927323
4,2026-07-25,17,85779.5758709,174929574.244,202043.856756,0.424559188526
4,2026-07-26,17,166459.383435,339459233.477,202043.856756,0.823877479411
4,2026-07-27,17,157231.065599,320640001.818,202043.856756,0.778202654235
4,2026-07-28,17,238301.404033,485966067.399,202043.856756,1.1794538466
4,2026-07-29,17,211026.852684,430345302.121,202043.856756,1.04446062391
4,2026-07-30,17,190999.884271,389504472.328,202043.856756,0.945338736538
4,2026-07-31,17,210000.470105,428252208.681,202043.856756,1.03938062496
4,2026-08-01,17,183534.320999,374280011.36,202043.856756,0.908388524876
4,2026-08-02,17,200190.136544,408246077.204,202043.856756,0.990825159244
4,2026-08-03,17,211843.898521,432011496.889,202043.856756,1.0485045273
4,2026-08-04,17,293990.88223,599533156.208,202043.856756,1.45508448982
4,2026-08-05,17,221898.797489,452516368.563,202043.856756,1.09827045005
4,2026-08-06,17,194896.873869,397451570.74,202043.856756,0.964626576615
4,2026-08-07,17,196295.114159,400302990.512,202043.856756,0.971547055727
4,2026-08-08,17,267633.374535,545782510.41,202043.856756,1.32463010176
4,2026-08-09,17,271780.991339,554240710.796,202043.856756,1.34515840126
4,2026-08-11,17,210162.475181,428582584.283,202043.856756,1.0401824562
4,2026-08-12,17,151131.741262,308201700.523,202043.856756,0.748014533518
4,2026-08-13,17,202043.856756,412026353.384,202043.856756,1
4,2026-08-15,17,228490.98744,465959766.595,202043.856756,1.13089796992
5,2026-08-11,17,58870.0780081,120053259.498,70472.8817293,0.835357893186
5,2026-08-12,17,84874.3470643,173083548.682,70472.8817293,1.20435471038
5,2026-08-13,17,91728.0502831,187060248.542,70472.8817293,1.30160776787
5,2026-08-14,17,70472.8817293,143714760.436,70472.8817293,1
5,2026-08-15,17,67108.5768847,136853961.603,70472.8817293,0.952261000799
6,2026-07-01,17,268612.761741,547779766.579,223766.663045,1.20041456617
6,2026-07-02,17,230691.912816,470448095.373,223766.663045,1.03094853218
6,2026-07-08,17,223766.663045,456325491.225,223766.663045,1
6,2026-07-10,17,240822.687767,491107700.308,223766.663045,1.07622236704
6,2026-07-11,17,230181.225708,469406655.41,223766.663045,1.02866630166
6,2026-07-12,17,189616.477693,386683302.822,223766.663045,0.847384838802
6,2026-07-13,17,255631.614436,521307421.057,223766.663045,1.14240258561
6,2026-07-14,17,172335.068492,351441469.049,223766.663045,0.770155241835
6,2026-07-15,17,164224.772841,334902210.715,223766.663045,0.733910809621
6,2026-07-16,17,193987.736731,395597574.951,223766.663045,0.866919737246
6,2026-07-20,17,185508.217398,378305361.839,223766.663045,0.829025266205
6,2026-07-21,17,223710.853325,456211678.928,223766.663045,0.999750589658
6,2026-07-22,17,232263.278818,473652568.965,223766.663045,1.03797087402
6,2026-07-23,17,202213.180748,412371654.389,223766.663045,0.903678760708
6,2026-07-25,17,234614.341432,478447071.363,223766.663045,1.04847763398
6,2026-07-26,17,250319.640024,510474755.905,223766.663045,1.11866368573
6,2026-07-27,17,257815.640956,525761288.138,223766.663045,1.15216287113
6,2026-07-28,17,185569.616683,378430572.888,223766.663045,0.829299655982
6,2026-07-29,17,192352.245691,392262331.703,223766.663045,0.859610824392
6,2026-07-30,17,253103.687553,516152240.83,223766.663045,1.13110542969
6,2026-07-31,17,194959.09329,397578454.288,223766.663045,0.871260672334
6,2026-08-01,17,290030.367372,591456511.263,223766.663045,1.29612858067
6,2026-08-02,17,245416.475945,500475774.258,223766.663045,1.09675173507
6,2026-08-03,17,180600.101904,368296282.812,223766.663045,0.807091187968
6,2026-08-04,17,165454.364705,337409707.157,223766.663045,0.739405783033
6,2026-08-05,17,179172.413001,365384808.729,223766.663045,0.800710930587
6,2026-08-06,17,303819.139221,619575838.788,223766.663045,1.3577497876
6,2026-08-07,17,225829.03097,460531260.949,223766.663045,1.00921660044
6,2026-08-08,17,223134.467014,455036259.127,223766.663045,0.997174753279
6,2026-08-11,17,346835.484338,707298712.915,223766.663045,1.5499872931
6,2026-08-12,17,214913.462974,438271234.096,223766.663045,0.960435571811
6,2026-08-13,17,221812.893197,452341184.657,223766.663045,0.991268717956
6,2026-08-15,17,237745.410433,484832234.283,223766.663045,1.0624701964
7,2026-07-06,17,210461.827495,429193050.962,179824.358016,1.17037441321
7,2026-07-07,17,167728.026448,342046366.602,179824.358016,0.932732519099
7,2026-07-08,17,179824.358016,366714314.767,179824.358016,1
7,2026-07-09,17,126035.581543,257023311.143,179824.358016,0.700881587638
7,2026-07-10,17,203259.948596,414506319.34,179824.358016,1.13032489502
7,2026-07-11,17,183673.624559,374564091.95,179824.358016,1.02140570157
7,2026-07-12,17,193656.062728,394921194.921,179824.358016,1.07691785954
7,2026-08-11,17,195032.5291,397728211.323,179824.358016,1.08457236412
7,2026-08-12,17,137295.816312,279986214.072,179824.358016,0.763499549371
7,2026-08-13,17,151713.876413,309388843.886,179824.358016,0.843678120619
7,2026-08-14,17,143182.383288,291990641.053,179824.358016,0.796234641778
7,2026-08-15,17,229617.148652,468256337.771,179824.358016,1.27689680745
7,2026-08-17,17,176953.402383,360859598.868,179824.358016,0.984034667689
8,2026-07-01,17,255136.120493,520296964.386,201351.754529,1.26711645046
8,2026-07-02,17,237924.820662,485198104.069,201351.754529,1.18163768286
8,2026-07-03,17,213453.439797,435293821,201351.754529,1.06010220917
8,2026-07-08,17,212705.978189,433769528.771,201351.754529,1.05638999117
8,2026-07-11,17,202111.733453,412164773.765,201351.754529,1.00377438441
8,2026-07-12,17,181517.015572,370166137.214,201351.754529,0.901492097729
8,2026-07-13,17,223386.530168,455550289.417,201351.754529,1.10943423707
8,2026-07-14,17,277872.73778,566663558.549,201351.754529,1.38003633706
8,2026-07-15,17,113669.507933,231805280.281,201351.754529,0.564531996249
8,2026-07-16,17,151169.103803,308277893.643,201351.754529,0.750771226984
8,2026-07-18,17,185216.050102,377709547.506,201351.754529,0.919863104918
8,2026-07-20,17,185925.183704,379155677.752,201351.754529,0.923384969449
8,2026-07-21,17,191112.939979,389735025.891,201351.754529,0.949149613451
8,2026-07-22,17,200591.775606,409065136.395,201351.754529,0.996225615589
8,2026-08-11,17,172529.584959,351838144.86,201351.754529,0.856856625672
8,2026-08-12,17,238744.649043,486869973.255,201351.754529,1.1857093056
8,2026-08-13,17,230568.189478,470195787.401,201351.754529,1.14510146692
8,2026-08-14,17,207396.505592,422941965.55,201351.754529,1.03002085121
8,2026-08-15,17,192838.438588,393253820.825,201351.754529,0.957719186698
8,2026-08-16,17,101006.988947,205982710.836,201351.754529,0.501644443992
9,2026-07-01,17,224872.653207,458580927.746,338529.432716,0.6642632264
9,2026-07-03,17,299937.152684,611659335.993,338529.432716,0.886000222427
9,2026-07-05,17,328419.058381,669742248.93,338529.432716,0.970134430398
9,2026-07-06,17,356435.337789,726875614.058,338529.432716,1.05289320024
9,2026-07-07,17,358007.213948,730081128.01,338529.432716,1.05753644838
9,2026-07-08,17,339628.795702,692602172.836,338529.432716,1.00324746648
9,2026-07-09,17,232882.813351,474915980.576,338529.432716,0.687924862198
9,2026-07-10,17,362425.544446,739091392.575,338529.432716,1.07058798858
9,2026-07-11,17,408289.733495,832621851.103,338529.432716,1.20606864289
9,2026-07-12,17,401657.519731,819096832.841,338529.432716,1.1864773958
9,2026-07-13,17,439502.330722,896273440.522,338529.432716,1.29826918503
9,2026-07-14,17,459023.429096,936082653.761,338529.432716,1.35593359022
9,2026-07-15,17,304081.214041,620110285.783,338529.432716,0.898241584494
9,2026-07-16,17,437260.506349,891701706.761,338529.432716,1.29164694142
9,2026-07-17,17,375346.737462,765441473.816,338529.432716,1.10875658418
9,2026-07-18,17,362830.810693,739917848.656,338529.432716,1.07178512599
9,2026-07-20,17,385850.322695,786861347.653,338529.432716,1.13978368025
9,2026-07-21,17,332044.407812,677135393.815,338529.432716,0.98084354187
9,2026-07-22,17,414995.896822,846297674.091,338529.432716,1.22587833351
9,2026-07-23,17,287081.93152,585443790.599,338529.432716,0.84802650457
9,2026-07-24,17,343429.03201,700351963.07,338529.432716,1.01447318555
9,2026-07-25,17,335270.015774,683713349.251,338529.432716,0.990371835867
9,2026-07-26,17,362857.395541,739972062.914,338529.432716,1.07186365637
9,2026-07-27,17,319421.14409,651392877.299,338529.432716,0.943555015371
9,2026-07-28,17,408162.114921,832361599.608,338529.432716,1.20569166364
9,2026-07-29,17,300955.411876,613735863.476,338529.432716,0.88900811212
9,2026-07-30,17,295237.820349,602076026.723,338529.432716,0.872118616041
9,2026-07-31,17,308322.890398,628760301.031,338529.432716,0.910771296677
9,2026-08-01,17,334604.990355,682357168.456,338529.432716,0.988407382101
9,2026-08-02,17,370216.373167,754979164.663,338529.432716,1.09360172968
9,2026-08-03,17,368305.967928,751083291.179,338529.432716,1.08795848259
9,2026-08-04,17,344422.269803,702377464.624,338529.432716,1.01740716321
9,2026-08-05,17,348049.120841,709773671.722,338529.432716,1.02812071036
9,2026-08-06,17,363562.31783,741409605.065,338529.432716,1.07394596362
9,2026-08-07,17,307930.261728,627959616.656,338529.432716,0.909611490078
9,2026-08-08,17,337430.069729,688118329.281,338529.432716,0.996752533516
9,2026-08-09,17,344308.962114,702146397.198,338529.432716,1.01707245763
9,2026-08-11,17,235184.504218,479609799.581,338529.432716,0.694723948613
9,2026-08-12,17,209335.306425,426895745.932,338529.432716,0.618366635793
9,2026-08-13,17,315139.280179,642660907.908,338529.432716,0.930906591048
9,2026-08-14,17,276532.673202,563930776.021,338529.432716,0.816864492353
9,2026-08-15,17,316136.871752,644695288.09,338529.432716,0.933853429571
9,2026-08-16,17,203192.260893,414368284.371,338529.432716,0.60022036862
9,2026-08-17,17,301901.769623,615665762.944,338529.432716,0.891803608334
10,2026-07-01,17,168475.36216,343570402.092,101115.155072,1.66617320658
10,2026-07-02,17,229323.390933,467657280.102,101115.155072,2.26794282983
10,2026-07-03,17,223213.418921,455197265.093,101115.155072,2.20751695194
10,2026-07-05,17,251386.495257,512650384.891,101115.155072,2.48614062924
10,2026-07-06,17,102655.419274,209344341.063,101115.155072,1.01523277297
10,2026-07-07,17,237465.498463,484261412.137,101115.155072,2.3484659475
10,2026-07-08,17,213233.852657,434846018.775,101115.155072,2.10882189227
10,2026-07-10,17,233716.248761,476615598.464,101115.155072,2.31138693892
10,2026-07-11,17,275870.100552,562579597.139,101115.155072,2.72827649184
10,2026-07-12,17,267491.604288,545493399.528,101115.155072,2.64541555711
10,2026-07-13,17,263413.263668,537176473.489,101115.155072,2.60508193337
10,2026-07-14,17,240773.512724,491007418.051,101115.155072,2.3811812636
10,2026-08-11,17,99574.8908708,203062245.162,101115.155072,0.984767227025
10,2026-08-12,17,83787.3467249,170866837.948,101115.155072,0.828632925153
10,2026-08-13,17,91345.6258174,186280373.516,101115.155072,0.903382146347
10,2026-08-14,17,64735.2066759,132013967.514,101115.155072,0.640212702335
10,2026-08-15,17,85967.3849505,175312571.735,101115.155072,0.850192880474
10,2026-08-16,17,74540.3519062,152009518.473,101115.155072,0.737182787812
10,2026-08-17,17,87719.9034975,178886468.203,101115.155072,0.867524788295
10,2026-08-18,17,84476.5372135,172272298.368,101115.155072,0.835448822218
10,2026-08-19,17,68929.2774628,140566901.119,101115.155072,0.681690864377
10,2026-08-20,17,41819.8409025,85282853.0537,101115.155072,0.413586280638
10,2026-08-21,17,45432.940222,92651016.3869,101115.155072,0.449318800822
10,2026-08-23,17,34690.6600494,70744373.9499,101115.155072,0.34308071846
11,2026-07-01,17,181757.533917,370656624.271,135503.99268,1.34134448972
11,2026-07-02,17,211589.80753,431493331.247,135503.99268,1.5615023834
11,2026-07-03,17,204865.131237,417779754.922,135503.99268,1.5118752384
11,2026-07-05,17,199489.722069,406817727.802,135503.99268,1.47220549095
11,2026-07-06,17,244672.896913,498959399.733,135503.99268,1.80565083045
11,2026-07-07,17,198139.090062,404063395.205,135503.99268,1.46223802076
11,2026-07-08,17,165515.625514,337534635.814,135503.99268,1.22148153896
11,2026-07-10,17,196556.788766,400836621.356,135503.99268,1.4505608645
11,2026-07-11,17,209290.940732,426805271.343,135503.99268,1.54453707667
11,2026-07-12,17,197569.931973,402902715.857,135503.99268,1.45803771583
11,2026-07-13,17,191082.24578,389672431.467,135503.99268,1.41015952372
11,2026-07-14,17,192121.988,391792769.113,135503.99268,1.41783267194
11,2026-07-15,17,143864.189422,293381042.62,135503.99268,1.06169705096
11,2026-07-16,17,207006.274374,422146170.279,135503.99268,1.52767656716
11,2026-07-17,17,108995.344264,222273297.263,135503.99268,0.804369982818
11,2026-07-18,17,163312.857803,333042549.978,135503.99268,1.2052254297
11,2026-07-20,17,121847.328436,248482241.485,135503.99268,0.89921577974
11,2026-07-21,17,167300.708952,341174941.593,135503.99268,1.23465519829
11,2026-07-22,17,170991.082118,348700688.838,135503.99268,1.26188962212
11,2026-07-23,17,159903.602632,326090084.318,135503.99268,1.18006561629
11,2026-07-24,17,148659.426934,303159930.518,135503.99268,1.09708521493
11,2026-07-25,17,136516.693841,278397356.11,135503.99268,1.00747358908
11,2026-07-26,17,165774.15432,338061851.454,135503.99268,1.22338944441
11,2026-07-27,17,135081.490764,275470558.436,135503.99268,0.996881996556
11,2026-07-28,17,133367.804472,271975852.262,135503.99268,0.984235237901
11,2026-07-29,17,135926.494596,277193767.709,135503.99268,1.00311800344
11,2026-07-30,17,125951.535434,256851916.615,135503.99268,0.929504237793
11,2026-07-31,17,108734.159827,221740666.017,135503.99268,0.802442479194
11,2026-08-01,17,157675.90784,321547164.893,135503.99268,1.16362554875
11,2026-08-02,17,134932.164918,275166039.483,135503.99268,0.995779993265
11,2026-08-03,17,117695.25437,240014951.442,135503.99268,0.868574069603
11,2026-08-04,17,161925.963369,330214267.715,135503.99268,1.19499034801
11,2026-08-05,17,130691.310519,266517700.447,135503.99268,0.964483097022
11,2026-08-06,17,134539.328006,274364930.441,135503.99268,0.992880913281
11,2026-08-07,17,104001.713412,212089827.481,135503.99268,0.767517704499
11,2026-08-08,17,91764.7111123,187135010.665,135503.99268,0.677210385445
11,2026-08-09,17,80981.2197246,165144326.541,135503.99268,0.597629768119
11,2026-08-11,17,52085.0335816,106216574.941,135503.99268,0.384380065498
11,2026-08-12,17,23271.2517851,47456869.8382,135503.99268,0.171738495116
11,2026-08-13,17,21472.7694176,43789239.7336,135503.99268,0.158465953607
11,2026-08-14,17,22171.5205904,45214197.1773,135503.99268,0.163622636882
11,2026-08-15,17,9652.93021923,19685140.155,135503.99268,0.0712372383153
11,2026-08-16,17,5739.47966277,11704473.0473,135503.99268,0.0423565353998
11,2026-08-17,17,6766.22533473,13798306.9399,135503.99268,0.0499337709606
11,2026-08-18,17,2851.35057551,5814735.46737,135503.99268,0.0210425576332
11,2026-08-19,17,13961.0694249,28470692.5359,135503.99268,0.103030686762
11,2026-08-20,17,1702.50727125,3471908.8907,135503.99268,0.0125642590862
11,2026-08-21,17,1125.87637303,2295990.30523,135503.99268,0.00830880589395
12,2026-07-01,17,106579.263816,217346204.539,99792.8985544,1.0680044909
12,2026-07-02,17,101951.098976,207908026.55,99792.8985544,1.02162679362
12,2026-07-03,17,123771.894146,252406992.299,99792.8985544,1.240287595
12,2026-07-05,17,94646.7677094,193012364.667,99792.8985544,0.948431893256
12,2026-07-06,17,134065.591583,273398843.702,99792.8985544,1.34343819576
12,2026-07-07,17,120036.15581,244788732.242,99792.8985544,1.20285268339
12,2026-07-08,17,106719.1931,217631561.162,99792.8985544,1.06940668771
12,2026-07-09,17,108459.496981,221180548.364,99792.8985544,1.08684584326
12,2026-07-10,17,125718.768357,256377236.655,99792.8985544,1.25979674084
12,2026-07-11,17,143159.990544,291944975.716,99792.8985544,1.43457092256
12,2026-07-12,17,130063.058011,265236510.343,99792.8985544,1.30332979496
12,2026-07-13,17,141021.880779,287584746.29,99792.8985544,1.41314545245
12,2026-07-14,17,130477.853759,266082399.855,99792.8985544,1.30748636074
12,2026-07-15,17,94999.6109091,193731914.864,99792.8985544,0.951967647852
12,2026-07-16,17,74122.0475504,151156473.886,99792.8985544,0.742758739591
12,2026-07-17,17,86534.8109504,176469718.848,99792.8985544,0.867143977216
12,2026-07-18,17,103830.142955,211739945.277,99792.8985544,1.04045622944
12,2026-07-19,17,37999.9006947,77492880.8208,99792.8985544,0.38078762362
12,2026-07-20,17,112324.630862,229062683.679,99792.8985544,1.12557739568
12,2026-07-21,17,207202.656385,422546650.476,99792.8985544,2.07632666639
12,2026-07-22,17,217897.820145,444357208.807,99792.8985544,2.18350026206
12,2026-07-23,17,153574.91054,313184035.273,99792.8985544,1.53893626465
12,2026-07-24,17,129088.18935,263248468.806,99792.8985544,1.29356087678
12,2026-07-25,17,116739.065886,238065004.237,99792.8985544,1.16981335924
12,2026-07-26,17,127544.176191,260099775.638,99792.8985544,1.27808870209
12,2026-07-27,17,105883.000068,215926319.68,99792.8985544,1.06102740377
12,2026-07-28,17,87633.926723,178711136.484,99792.8985544,0.878157945029
12,2026-07-29,17,93533.6693882,190742432.536,99792.8985544,0.937277809776
12,2026-07-30,17,85862.1792463,175098026.619,99792.8985544,0.860403700966
12,2026-07-31,17,73361.7349535,149605974.743,99792.8985544,0.73513983476
12,2026-08-01,17,70859.5500147,144503289.849,99792.8985544,0.710066057217
12,2026-08-02,17,92085.6352356,187789468.556,99792.8985544,0.922767417017
12,2026-08-03,17,94395.0115941,192498960.519,99792.8985544,0.945909107377
12,2026-08-04,17,88242.9572705,179953127.404,99792.8985544,0.884260889791
12,2026-08-05,17,109256.429369,222805725.943,99792.8985544,1.09483170598
12,2026-08-06,17,100400.735257,204746382.736,99792.8985544,1.00609098153
12,2026-08-07,17,93593.4577962,190864358.538,99792.8985544,0.937876934652
12,2026-08-08,17,109069.717226,222424965.425,99792.8985544,1.09296070969
12,2026-08-09,17,99792.8985544,203506826.414,99792.8985544,1
12,2026-08-11,17,84258.9360215,171828546.071,99792.8985544,0.844337996412
12,2026-08-12,17,103780.300928,211638302.846,99792.8985544,1.03995677479
12,2026-08-13,17,103939.410488,211962773.647,99792.8985544,1.04155117242
12,2026-08-14,17,70849.65159,144483104.074,99792.8985544,0.709966867547
12,2026-08-15,17,86900.3410688,177215141.372,99792.8985544,0.870806864292
12,2026-08-16,17,63020.5342144,128517250.252,99792.8985544,0.631513215142
12,2026-08-17,17,95353.3746925,194453342.399,99792.8985544,0.95551262739
12,2026-08-18,17,94149.0078871,191997287.209,99792.8985544,0.943443964961
12,2026-08-19,17,88760.8677375,181009297.903,99792.8985544,0.889450742721
12,2026-08-20,17,90445.0905866,184443919.524,99792.8985544,0.906327924099
12,2026-08-21,17,105279.777662,214696173.254,99792.8985544,1.05498266096
12,2026-08-23,17,67447.6449119,137545420.205,99792.8985544,0.675876198497
12,2026-08-24,17,82498.1577085,168237805.53,99792.8985544,0.82669367163
12,2026-08-29,17,92131.674568,187883356.183,99792.8985544,0.923228765801
12,2026-08-30,17,69502.5819489,141736036.18,99792.8985544,0.696468215232
12,2026-08-31,17,53258.9163558,108610464.3,99792.8985544,0.533694452484
13,2026-07-01,17,224621.736844,458069236.098,164033.851698,1.36936208301
13,2026-07-02,17,165257.048862,337007322.602,164033.851698,1.00745698008
13,2026-07-03,17,159340.036443,324940808.486,164033.851698,0.971385081764
13,2026-07-05,17,136744.790828,278862512.397,164033.851698,0.833637626705
13,2026-07-06,17,183713.794883,374646010.957,164033.851698,1.11997488922
13,2026-08-11,17,55025.6226321,112213293.687,164033.851698,0.335452847462
13,2026-08-12,17,64375.7713567,131280974.063,164033.851698,0.392454183636
13,2026-08-13,17,121013.65194,246782131.954,164033.851698,0.737735843471
13,2026-08-14,17,148604.91983,303048774.635,164033.851698,0.90594056222
13,2026-08-15,17,154125.15115,314306136.363,164033.851698,0.93959356288
13,2026-08-16,17,106390.025709,216960292.845,164033.851698,0.648585792554
13,2026-08-17,17,311172.653441,634571799.057,164033.851698,1.89700266269
13,2026-08-18,17,360537.617154,735241358.182,164033.851698,2.19794642034
13,2026-08-19,17,274964.874089,560733576.356,164033.851698,1.67626908253
13,2026-08-20,17,179766.430492,366596183.648,164033.851698,1.09591056133
13,2026-08-21,17,209946.303598,428141747.374,164033.851698,1.27989620084
13,2026-08-29,17,258591.29532,527343073.619,164033.851698,1.57645079137
13,2026-08-30,17,162810.654533,332018411.034,164033.851698,0.992543019922
14,2026-07-01,17,94678.0638121,193076186.548,250613.970579,0.377784461071
14,2026-07-02,17,94598.2324453,192913387.107,250613.970579,0.377465917908
14,2026-07-03,17,112440.591628,229299161.501,250613.970579,0.4486605091
14,2026-07-05,17,137410.877436,280220857.265,250613.970579,0.548296956945
14,2026-07-06,17,154482.205347,315034274.013,250613.970579,0.616414978743
14,2026-07-07,17,168837.075118,344308040.312,250613.970579,0.67369378781
14,2026-07-08,17,183239.073645,373677915.891,250613.970579,0.731160650068
14,2026-07-10,17,190261.338226,387998361.532,250613.970579,0.75918089397
14,2026-07-11,17,166441.360555,339422479.568,250613.970579,0.664134406276
14,2026-07-12,17,178967.197242,364966313.942,250613.970579,0.714115006551
14,2026-07-13,17,228155.66899,465275954.473,250613.970579,0.910386872937
14,2026-07-14,17,190123.175685,387716607.815,250613.970579,0.758629597726
14,2026-07-15,17,203276.826396,414540738.095,250613.970579,0.811115301857
14,2026-07-16,17,195259.668021,398191413.832,250613.970579,0.779125232205
14,2026-07-17,17,314673.372974,641710787.227,250613.970579,1.25560986184
14,2026-07-20,17,235738.174335,480738894.436,250613.970579,0.940642589836
14,2026-07-21,17,348078.443381,709833468.934,250613.970579,1.38890279172
14,2026-07-22,17,328462.739147,669831326.754,250613.970579,1.31063219815
14,2026-07-23,17,332525.818092,678117129.787,250613.970579,1.32684469794
14,2026-07-24,17,245731.400668,501117997.62,250613.970579,0.980517566917
14,2026-07-25,17,324461.415745,661671461.284,250613.970579,1.29466611536
14,2026-07-26,17,265172.497383,540764064.143,250613.970579,1.05809144147
14,2026-07-27,17,233743.330514,476670826.056,250613.970579,0.932682762952
14,2026-07-28,17,251548.24042,512980230.454,250613.970579,1.00372792402
14,2026-07-29,17,233210.115909,475583445.956,250613.970579,0.93055512975
14,2026-07-30,17,250613.970579,511074981.752,250613.970579,1
14,2026-07-31,17,218900.260923,446401477.932,250613.970579,0.8734559387
14,2026-08-02,17,250777.664886,511408802.188,250613.970579,1.00065317311
14,2026-08-03,17,267881.336744,546288177.678,250613.970579,1.06890025374
14,2026-08-04,17,270619.55605,551872205.49,250613.970579,1.07982629789
14,2026-08-05,17,330319.300406,673617396.658,250613.970579,1.31804024988
14,2026-08-06,17,252840.001007,515614507.054,250613.970579,1.00888230781
14,2026-08-07,17,241579.924014,492651925.876,250613.970579,0.963952342544
14,2026-08-11,17,200870.652564,409633847.852,250613.970579,0.801514185742
14,2026-08-12,17,184015.632866,375261546.641,250613.970579,0.734259277091
14,2026-08-13,17,343940.105137,701394190.237,250613.970579,1.37238999223
14,2026-08-14,17,376509.573195,767812835.037,250613.970579,1.50234870117
14,2026-08-15,17,286231.561409,583709637.918,250613.970579,1.14212133006
14,2026-08-16,17,210141.32647,428539455.892,250613.970579,0.838506033739
14,2026-08-17,17,381837.825024,778678694.59,250613.970579,1.52360949448
14,2026-08-18,17,444479.238279,906422806.629,250613.970579,1.77356129529
14,2026-08-19,17,536697.564268,1094482870.33,250613.970579,2.14153090918
14,2026-08-20,17,485232.504975,989530603.792,250613.970579,1.93617500195
14,2026-08-21,17,538189.954681,1097526289.67,250613.970579,2.14748584621
14,2026-08-23,17,359298.769532,732714986.551,250613.970579,1.43367414315
14,2026-08-24,17,352602.448448,719059234.767,250613.970579,1.40695447917
14,2026-08-25,17,210034.353401,428321306.604,250613.970579,0.838079189741
14,2026-08-26,17,325755.942493,664311378.892,250613.970579,1.29983153669
14,2026-08-27,17,321365.701693,655358397.416,250613.970579,1.28231359549
14,2026-08-28,17,193531.220656,394666605.523,250613.970579,0.772228380599
14,2026-08-30,17,392312.456759,800039523.798,250613.970579,1.56540537565
15,2026-07-01,17,99265.5445806,202431397.85,99265.5445806,1
15,2026-07-02,17,130767.425061,266672920.198,99265.5445806,1.31734959611
15,2026-07-03,17,140474.937665,286469369.757,99265.5445806,1.4151429709
15,2026-07-05,17,132040.796035,269269695.014,99265.5445806,1.33017752124
15,2026-07-06,17,147999.286706,301813712.052,99265.5445806,1.49094318004
15,2026-07-07,17,135676.237361,276683420.215,99265.5445806,1.36680091702
15,2026-07-08,17,141558.16376,288678383.705,99265.5445806,1.42605537861
15,2026-07-09,17,90712.0588998,184988345.781,99265.5445806,0.9138322797
15,2026-07-10,17,157287.881471,320755865.952,99265.5445806,1.58451638115
15,2026-07-11,17,154296.602487,314655775.647,99265.5445806,1.55438226969
15,2026-07-12,17,141077.745547,287698670.846,99265.5445806,1.42121565084
15,2026-07-13,17,135718.835029,276770289.285,99265.5445806,1.36723004546
15,2026-07-14,17,146052.675566,297844004.177,99265.5445806,1.47133304092
15,2026-07-15,17,143384.671715,292403166.157,99265.5445806,1.44445559958
15,2026-07-16,17,96043.573671,195860859.424,99265.5445806,0.967541900634
15,2026-07-17,17,134389.096326,274058564.229,99265.5445806,1.35383427245
15,2026-07-18,17,107990.174508,220223462.955,99265.5445806,1.08789182554
15,2026-07-19,17,102865.522603,209772803.031,99265.5445806,1.03626613884
15,2026-07-20,17,126061.840891,257076861.614,99265.5445806,1.26994559314
15,2026-07-21,17,151799.744107,309563953.16,99265.5445806,1.52922894594
15,2026-07-22,17,182114.925388,371385449.718,99265.5445806,1.83462374741
15,2026-07-23,17,194739.749052,397131147.411,99265.5445806,1.96180608161
15,2026-07-24,17,127254.032321,259508087.661,99265.5445806,1.28195571644
15,2026-07-25,17,121298.591908,247363207.656,99265.5445806,1.22196067548
15,2026-07-26,17,92575.0916882,188787613.021,99265.5445806,0.932600451438
15,2026-07-27,17,90052.953307,183644237.238,99265.5445806,0.907192457236
15,2026-07-28,17,97986.4970548,199823046.89,99265.5445806,0.987114889348
15,2026-07-29,17,87955.7267716,179367380.641,99265.5445806,0.886065020277
15,2026-07-30,17,93503.9479778,190681821.911,99265.5445806,0.941957739443
15,2026-07-31,17,94768.9208801,193261470.61,99265.5445806,0.954701062493
15,2026-08-01,17,101818.178353,207636962.63,99265.5445806,1.02571520443
15,2026-08-02,17,81635.5123909,166478620.123,99265.5445806,0.822395250394
15,2026-08-03,17,91160.871743,185903606.071,99265.5445806,0.918353615326
15,2026-08-04,17,115889.389386,236332266.031,99265.5445806,1.16746842901
15,2026-08-05,17,102615.393697,209262717.238,99265.5445806,1.03374634301
15,2026-08-06,17,96058.3667138,195891026.753,99265.5445806,0.967690925584
15,2026-08-07,17,100110.813305,204155147.316,99265.5445806,1.0085152278
15,2026-08-08,17,126842.028822,258667892.361,99265.5445806,1.27780519775
15,2026-08-09,17,104023.142788,212133528.228,99265.5445806,1.04792799181
15,2026-08-11,17,101994.175746,207995872.647,99265.5445806,1.02748820023
15,2026-08-12,17,107960.898225,220163760.077,99265.5445806,1.0875968966
15,2026-08-13,17,87944.9160651,179345334.457,99265.5445806,0.885956113338
15,2026-08-14,17,90058.7101693,183655977.159,99265.5445806,0.907250451804
15,2026-08-15,17,80498.6938599,164160315.566,99265.5445806,0.810942953066
15,2026-08-16,17,43949.3274174,89625497.1579,99265.5445806,0.442745039108
15,2026-08-17,17,93835.1770975,191357294.695,99265.5445806,0.945294537938
15,2026-08-18,17,82579.4759969,168403637.238,99265.5445806,0.831904729338
15,2026-08-19,17,97790.3762789,199423099.426,99265.5445806,0.985139170818
15,2026-08-20,17,81851.2984968,166918670.93,99265.5445806,0.824569077242
15,2026-08-21,17,71213.5636834,145225226.973,99265.5445806,0.717404654195
15,2026-08-23,17,95216.8181403,194174863.76,99265.5445806,0.959213174547
15,2026-08-24,17,76452.5063494,155908959.094,99265.5445806,0.770181704763
15,2026-08-25,17,34662.5948218,70687140.7652,99265.5445806,0.349190597485
15,2026-08-26,17,24362.2258947,49681684.2486,99265.5445806,0.245424794652
15,2026-08-27,17,27685.8076532,56459436.8321,99265.5445806,0.278906520587
15,2026-08-28,17,8984.54583702,18322109.4542,99265.5445806,0.0905102155534
15,2026-08-29,17,63118.3152006,128716654.203,99265.5445806,0.635853210369
15,2026-08-30,17,33512.4899977,68341741.5815,99265.5445806,0.337604454187
15,2026-08-31,17,12482.8065927,25456083.4612,99265.5445806,0.125751655778
16,2026-07-01,17,166685.593833,339920542.458,103723.792778,1.60701406465
16,2026-07-02,17,166640.981384,339829564.661,103723.792778,1.60658395649
16,2026-07-03,17,169868.793942,346412015.913,103723.792778,1.63770326356
16,2026-07-05,17,159890.489909,326063343.651,103723.792778,1.54150253887
16,2026-07-06,17,158260.452307,322739221.553,103723.792778,1.52578736342
16,2026-07-07,17,126516.69824,258004448.416,103723.792778,1.21974616288
16,2026-07-08,17,142744.299627,291097260.694,103723.792778,1.37619629792
16,2026-07-10,17,127550.578876,260112832.581,103723.792778,1.22971379526
16,2026-07-11,17,105318.454017,214775045.624,103723.792778,1.01537411231
16,2026-07-12,17,93507.1613072,190688374.827,103723.792778,0.901501562975
16,2026-07-13,17,110411.376522,225161000.047,103723.792778,1.06447492485
16,2026-07-14,17,103723.792778,211523066.247,103723.792778,1
16,2026-07-15,17,80964.4762827,165110181.779,103723.792778,0.780577667999
16,2026-07-16,17,92169.1683472,187959816.934,103723.792778,0.888601986859
16,2026-07-17,17,92885.289533,189420196.9,103723.792778,0.895506103712
16,2026-07-18,17,93536.9506153,190749123.915,103723.792778,0.901788761383
16,2026-07-19,17,57595.3054445,117453626.432,103723.792778,0.555275736665
16,2026-07-20,17,129395.767952,263875711.286,103723.792778,1.24750324382
16,2026-07-21,17,137095.506917,279577724.793,103723.792778,1.32173634655
16,2026-07-22,17,145657.40488,297037931.96,103723.792778,1.40428151516
16,2026-07-23,17,130415.030446,265954284.796,103723.792778,1.25732994285
16,2026-07-24,17,76946.9041642,156917180.438,103723.792778,0.741844297276
16,2026-07-25,17,79163.1107818,161436672.125,103723.792778,0.763210722068
16,2026-07-26,17,62778.8930944,128024473.53,103723.792778,0.605250650916
16,2026-07-27,17,57680.5957781,117627558.299,103723.792778,0.556098019878
16,2026-08-11,17,32815.6759908,66920734.584,103723.792778,0.316375588588
16,2026-08-12,17,65985.2672461,134563205.618,103723.792778,0.636163270536
16,2026-08-13,17,50078.752724,102125183.107,103723.792778,0.482808730598
16,2026-08-14,17,68735.569885,140171874.87,103723.792778,0.662678909477
16,2026-08-15,17,51712.1371443,105456130.344,103723.792778,0.498556172689
16,2026-08-16,17,104365.696241,212832094.629,103723.792778,1.00618858456
16,2026-08-17,17,148793.903028,303434166.496,103723.792778,1.43452046095
16,2026-08-18,17,105250.093606,214635638.807,103723.792778,1.0147150503
16,2026-08-19,17,89083.4107394,181667057.159,103723.792778,0.858852230076
16,2026-08-20,17,118630.818804,241922840.196,103723.792778,1.14371848181
16,2026-08-21,17,111046.980441,226457181.823,103723.792778,1.07060277557
16,2026-08-24,17,94023.3139875,191740960.687,103723.792778,0.906477785561
16,2026-08-25,17,82314.2380906,167862739.786,103723.792778,0.793590707454
16,2026-08-26,17,58670.33685,119645929.019,103723.792778,0.565640103188
16,2026-08-27,17,89326.8407144,182163481.878,103723.792778,0.861199135915
16,2026-08-29,17,138442.285884,282324199.917,103723.792778,1.33472062847
16,2026-08-30,17,108687.106374,221644710.302,103723.792778,1.0478512544
16,2026-08-31,17,86123.8154808,175631579.212,103723.792778,0.83031880318
17,2026-07-01,17,83954.8053122,171208334.85,56461.329757,1.48694346509
17,2026-07-02,17,86018.2055088,175416209.676,56461.329757,1.52348883526
17,2026-07-03,17,302358.222525,616596603.544,56461.329757,5.35513817734
17,2026-07-05,17,85960.2456199,175298012.557,56461.329757,1.52246229393
17,2026-07-08,17,56461.329757,115141119.262,56461.329757,1
17,2026-07-10,17,127480.879988,259970696.22,56461.329757,2.25784409501
17,2026-07-11,17,87458.7265826,178353852.297,56461.329757,1.54900224559
17,2026-07-12,17,73722.9556745,150342609.149,56461.329757,1.30572474987
17,2026-07-13,17,78008.5274278,159082139.912,56461.329757,1.38162752743
17,2026-07-14,17,56908.8525273,116053748.719,56461.329757,1.00792618191
17,2026-07-16,17,39671.8885591,80902551.7395,56461.329757,0.702638225665
17,2026-08-11,17,5001.82983084,10200189.8921,56461.329757,0.0885885942179
17,2026-08-12,17,3802.23069478,7753857.3706,56461.329757,0.0673422094581
17,2026-08-13,17,9900.2360324,20189468.8389,56461.329757,0.175345428013
17,2026-08-15,17,8047.14797626,16410481.8084,56461.329757,0.142524946028
17,2026-08-18,17,5749.49394894,11724895.0976,56461.329757,0.101830650707
17,2026-08-19,17,3153.59924201,6431108.65425,56461.329757,0.0558541439883
17,2026-08-20,17,3664.10506791,7472178.93078,56461.329757,0.064895833727
17,2026-08-21,17,1693.43980199,3453417.67619,56461.329757,0.0299929138984
18,2026-07-01,17,113599.040672,231661576.984,105918.879566,1.0725098409
18,2026-07-02,17,134214.840799,273703206.384,105918.879566,1.26714747501
18,2026-07-03,17,174883.519085,356638503.107,105918.879566,1.65110809141
18,2026-07-05,17,125372.014162,255670103.714,105918.879566,1.18366069086
18,2026-07-06,17,153436.056382,312900871.146,105918.879566,1.44861857499
18,2026-07-07,17,129704.708539,264505731.251,105918.879566,1.22456647078
18,2026-07-08,17,144877.320355,295447112.088,105918.879566,1.36781394354
18,2026-07-09,17,89471.2991162,182458074.693,105918.879566,0.844715309325
18,2026-07-10,17,165217.512053,336926695.518,105918.879566,1.55984950681
18,2026-07-11,17,158087.069318,322385643.068,105918.879566,1.49252966011
18,2026-07-12,17,135948.679352,277239008.897,105918.879566,1.28351696986
18,2026-07-13,17,161214.804879,328764008.133,105918.879566,1.52205919794
18,2026-07-14,17,160951.389927,328226828.217,105918.879566,1.51957224799
18,2026-07-15,17,128416.028617,261877737.026,105918.879566,1.21239980203
18,2026-07-16,17,121438.989826,247649519.961,105918.879566,1.14652827073
18,2026-07-17,17,109524.945865,223353309.395,105918.879566,1.03404554801
18,2026-07-18,17,89981.5617296,183498648.989,105918.879566,0.849532794325
18,2026-07-19,17,85382.3028714,174119418.726,105918.879566,0.80611032916
18,2026-07-20,17,136542.867819,278450732.486,105918.879566,1.28912681458
18,2026-07-21,17,134138.309048,273547135.822,105918.879566,1.26642492441
18,2026-07-22,17,132891.028864,271003567.738,105918.879566,1.25464911835
18,2026-07-23,17,125637.950755,256212425.993,105918.879566,1.18617144809
18,2026-07-24,17,115584.429685,235710364.253,105918.879566,1.0912542708
18,2026-07-25,17,99505.7774066,202921302.651,105918.879566,0.939452700162
18,2026-07-26,17,99445.3126004,202797997.275,105918.879566,0.93888184059
18,2026-07-27,17,116798.238241,238185673.927,105918.879566,1.10271406495
18,2026-07-28,17,116798.181249,238185557.704,105918.879566,1.10271352688
18,2026-07-29,17,100492.038714,204932577.115,105918.879566,0.948764178068
18,2026-07-30,17,121057.204924,246870949.191,105918.879566,1.14292376788
18,2026-07-31,17,88246.0263472,179959386.146,105918.879566,0.833147279395
18,2026-08-01,17,111985.874515,228371860.683,105918.879566,1.05727963677
18,2026-08-02,17,95545.976135,194846112.916,105918.879566,0.90206747396
18,2026-08-03,17,118361.512636,241373646.374,105918.879566,1.1174732316
18,2026-08-04,17,105366.391376,214872803.88,105918.879566,0.994783855414
18,2026-08-05,17,119205.733132,243095258.196,105918.879566,1.12544367558
18,2026-08-06,17,115611.988703,235766565.129,105918.879566,1.09151446065
18,2026-08-07,17,120559.457136,245855896.276,105918.879566,1.1382244377
18,2026-08-08,17,87165.8285166,177756547.712,105918.879566,0.822948929158
18,2026-08-09,17,105918.879566,215999488.442,105918.879566,1
18,2026-08-11,17,71455.1022851,145717794.631,105918.879566,0.674621017308
18,2026-08-12,17,101358.002862,206698530.587,105918.879566,0.956939907951
18,2026-08-13,17,74893.7511364,152730202.578,105918.879566,0.707085945802
18,2026-08-14,17,77612.4190281,158274359.354,105918.879566,0.732753399073
18,2026-08-15,17,82716.595121,168683263.125,105918.879566,0.780942882513
18,2026-08-16,17,44428.7798223,90603240.4519,105918.879566,0.419460439954
18,2026-08-17,17,83326.1506033,169926324.541,105918.879566,0.786697810103
18,2026-08-18,17,92702.1608198,189046744.042,105918.879566,0.875218480402
18,2026-08-19,17,121662.241659,248104795.563,105918.879566,1.14863603313
18,2026-08-20,17,93232.3928243,190128041.75,105918.879566,0.880224500165
18,2026-08-21,17,87913.0605081,179280371.685,105918.879566,0.830003686483
18,2026-08-23,17,63130.4499465,128741400.489,105918.879566,0.596026413846
18,2026-08-24,17,34189.7673067,69722907.5537,105918.879566,0.322792003151
18,2026-08-25,17,9136.84247005,18632686.7088,105918.879566,0.0862626427646
18,2026-08-26,17,1844.29390841,3761053.1983,105918.879566,0.0174123245635
18,2026-08-27,17,813.863088019,1659704.2132,105918.879566,0.00768383399968
18,2026-08-28,17,174.291681162,355431.572964,105918.879566,0.00164552043862
18,2026-08-29,17,1514.83708545,3089194.64472,105918.879566,0.0143018609303
18,2026-08-30,17,491.172381841,1001643.74518,105918.879566,0.00463725054355
18,2026-08-31,17,115.909506762,236373.291228,105918.879566,0.00109432338443
19,2026-07-01,17,6164.98155744,12572195.5152,5403.29421956,1.14096721499
19,2026-07-02,17,6404.616824,13060881.7174,5403.29421956,1.18531706099
19,2026-07-03,17,8144.71342141,16609446.2077,5403.29421956,1.5073607119
19,2026-07-05,17,39983.124797,81537253.2059,5403.29421956,7.39976821035
19,2026-07-06,17,188731.719046,384879021.885,5403.29421956,34.9290102254
19,2026-07-08,17,5259.63302902,10725925.8058,5403.29421956,0.973412295406
19,2026-07-10,17,4998.54545082,10193492.0833,5403.29421956,0.925092221098
19,2026-07-11,17,8092.90604336,16503795.8533,5403.29421956,1.49777260214
19,2026-07-12,17,4562.99990778,9305287.68695,5403.29421956,0.844484812851
19,2026-07-13,17,6081.84344382,12402652.6529,5403.29421956,1.12558065445
19,2026-07-14,17,4823.82489134,9837185.90238,5403.29421956,0.89275628817
19,2026-07-15,17,5736.8856784,11699183.1566,5403.29421956,1.06173853307
19,2026-07-16,17,6877.96995432,14026186.8114,5403.29421956,1.27292160575
19,2026-07-22,17,6152.99378544,12547748.9517,5403.29421956,1.13874861065
19,2026-07-24,17,8524.42987161,17383798.8003,5403.29421956,1.57763570245
19,2026-07-25,17,6478.59511233,13211745.0243,5403.29421956,1.19900839175
19,2026-07-26,17,5931.67129684,12096407.8451,5403.29421956,1.09778795228
19,2026-07-27,17,5403.29421956,11018892.8745,5403.29421956,1
19,2026-07-28,17,2812.12133752,5734735.60926,5403.29421956,0.520445717603
19,2026-07-29,17,6142.71034599,12526778.0193,5403.29421956,1.13684543103
19,2026-07-30,17,5307.32493174,10823183.5056,5403.29421956,0.982238744751
19,2026-07-31,17,3967.83803978,8091579.0492,5403.29421956,0.734336846847
19,2026-08-01,17,8175.25260949,16671724.5194,5403.29421956,1.51301266918
19,2026-08-02,17,3487.32277071,7111668.26529,5403.29421956,0.645406788712
19,2026-08-03,17,4049.11349154,8257323.40068,5403.29421956,0.749378680302
19,2026-08-04,17,1744.41929435,3557379.73013,5403.29421956,0.322843662304
19,2026-08-05,17,6397.07405189,13045499.8051,5403.29421956,1.18392110293
19,2026-08-06,17,4702.09034624,9588933.659,5403.29421956,0.870226597918
19,2026-08-07,17,4355.59663872,8882331.9287,5403.29421956,0.806100216226
19,2026-08-08,17,5477.21855431,11169646.1543,5403.29421956,1.01368134544
19,2026-08-09,17,2273.69085798,4636718.81925,5403.29421956,0.420797159212
19,2026-08-11,17,158.666204048,323566.667696,5403.29421956,0.0293647167081
19,2026-08-12,17,37.5867116855,76650.2679176,5403.29421956,0.00695625856342
19,2026-08-13,17,56.8395922602,115912.506833,5403.29421956,0.0105194331366
19,2026-08-15,17,55.561767869,113306.650201,5403.29421956,0.0102829432586
20,2026-07-01,17,199284.79829,406399828.446,143438.897382,1.38933582123
20,2026-07-02,17,228018.022301,464995252.729,143438.897382,1.58965264278
20,2026-08-11,17,151170.319537,308280372.879,143438.897382,1.05390045724
20,2026-08-12,17,103379.483583,210820919.375,143438.897382,0.720721404513
20,2026-08-13,17,126784.331061,258550229.797,143438.897382,0.883890864856
20,2026-08-14,17,135707.475227,276747123.336,143438.897382,0.946099542762
20,2026-08-16,17,109418.722929,223136689.847,143438.897382,0.762824623769
20,2026-08-17,17,157251.387124,320681443.334,143438.897382,1.09629528666
