device,1,2,3,4,5,6,7,8,9,10,11,12,13,14,15,16,17,18,19,20
1,1,-0.0577616446648,0.564804744675,-0.257338046578,,-0.00662171003817,0.245994509155,0.164804919987,0.218838067282,0.575641959995,0.399587311404,0.780567717305,0.207948822149,-0.0481703240253,0.374867011719,0.212616921209,0.370786128367,0.283199102178,0.0775014349337,
2,-0.0577616446648,1,0.16188071768,0.0731836661821,,-0.0800232711232,,-0.122562025249,0.29952915566,0.372225985079,-0.0482777488173,-0.0285356223865,,0.33019021631,-0.0834376700369,-0.409054676042,-0.179020930319,-0.0426626195789,0.0112985558744,
3,0.564804744675,0.16188071768,1,0.0396517020277,,-0.076444953068,0.407288311246,0.0750789287989,0.519164209939,0.517769278026,0.138207081788,0.469269750945,-0.155382876709,0.42002926833,0.254618022609,-0.185845401768,-0.19583249855,0.158358197204,-0.259203868903,
4,-0.257338046578,0.0731836661821,0.0396517020277,1,,-0.229690027244,,-0.0305174740307,0.253423108558,0.178279767957,-0.16145188895,-0.0450936199673,,0.167636045012,0.0632896825938,0.0369624361167,-0.23568878487,-0.0464221248142,-0.366617529239,
5,,,,,,,,,,,,,,,,,,,,
6,-0.00662171003817,-0.0800232711232,-0.076444953068,-0.229690027244,,1,,0.125860361375,-0.310675211344,-0.36299083171,-0.14729418272,-0.041333807918,,-0.123350198248,-0.200162344394,-0.226244893854,-0.140540817022,-0.235245640309,-0.024515414163,
7,0.245994509155,,0.407288311246,,,,1,,0.541634859481,0.209629774225,0.357284183413,0.228773479653,,-0.309273649557,0.358793216848,0.189659054952,,0.369207270498,,
8,0.164804919987,-0.122562025249,0.0750789287989,-0.0305174740307,,0.125860361375,,1,0.177686837692,0.329985082126,0.220798427954,0.273347572408,,-0.138210568144,0.285152191935,0.257987527999,0.0938362049525,0.381142470362,-0.0554788046286,
9,0.218838067282,0.29952915566,0.519164209939,0.253423108558,,-0.310675211344,0.541634859481,0.177686837692,1,0.720397931187,0.566536989286,0.333566018019,0.378981357815,0.0323757350561,0.394483213808,0.11904673568,0.0778514669322,0.56016831064,0.057890494976,
10,0.575641959995,0.372225985079,0.517769278026,0.178279767957,,-0.36299083171,0.209629774225,0.329985082126,0.720397931187,1,0.876427209219,0.732020773154,-0.129788353854,-0.71332211658,0.827621172485,0.414124078338,0.633721509004,0.803727807054,-0.223369203155,
11,0.399587311404,-0.0482777488173,0.138207081788,-0.16145188895,,-0.14729418272,0.357284183413,0.220798427954,0.566536989286,0.876427209219,1,0.440960752718,-0.120648345931,-0.690337888901,0.652958466175,0.458087133151,0.675806870492,0.755486192101,0.388211844711,
12,0.780567717305,-0.0285356223865,0.469269750945,-0.0450936199673,,-0.041333807918,0.228773479653,0.273347572408,0.333566018019,0.732020773154,0.440960752718,1,0.120991248995,-0.0965250867891,0.71915498934,0.371622120631,0.500922161401,0.562418590574,0.171132993022,
13,0.207948822149,,-0.155382876709,,,,,,0.378981357815,-0.129788353854,-0.120648345931,0.120991248995,1,0.480038169093,-0.108253546424,0.397801818269,-0.0641845779664,0.00468330234323,,
14,-0.0481703240253,0.33019021631,0.42002926833,0.167636045012,,-0.123350198248,-0.309273649557,-0.138210568144,0.0323757350561,-0.71332211658,-0.690337888901,-0.0965250867891,0.480038169093,1,-0.275209008356,-0.257000915909,-0.574818239508,-0.341844015716,-0.250596183343,
15,0.374867011719,-0.0834376700369,0.254618022609,0.0632896825938,,-0.200162344394,0.358793216848,0.285152191935,0.394483213808,0.827621172485,0.652958466175,0.71915498934,-0.108253546424,-0.275209008356,1,0.400816683707,0.632992491994,0.863412183211,0.263861759994,
16,0.212616921209,-0.409054676042,-0.185845401768,0.0369624361167,,-0.226244893854,0.189659054952,0.257987527999,0.11904673568,0.414124078338,0.458087133151,0.371622120631,0.397801818269,-0.257000915909,0.400816683707,1,0.63930721608,0.390486770058,0.359095390007,
17,0.370786128367,-0.179020930319,-0.19583249855,-0.23568878487,,-0.140540817022,,0.0938362049525,0.0778514669322,0.633721509004,0.675806870492,0.500922161401,-0.0641845779664,-0.574818239508,0.632992491994,0.63930721608,1,0.739291882452,0.250174086574,
18,0.283199102178,-0.0426626195789,0.158358197204,-0.0464221248142,,-0.235245640309,0.369207270498,0.381142470362,0.56016831064,0.803727807054,0.755486192101,0.562418590574,0.00468330234323,-0.341844015716,0.863412183211,0.390486770058,0.739291882452,1,0.272373119837,
19,0.0775014349337,0.0112985558744,-0.259203868903,-0.366617529239,,-0.024515414163,,-0.0554788046286,0.057890494976,-0.223369203155,0.388211844711,0.171132993022,,-0.250596183343,0.263861759994,0.359095390007,0.250174086574,0.272373119837,1,
20,,,,,,,,,,,,,,,,,,,,
