date,n,days,duration_sec,raw_flux,filtered_flux,in_flux,out_flux,mean_rate,median_rate,p90_rate,zero_fraction,mean_cv,median_top4_share,mean_abs_balance,retention,in_share,balance
2026-07-01,320,1,38386.6666667,6611012273.17,5799468111.46,2955244215.44,2844223896.02,151080.273831,133451.926709,318815.446047,0.16875,0.382150296785,0.154329641624,0.0670449835317,0.877243585675,0.509571594953,0.0191431899068
2026-07-02,316,1,37906.8333333,7318193822.66,6326074440.96,3152090354.82,3173984086.14,166884.803733,133592.352654,381249.223658,0.145569620253,0.471610760241,0.156809727651,0.0682708518778,0.864431114324,0.498269564204,-0.0034608715925
2026-07-03,308,1,36947.1666667,7238959095.66,6257282171.44,3109639678.74,3147642492.71,169357.56476,144848.954873,366456.869872,0.142857142857,0.420916232359,0.156965332774,0.0568590693577,0.864389767749,0.49696331307,-0.00607337385975
2026-07-04,223,1,26750.7083333,4965263946.58,4279734668.72,2143454274.44,2136280394.28,159985.844688,136959.192475,355796.88277,0.179372197309,0.49343307826,0.1593513351,0.068059856569,0.861934977629,0.50083812207,0.00167624414094
2026-07-05,290,1,34787.9166667,6408266558.29,5539241376.48,2766687776.73,2772553599.75,159228.890582,134654.705041,359248.680204,0.162068965517,0.518381176778,0.157717956524,0.0673326844226,0.864389975995,0.499470521086,-0.00105895782808
2026-07-06,296,1,35507.6666667,7785467256.92,6752918200.25,3374799420.23,3378118780.02,190181.975731,135621.659966,392726.233121,0.131756756757,0.447672083492,0.156080234494,0.0665882343948,0.867374812251,0.499754227751,-0.000491544498845
2026-07-07,268,1,32148.8333333,6307362362.39,5390550861.66,2687918539.9,2702632321.76,167674.851705,139782.091945,391521.061395,0.152985074627,0.474026072611,0.153832192964,0.0662793447111,0.854644231922,0.498635224651,-0.00272955069708
2026-07-08,289,1,34667.9583333,6433403744.12,5531535784.02,2742879912.11,2788655871.91,159557.587177,143911.981086,360720.766331,0.152249134948,0.464282875141,0.154940368277,0.059437869318,0.859814804732,0.495862273916,-0.00827545216736
2026-07-09,218,1,26150.9166667,3924320761.19,3300687213.28,1660450251.23,1640236962.05,126216.883919,82418.2459554,281209.654362,0.183486238532,0.548754907861,0.165496289942,0.0690490299377,0.841084970915,0.503061981927,0.00612396385337
2026-07-10,287,1,34428.0416667,7281654907.91,6181161920.23,3068022565.58,3113139354.65,179538.586019,169915.299639,364788.367471,0.16724738676,0.399893018096,0.154684865501,0.0563069274246,0.848867736579,0.496350460508,-0.0072990789834
2026-07-11,289,1,34667.9583333,7512374441.87,6439779699.16,3178948444.8,3260831254.36,185755.954742,162153.502668,402014.062492,0.138408304498,0.470699648939,0.153451315299,0.0589485119159,0.857222939165,0.493642421528,-0.0127151569433
2026-07-12,289,1,34667.9583333,6914950064.76,5890375699.37,2945099583.55,2945276115.82,169908.352916,151528.079238,354482.599848,0.124567474048,0.48759416725,0.15726054056,0.0629822435772,0.85183199361,0.499985015195,-2.99696108979e-05
2026-07-13,285,1,34188.125,7822759025.56,6739711040.21,3340576956.98,3399134083.23,197136.024284,165320.00693,411787.607877,0.0912280701754,0.490242535925,0.156721167877,0.0703054937632,0.86155166204,0.49565581329,-0.00868837341935
2026-07-14,272,1,32628.6666667,6826667301.66,5856189836.53,2927675859.76,2928513976.76,179479.900186,159120.289569,396557.85393,0.113970588235,0.48379694908,0.158844514871,0.0658182637293,0.857840228291,0.499928441783,-0.000143116433469
2026-07-15,263,1,31549.0416667,5609465222.51,4764057301.64,2356039423.83,2408017877.81,151004.818212,112898.507016,338889.461223,0.167300380228,0.589156745082,0.165584485099,0.0736488810902,0.849289034277,0.494544728297,-0.0109105434052
2026-07-16,255,1,30589.375,5150472716.98,4375479396.55,2161744575.83,2213734820.73,143039.189148,117994.020249,298237.323389,0.133333333333,0.552033691477,0.166081395814,0.0737324362797,0.849529671738,0.494058908729,-0.0118821825427
2026-07-17,228,1,27350.5,5171267579.7,4383470201.17,2191426144.56,2192044056.6,160270.203512,120536.298723,386444.515196,0.140350877193,0.549802089201,0.156382377498,0.0758051228326,0.847658747804,0.499929517938,-0.000140964124741
2026-07-18,218,1,26150.9166667,6062486540.07,5197683769.17,2557510765.46,2640173003.71,198757.230403,140972.397907,437033.811331,0.174311926606,0.381618209817,0.149058196984,0.0575851376635,0.857351803557,0.492048165882,-0.0159036682352
2026-07-19,172,1,20632.8333333,3332992284.13,2832700264.71,1410914220.55,1421786044.16,137290.900331,37617.3711865,304283.733264,0.21511627907,0.852306548556,0.178134256233,0.069308342037,0.849897036426,0.498081014122,-0.00383797175582
2026-07-20,237,1,28430.125,5911122597.69,4971184789.47,2460515072.61,2510669716.86,174856.241028,156682.188154,347726.98545,0.147679324895,0.363946222014,0.152232268253,0.040160836807,0.840988273769,0.494955463701,-0.0100890725986
2026-07-21,237,1,28430.125,6429466342.74,5511304677.8,2769910041.06,2741394636.74,193854.394865,159271.189023,438491.854219,0.164556962025,0.428391421482,0.156478998597,0.0436706597916,0.857194731881,0.502586992191,0.00517398438102
2026-07-22,238,1,28550.0833333,6828416273.48,5881892728.06,2961206242.75,2920686485.3,206020.15971,174563.932924,445881.521248,0.180672268908,0.372194119748,0.149906132937,0.0478443373589,0.861384615771,0.503444448864,0.0068888977282
2026-07-23,214,1,25671.0833333,5589716902.92,4772435059.29,2388770415.42,2383664643.87,185907.037787,171441.112606,370945.944537,0.168224299065,0.429725508735,0.154268940788,0.0476376622654,0.853788329924,0.500534923103,0.00106984620685
2026-07-24,220,1,26390.8333333,5203529136.48,4392937668.35,2181224278.25,2211713390.11,166456.951657,137163.173727,377326.146465,0.168181818182,0.502005774404,0.15971169554,0.0496461859937,0.84422274828,0.496529758198,-0.00694048360384
2026-07-25,221,1,26510.7916667,5368756560.27,4575039558.57,2271754423.81,2303285134.76,172572.724953,129715.775991,449732.973118,0.180995475113,0.453102210954,0.159831413343,0.0473849526755,0.852159994071,0.496554050457,-0.0068918990861
2026-07-26,221,1,26510.7916667,5367146149.76,4520086105,2267987035.48,2252099069.52,170499.853865,131123.653255,422671.60807,0.180995475113,0.421149054492,0.160025056576,0.0423296104491,0.84217682524,0.501757484878,0.00351496975582
2026-07-27,221,1,26510.7916667,4928803316.99,4141974035.65,2062301620.25,2079672415.4,156237.282075,110378.512629,357797.985987,0.180995475113,0.443110588433,0.163302265771,0.0385066428381,0.840360990136,0.497903077734,-0.0041938445315
2026-07-28,219,1,26270.875,5146377974.86,4350247437.64,2147965670.41,2202281767.23,165592.026822,120334.199782,369140.643282,0.168949771689,0.440088998844,0.162676021322,0.0423482533253,0.845302746686,0.493757125589,-0.012485748823
2026-07-29,204,1,24471.5,4634375167.64,3887420052.36,1905186123.04,1982233929.31,158854.996725,121452.310975,352518.546289,0.186274509804,0.447396484018,0.161434413118,0.0408053671816,0.838822907454,0.490090110506,-0.0198197789884
2026-07-30,204,1,24471.5,4663525306.12,3897574829.87,1940503998.27,1957070831.6,159269.960152,123194.534756,374521.374491,0.18137254902,0.530545473227,0.166679178722,0.0450313708361,0.83575719526,0.497874725431,-0.00425054913768
2026-07-31,204,1,24471.5,4426378468.76,3695794327.6,1830549000.15,1865245327.46,151024.429545,113017.806722,352379.539171,0.186274509804,0.542161205387,0.163448868101,0.0521729354247,0.834947656123,0.495305971567,-0.00938805686616
2026-08-01,203,1,24351.5416667,4959119257.24,4249266099.93,2113983245.1,2135282854.84,174496.800166,94693.4738327,468233.73694,0.182266009852,0.550883930041,0.169552324706,0.0459131658777,0.856859026676,0.497493730772,-0.00501253845636
2026-08-02,204,1,24471.5,4754142685.12,4023762402.99,2027876257.88,1995886145.11,164426.471732,120858.3331,393745.853113,0.186274509804,0.520837721619,0.1651234709,0.045232298807,0.846369717843,0.503975149321,0.0079502986412
2026-08-03,204,1,24471.5,4937247196.05,4226395592.56,2082497194.08,2143898398.48,172706.846436,100003.393834,406279.498739,0.186274509804,0.538702023811,0.167407739119,0.0559671889791,0.856022683236,0.492735984711,-0.0145280305775
2026-08-04,204,1,24471.5,4993583454.27,4213743119.25,2090741229.35,2123001889.9,172189.817512,138717.835695,398984.554469,0.18137254902,0.44991569666,0.160151435155,0.0374963238854,0.843831520558,0.496171971139,-0.00765605772227
2026-08-05,204,1,24471.5,4914461772.78,4128198647.51,2063910376.87,2064288270.63,168694.14002,129244.197836,379589.701991,0.186274509804,0.425873821218,0.162295805822,0.0352982039287,0.840010328369,0.499954230187,-9.15396261107e-05
2026-08-06,204,1,24471.5,4877402703.26,4089916777.15,2056813414.51,2033103362.64,167129.794951,119325.12124,410351.706496,0.186274509804,0.466981816124,0.165891249191,0.0366812505319,0.838544000974,0.502898598329,0.00579719665788
2026-08-07,204,1,24471.5,4479740069.96,3727547692.72,1872120578.02,1855427114.71,152321.994676,122050.38506,375516.070633,0.186274509804,0.546534692988,0.168286678637,0.0554160868261,0.83209017365,0.502239201841,0.00447840368173
2026-08-08,188,1,22552.1666667,4142987107.33,3460774857.58,1726176291.56,1734598566.02,153456.424331,114150.653107,354701.75062,0.186170212766,0.469344763413,0.164829386734,0.0363264294508,0.835333243364,0.498783180818,-0.00243363836338
2026-08-09,186,1,22312.25,4127661406.37,3428282122.11,1698534717.2,1729747404.91,153650.220041,115292.506282,350671.890058,0.177419354839,0.552345642327,0.158676147622,0.0395759970071,0.830562825919,0.495447765587,-0.00910446882642
2026-08-10,190,1,22792.0833333,5517943510.13,4791593546.9,2357381035.89,2434212511.01,210230.608445,141386.59843,493738.460414,0.205263157895,0.636961948382,0.150881958143,0.0423541228377,0.86836582109,0.491982680254,-0.0160346394912
2026-08-11,335,1,40186.0416667,5918176158.63,4895684137.18,2440026498.77,2455657638.42,121825.488009,81991.1808689,332167.975746,0.191044776119,0.689458323825,0.185333074857,0.0712845364501,0.827228525472,0.498403579642,-0.00319284071637
2026-08-12,323,1,38746.5416667,4972797299.08,4079066097.38,2032147685.88,2046918411.5,105275.617434,67955.0221664,278479.661723,0.185758513932,0.78206590713,0.180431017022,0.0762280102836,0.820275963819,0.498189447626,-0.00362110474809
2026-08-13,323,1,38746.5416667,5898178757.79,4900352048.33,2442818508.21,2457533540.13,126471.985306,79036.4136884,311404.507008,0.185758513932,0.603326214749,0.168174273307,0.0572396277472,0.830824606979,0.498498574003,-0.00300285199399
2026-08-14,317,1,38026.7916667,5999345998.71,5005591305.19,2475307510.87,2530283794.33,131633.279743,85344.6134301,368884.349189,0.179810725552,0.654965277955,0.168809980295,0.0712224781051,0.834356162533,0.49450851257,-0.0109829748594
2026-08-15,322,1,38626.5833333,5911900506.04,4882752471.87,2430302642.32,2452449829.55,126409.121659,92960.3623305,338849.035031,0.180124223602,0.570655300686,0.162964143144,0.0627691828086,0.825919256739,0.497732100146,-0.00453579970723
2026-08-16,273,1,32748.625,4382213908.9,3549031779.06,1824012795.91,1725018983.15,108371.932533,56868.9196796,289361.725819,0.168498168498,0.738955737085,0.166534589569,0.0659990596102,0.80987187135,0.513946594299,0.0278931885983
2026-08-17,282,1,33828.25,6981698410.28,5858948945.89,2918056890.38,2940892055.51,173196.927003,125713.043212,449897.32735,0.177304964539,0.6615232632,0.150128330497,0.0672573247566,0.839186771125,0.498051257542,-0.00389748491508
2026-08-18,181,1,21712.4583333,3160064377.86,2647183207.25,1339950102.26,1307233104.99,121920.01323,44635.7553405,422017.254291,0.193370165746,0.888237755802,0.18247330631,0.0996359502872,0.837699138598,0.506179586888,0.0123591737763
2026-08-19,170,1,20392.9166667,3146515451.83,2682571424.43,1359089595.15,1323481829.28,131544.274332,59773.8512806,343851.35713,0.176470588235,0.718121305421,0.180711477446,0.0708375763938,0.852553075139,0.506636871911,0.0132737438213
2026-08-20,170,1,20392.9166667,2714944017.37,2291573112.48,1162532467.75,1129040644.73,112371.033037,45923.7023532,327444.951627,0.188235294118,0.775027942778,0.178165053669,0.0686939902274,0.844059066344,0.507307605164,0.0146152103289
2026-08-21,170,1,20392.9166667,2870828514.71,2429501505.85,1235193634.87,1194307870.98,119134.577244,54175.4956661,335136.144458,0.188235294118,0.802454417543,0.175294494658,0.0667875357408,0.846271901439,0.508414434772,0.0168288695431
2026-08-22,120,1,14395,2119121375.18,1791672630.43,902768597.799,888904032.631,124464.927435,75872.3759277,338905.183522,0.275,0.663217746377,0.164533183541,0.0729147115522,0.84547900437,0.503869168098,0.00773833619659
2026-08-23,147,1,17633.875,1761182011.18,1425309865.16,719952569.552,705357295.605,80827.9442356,32553.8492825,253118.7491,0.231292517007,0.950247383578,0.202246346245,0.0697740769997,0.809291632614,0.505120035406,0.0102400708116
2026-08-24,132,1,15834.5,1663104543.03,1398303341.26,711314206.789,686989134.471,88307.3883773,29560.4344667,208194.012602,0.189393939394,1.02289623575,0.213261508551,0.0877774802112,0.840778979962,0.508698067007,0.0173961340148
2026-08-25,96,1,11516,1057096985.97,852417424.448,435272138.153,417145286.294,74020.2695769,26977.3338516,219083.278107,0.166666666667,0.903351884696,0.20289621212,0.0682369305052,0.806375796889,0.510632614573,0.0212652291464
2026-08-26,85,1,10196.4583333,1055888576.58,860210665.262,438088146.016,422122519.246,84363.6718889,12223.3829465,332486.857319,0.188235294118,1.26282943598,0.265616279171,0.0978689333549,0.814679393585,0.509280067904,0.0185601358074
2026-08-27,85,1,10196.4583333,1103876284.3,900754072.354,456031756.511,444722315.842,88339.8963549,6013.97203458,353808.96309,0.223529411765,1.36356019642,0.232466544564,0.0795089058342,0.815991868984,0.506277762719,0.0125555254377
2026-08-28,105,1,12595.625,1376786563.81,1094555064.28,554917339.206,539637725.075,86899.6230263,6648.07883927,208839.777523,0.228571428571,1.34666907088,0.212877981171,0.118425611858,0.795007078841,0.506979828895,0.0139596577909
2026-08-29,118,1,14155.0833333,2251112970.05,1851234722.7,927086982.45,924147740.245,130782.325974,67080.6554121,396732.401933,0.177966101695,1.05894616299,0.180295433543,0.078846534114,0.822364202653,0.500793859949,0.00158771989807
2026-08-30,119,1,14275.0416667,1938560137.72,1595636833.6,802133549.55,793503284.053,111778.085897,39951.2562257,348965.644725,0.226890756303,1.04109843392,0.186247902471,0.0591572247064,0.823104118649,0.502704332626,0.00540866525189
2026-08-31,98,1,11755.9166667,1298428890.61,1134454746.09,588973812.586,545480933.499,96500.7475174,8205.27245054,164912.505831,0.244897959184,1.42018510756,0.232034325766,0.132362476007,0.873713419573,0.519169067447,0.0383381348947
