device,month,n,days,duration_sec,raw_flux,filtered_flux,in_flux,out_flux,mean_rate,median_rate,p90_rate,zero_fraction,mean_cv,median_top4_share,mean_abs_balance,retention,in_share,balance
1,7,519,31,62258.375,3541873433.67,3019765087.05,1521537172.87,1498227914.18,48503.756917,23098.9739592,113064.376777,0.156069364162,1.03893749662,0.268925028595,0.0867851270904,0.852589778714,0.503859448998,0.00771889799681
1,8,510,31,61178.75,1825849139.36,1447814324.75,749463272.799,698351051.95,23665.3139325,7671.87455131,51639.5070417,0.176470588235,1.45590770757,0.361200899219,0.115997774094,0.792953970588,0.517651510962,0.0353030219244
2,7,496,31,59499.3333333,20131435654.7,17264243979.7,8588463155.15,8675780824.52,290158.61208,282110.384498,524697.039287,0.129032258065,0.379245139365,0.143547331659,0.0459739984701,0.857576393248,0.497471141237,-0.00505771752692
2,8,181,11,21712.4583333,8023802335.64,6941641911.26,3450503628.7,3491138282.56,319707.782725,299666.126838,590726.719637,0.171270718232,0.318074939197,0.156449463076,0.0283522055149,0.865131220946,0.497073123738,-0.00585375252411
3,7,523,31,62738.2083333,12168249222.6,9917277154.84,4974927654.29,4942349500.55,158073.961917,135431.212611,334352.88602,0.164435946463,0.425223612247,0.153523684399,0.0532583659627,0.815012659048,0.501642494872,0.00328498974353
3,8,287,17,34428.0416667,6459650827.43,5174207781.79,2591954142.68,2582253639.11,150290.505394,138768.393668,315884.097763,0.18118466899,0.348919918324,0.147955500149,0.0287370106965,0.8010042524,0.500937390222,0.00187478044432
4,7,474,30,56860.25,13016750743.4,10917838990.2,5498466359.38,5419372630.87,192011.800691,191450.072023,371764.391295,0.14135021097,0.441810274299,0.149144601838,0.0502308654527,0.838753019508,0.503622224535,0.00724444906911
4,8,275,17,32988.5416667,9159998167.2,7490197279.12,3728775978.05,3761421301.06,227054.513497,232099.535797,438346.098081,0.174545454545,0.296901620489,0.140413606656,0.0346325308484,0.817707290154,0.49782079685,-0.00435840629981
5,8,106,7,12715.5833333,1152778844.9,951369439.75,479816340.05,471553099.7,74819.1738287,69570.908861,152484.846481,0.169811320755,0.459598185369,0.172331450613,0.0420395327655,0.825283569317,0.504342813635,0.00868562727069
6,7,490,31,58779.5833333,15374746122.9,12923800663.1,6262659974.64,6661140688.44,219868.871642,223162.436196,390980.859189,0.140816326531,0.402910633574,0.148279391246,0.056474362248,0.840586280892,0.484583454814,-0.0308330903725
6,8,263,17,31549.0416667,9674566915.69,8333661836.46,4058583286.92,4275078549.54,264149.444681,212156.179248,582204.825204,0.182509505703,0.294663616125,0.147672721405,0.0318314205216,0.861398955539,0.487010796282,-0.0259784074367
7,7,186,13,22312.25,4967312602.02,4406394203.47,2204312431.69,2202081771.78,197487.667244,196134.80662,363790.743785,0.0752688172043,0.432530939318,0.151330936302,0.0521205863533,0.887078095645,0.500253116246,0.000506232491239
7,8,126,8,15114.75,3341020476.18,2908808840.78,1447951317.1,1460857523.68,192448.359436,194088.859839,349328.761428,0.18253968254,0.262523996753,0.142765269579,0.023778361481,0.870634843911,0.497781530639,-0.00443693872232
8,7,344,22,41265.6666667,9545731223.54,8092446393.18,4013062148.19,4079384244.99,196106.037945,194165.345703,376359.776241,0.0988372093023,0.392012943893,0.15258926416,0.0462301112531,0.847755525865,0.495902222048,-0.00819555590305
8,8,113,7,13555.2916667,2991838753.84,2494813249.85,1241985411.64,1252827838.21,184047.183285,170170.763496,377626.547523,0.185840707965,0.382642629123,0.1602586178,0.0309646234378,0.833872897278,0.497827006376,-0.00434598724849
9,7,514,31,61658.5833333,24372891162,21479529601.8,10624674352,10854855249.8,348362.35996,375549.833823,596300.276556,0.186770428016,0.213000351252,0.133806605605,0.0265726938935,0.881287716709,0.494641854314,-0.0107162913714
9,8,288,17,34548,12427971810.4,10769959286.1,5331034151.11,5438925134.94,311739.00909,328301.372003,552794.158272,0.177083333333,0.222998355187,0.138903135718,0.0248858709746,0.866590257071,0.494991114592,-0.0100177708163
10,7,246,15,29509.75,7347148306.22,6554583928.55,3246335804.51,3308248124.04,222115.874535,253649.473039,396112.262675,0.19918699187,0.326935950105,0.142938258521,0.0435273435707,0.892126258429,0.495277173944,-0.0094456521129
10,8,239,15,28670.0416667,2647167030.8,2085289549.12,1050398914.91,1034890634.22,72734.0955192,65958.9163623,172806.962476,0.179916317992,0.715429050635,0.188315442101,0.0506470730695,0.78774385026,0.503718495759,0.00743699151772
11,7,517,31,62018.4583333,11523824230.7,10137928177.6,4930676097.31,5207252080.29,163466.304227,169396.447198,312593.011981,0.199226305609,0.384743415076,0.154520877956,0.0492425440283,0.879736446394,0.486359343934,-0.0272813121313
11,8,395,24,47383.5416667,3354686031.25,2836422124.09,1419109586.15,1417312537.94,59860.9142399,9171.07591005,194876.689083,0.210126582278,1.58123177521,0.262860481617,0.118617146456,0.845510458405,0.500316780814,0.000633561627031
12,7,523,31,62738.2083333,8391156303.77,7251848717.17,3542356517.19,3709492199.98,115589.031147,105479.254868,227672.378198,0.158699808795,0.513934225405,0.173593267189,0.0641635162975,0.864225197892,0.488476339668,-0.023047320664
12,8,461,28,55300.7916667,5844072632.11,4876358320.82,2416650573.08,2459707747.73,88178.8157791,81295.9174932,180661.947035,0.177874186551,0.477190888539,0.178737153905,0.0446459226293,0.834410971216,0.495585109644,-0.00882978071206
13,7,100,7,11995.8333333,2471463691.45,2137171359.74,1093365559.87,1043805799.87,178159.474241,142076.913128,365174.322341,0.07,0.499906891924,0.170512045085,0.0482619640009,0.864739128938,0.511594709,0.0231894180002
13,8,256,16,30709.3333333,7428873283.1,6265007528.85,3184893929.61,3080113599.24,204009.883928,173816.803147,375219.280942,0.16015625,0.340366374791,0.15240162636,0.0404225754706,0.843332129934,0.508362346725,0.0167246934494
14,7,514,31,61658.5833333,17111151026.2,13981606775.5,7023684438.31,6957922337.23,226758.482269,196906.684277,418604.521313,0.157587548638,0.36779196262,0.151176231217,0.0332077715725,0.817104983419,0.502351736182,0.00470347236464
14,8,455,28,54581.0416667,21385626333.3,17681277471.1,8919242312.74,8762035158.33,323945.401758,327552.800852,622932.660854,0.182417582418,0.236637434218,0.138902899188,0.0173557766435,0.826783241953,0.504445582472,0.00889116494379
15,7,523,31,62738.2083333,9228030134.93,7925207539.5,3981606257.82,3943601281.68,126321.865894,124795.997862,239110.652833,0.177820267686,0.387348289418,0.157404533115,0.0408149894172,0.858818992095,0.502397727501,0.00479545500226
15,8,522,31,62618.25,6053058627.9,4896237978.38,2475187488.94,2421050489.44,78191.8686386,68865.1390291,176190.009141,0.181992337165,0.635812208426,0.181111821925,0.0469316098115,0.808886594261,0.505528428126,0.0110568562521
16,7,466,28,55900.5833333,7432216587.89,6331864586.01,3257660769.23,3074203816.78,113270.098601,106640.868141,226699.510629,0.124463519313,0.548883772937,0.168224978039,0.0688790990871,0.851948340193,0.514486803213,0.0289736064254
16,8,352,21,42225.3333333,4498685594.6,3743718165.33,1892329819.34,1851388345.99,88660.4763016,79630.3703112,178274.065495,0.184659090909,0.430193044065,0.167112497097,0.0518674971888,0.832180441731,0.505468022905,0.0109360458095
17,7,259,20,31069.2083333,4011108182.59,3348822980.85,1652952748.79,1695870232.06,107785.912822,61476.2917397,205503.184516,0.15444015444,0.478749357404,0.174561265753,0.0484550972871,0.834887225278,0.493592154092,-0.0128156918161
17,8,229,15,27470.4583333,985413715.247,735288881.476,417845101.239,317443780.237,26766.5312516,3016.68769385,17133.5951854,0.183406113537,0.893820941775,0.216259296921,0.120281243971,0.746172769973,0.568273384469,0.136546768939
18,7,523,31,62738.2083333,9046123052.33,7881967907.07,4066152400.86,3815815506.21,125632.658574,121868.136093,239252.399307,0.179732313576,0.416055745098,0.161500930326,0.0605890081748,0.871308942126,0.515880354855,0.0317607097104
18,8,506,30,60698.9166667,5017797041.2,4288570354.05,2177497709.44,2111072644.61,70653.161367,55036.2207125,169762.970502,0.233201581028,1.04867607439,0.183692061956,0.0791885717409,0.85467194445,0.507744429885,0.0154888597704
19,7,470,31,56380.4166667,2412596162.83,1889767042.41,949000939.359,940766103.054,33518.1460894,3024.37443322,22434.4561455,0.208510638298,0.809867978117,0.237845000584,0.165953119619,0.783291904184,0.502178796677,0.00435759335416
19,8,272,17,32628.6666667,556232286.68,423674065.866,206213789.978,217460275.887,12984.7189342,106.379881843,7020.05242108,0.279411764706,2.0237612772,0.492256398223,0.235381517376,0.761685497249,0.486727431751,-0.0265451364983
20,7,39,3,4678.375,1081146260.06,973928138.901,487102104.552,486826034.349,208176.586721,208511.942232,343962.45755,0.102564102564,0.388625839536,0.147486028717,0.0557948642343,0.90082921699,0.500141730274,0.000283460547019
20,8,126,9,15114.75,2457021055.29,2121967870.33,1046575016.95,1075392853.38,140390.53708,153347.429633,267583.968418,0.190476190476,0.421808492095,0.153326442078,0.0396469630337,0.863634385943,0.493209643549,-0.0135807129013
