device,n,days,duration_sec,raw_flux,filtered_flux,in_flux,out_flux,mean_rate,median_rate,p90_rate,zero_fraction,mean_cv,median_top4_share,mean_abs_balance,retention,in_share,balance,peak_hour,mean_median_ratio
1,1029,62,123437.125,5367722573.03,4467579411.8,2271000445.66,2196578966.13,36193.1583533,14923.6196322,85350.6326055,0.166180758017,1.24304878869,0.311584601225,0.101085024225,0.832304455197,0.508329060624,0.0166581212488,19,2.42522653654397
2,677,42,81211.7916667,28155237990.3,24205885890.9,12038966783.9,12166919107.1,298058.759623,286690.096036,543230.906218,0.140324963072,0.363479623858,0.145862717311,0.0414322992548,0.859729400946,0.497356999785,-0.00528600042986,17,1.03965488778368
3,810,48,97166.25,18627900050.0,15091484936.6,7566881796.97,7524603139.67,155316.119914,137667.051515,326474.085816,0.17037037037,0.398540028806,0.15189422232,0.0446831896419,0.810154923321,0.501400745436,0.00280149087244,17,1.1282011069807578
4,749,47,89848.7916667,22176748910.6,18408036269.4,9227242337.43,9180793931.93,204877.950253,207455.810391,397453.871272,0.153538050734,0.389926576484,0.146099136135,0.0446459727789,0.830060183462,0.501261633909,0.00252326781748,17,0.987573931368124
5,106,7,12715.5833333,1152778844.9,951369439.75,479816340.05,471553099.7,74819.1738287,69570.908861,152484.846481,0.169811320755,0.459598185369,0.172331450613,0.0420395327655,0.825283569317,0.504342813635,0.00868562727069,15,1.0754376369897054
6,753,48,90328.625,25049313038.5,21257462499.5,10321243261.6,10936219238.0,235334.729157,218601.566572,467929.972592,0.155378486056,0.366317695285,0.147944886265,0.048143808048,0.848624569737,0.485535056773,-0.0289298864548,16,1.0765463983053782
7,312,21,37427.0,8308333078.2,7315203044.25,3652263748.79,3662939295.46,195452.562168,195626.897352,359884.416118,0.11858974359,0.368855611739,0.1474819148,0.0415051348557,0.880465789636,0.499270317816,-0.00145936436786,17,0.9991088383736603
8,457,29,54820.9583333,12537569977.4,10587259643.0,5255047559.83,5332212083.2,193124.308018,186314.226669,377147.414571,0.120350109409,0.389868493747,0.154536675007,0.0427365170267,0.844442715943,0.496355783934,-0.00728843213265,16,1.0365515906689111
9,802,48,96206.5833333,36800862972.4,32249488887.8,15955708503.1,16293780384.7,335210.832466,361941.782651,571194.779291,0.183291770574,0.216617949622,0.135463426819,0.0259623472801,0.876324256635,0.49475849241,-0.0104830151801,17,0.9261457188246897
10,485,30,58179.7916667,9994315337.02,8639873477.67,4296734719.41,4343138758.26,148502.997865,114508.100749,344472.610471,0.189690721649,0.520688234339,0.158573800359,0.0470781501401,0.864478774817,0.49731454176,-0.00537091647985,17,1.2968776610007382
11,912,55,109402.0,14878510262.0,12974350301.7,6349785683.46,6624564618.22,118593.355713,99994.4003952,278037.929511,0.203947368421,0.898936759926,0.169044186464,0.0790564227576,0.87201944773,0.489410686147,-0.0211786277057,17,1.1859999684411606
12,984,59,118039.0,14235228935.9,12128207038.0,5959007090.28,6169199947.71,102747.456671,92917.1020024,206599.517958,0.167682926829,0.496930898577,0.175186950464,0.0551315651373,0.851985387282,0.491334545297,-0.0173309094064,17,1.1057970433510302
13,356,23,42705.1666667,9900336974.55,8402178888.59,4278259489.49,4123919399.11,196748.532892,157753.891831,374562.857468,0.134831460674,0.388539323146,0.15752427033,0.0427896635658,0.848676051148,0.509184527753,0.0183690555062,17,1.2471865550092072
14,969,59,116239.625,38496777359.5,31662884246.6,15942926751.1,15719957495.6,272393.207107,242003.282194,556137.323549,0.169246646027,0.307183907259,0.145558849599,0.0258823776426,0.822481423598,0.503520987756,0.0070419755117,18,1.1255764989527628
15,1045,62,125356.458333,15281088762.8,12821445517.9,6456793746.76,6364651771.12,102279.895973,97021.5263236,206962.07456,0.17990430622,0.511145364583,0.165888849848,0.0438625937444,0.839040052504,0.503593275638,0.00718655127566,17,1.0541979687256366
16,818,49,98125.9166667,11930902182.5,10075582751.3,5149990588.57,4925592162.76,102680.138883,96448.4505048,204616.443639,0.150366748166,0.499870479144,0.168090250044,0.0618541642025,0.844494623895,0.511135754196,0.0222715083927,17,1.0646115966154364
17,488,35,58539.6666667,4996521897.84,4084111862.33,2070797850.03,2013314012.3,69766.5718799,10888.7226227,156825.722527,0.168032786885,0.669927648727,0.192973739846,0.0815375835676,0.817390966323,0.507037495503,0.0140749910068,6,6.40723198646422
18,1029,61,123437.125,14063920093.5,12170538261.1,6243650110.3,5926888150.83,98597.0651951,90308.5043978,207233.670294,0.20602526725,0.716492327428,0.170500232487,0.0694220934424,0.86537310936,0.513013473713,0.0260269474263,17,1.0917805122847535
19,742,48,89009.0833333,2968828449.51,2313441108.28,1155214729.34,1158226378.94,25991.0676713,1411.8696703,17057.3416765,0.234501347709,1.22874665175,0.266650778331,0.189910806169,0.779243781721,0.499349097413,-0.00130180517389,11,18.40897089727645
20,165,12,19793.125,3538167315.34,3095896009.23,1533677121.5,1562218887.73,156412.694268,170807.878026,289399.254619,0.169696969697,0.413331172098,0.150466538592,0.0437723392528,0.874999889294,0.495390386798,-0.00921922640315,16,0.9157229518663723
