device,hour,n,days,duration_sec,raw_flux,filtered_flux,in_flux,out_flux,mean_rate,median_rate,p90_rate,zero_fraction,mean_cv,median_top4_share,mean_abs_balance,retention,in_share,balance
1,5,61,61,7317.45833333,1881167.05649,346206.846983,107197.895354,239008.951629,47.3124452798,0,0,0.934426229508,2.79154248277,0.524560010805,0.569108830562,0.184038331837,0.309635399439,-0.380729201121
1,6,60,60,7197.5,129571627.966,106723714.267,54686038.389,52037675.8785,14827.8866645,1009.85218459,52070.0908126,0.2,1.72161536932,0.4400471862,0.154694600666,0.823665766517,0.512407563439,0.0248151268784
1,7,60,60,7197.5,204587890.975,168870253.285,86596323.1942,82273930.0909,23462.3484939,7878.37353751,82612.6947788,0,1.79573885987,0.415847595757,0.167965256142,0.82541665824,0.512797970688,0.0255959413766
1,8,60,60,7197.5,360718744.749,304467568.171,153510671.44,150956896.731,42301.8503885,18375.6783978,106613.995752,0,1.33867356056,0.34054701622,0.109041987437,0.844058071845,0.504193837005,0.00838767400924
1,9,60,60,7197.5,387069592.46,323265654.951,165585929.654,157679725.297,44913.602633,28144.8595591,117380.479726,0,1.09938539256,0.270279397367,0.0868447804459,0.835161586567,0.512228648847,0.0244572976947
1,10,60,60,7197.5,295642478.856,241748346.09,125213676.252,116534669.838,33587.8216172,28247.5721772,77841.1117158,0,1.1836138994,0.289421482512,0.0905743665521,0.81770504369,0.517950498016,0.0359009960329
1,11,60,60,7197.5,345611915.484,283855145.955,146144106.993,137711038.962,39438.0195838,35112.3101231,76652.1599549,0,1.00694605142,0.255975970644,0.0690321161854,0.821311804477,0.514854527302,0.0297090546044
1,12,61,61,7317.45833333,255029647.631,208463023.526,106475548.409,101987475.117,28488.4469484,24346.3087482,50481.2110961,0,1.05038857097,0.310889374442,0.0799874295303,0.817407017035,0.510764674752,0.0215293495046
1,13,61,61,7317.45833333,181729004.378,146092078.504,75492440.6757,70599637.8288,19964.8664672,16089.5240353,45194.7256679,0,1.19786810517,0.337654576021,0.0736727859532,0.803900725722,0.516745613099,0.0334912261978
1,14,60,60,7197.5,177255073.188,139158568.934,71404686.5278,67753882.4058,19334.2923145,13522.0191406,39977.4288917,0.0166666666667,1.40241442629,0.369457023894,0.0929091753209,0.785075238924,0.513117424784,0.0262348495674
1,15,60,60,7197.5,167059213.189,133056510.152,67932121.4121,65124388.7404,18486.4897746,11524.8477609,46909.2186023,0,1.57566536521,0.431424135882,0.128022834875,0.796463167833,0.510550903028,0.0211018060557
1,16,61,61,7317.45833333,356464234.97,283737482.418,145162690.253,138574792.165,38775.4148357,20077.8595383,97948.5292793,0,1.23987386505,0.335459898234,0.112707579444,0.795977420965,0.511609143128,0.0232182862552
1,17,61,61,7317.45833333,527601368.387,439119006.756,223159161.751,215959845.005,60009.7720756,33604.9458153,112891.671135,0,1.01271152656,0.291098039149,0.0606077856534,0.832293153633,0.508197455172,0.0163949103447
1,18,60,60,7197.5,643906379.346,533419502.381,272075429.148,261344073.233,74111.7752527,42477.31783,151500.146385,0,0.890334552135,0.24871538702,0.0636737983936,0.828411582011,0.510059020965,0.0201180419299
1,19,61,61,7317.45833333,934874036.522,832804557.02,413260423.664,419544133.355,113810.631927,55716.6289792,189207.015118,0,0.781183168696,0.20604789877,0.0694042746544,0.890820072529,0.496227380339,-0.00754523932158
1,20,61,61,7317.45833333,204944559.727,174047920.008,88814435.889,85233484.1194,23785.2970362,0,12931.4035655,0.672131147541,1.70215011167,0.362443143075,0.221493767726,0.849243913769,0.510287258157,0.0205745163141
1,21,62,62,7437.41666667,193775638.149,148403872.533,75379564.1171,73024308.4163,19953.6854239,0,0,0.967741935484,0.160849681674,0.127192897841,0.014589180737,0.765854128781,0.507935290571,0.0158705811419
2,5,42,42,5038.25,189942186.34,152787349.917,75839105.6912,76948244.2261,30325.480061,0,33462.6221628,0.619047619048,1.31292915345,0.233223084808,0.244443836612,0.804388708278,0.496370319482,-0.00725936103674
2,6,41,41,4918.29166667,1226525535.56,1045119428.94,526235324.088,518884104.856,212496.431643,201670.734838,366202.221377,0,0.349670853622,0.155536561187,0.0365236277004,0.852097570448,0.503516927841,0.00703385568122
2,7,40,40,4798.33333333,1618469687.3,1385655900.04,688024106.379,697631793.666,288778.582851,266708.852544,480267.671551,0,0.280045380767,0.151688221466,0.0374926102288,0.856151901339,0.496533162639,-0.00693367472177
2,8,40,40,4798.33333333,2252851228.26,1989172358.16,982688446.681,1006483911.48,414554.850607,355721.317189,667205.694019,0,0.377325544504,0.143970688963,0.0276974753126,0.882957708529,0.494018752397,-0.0119624952064
2,9,40,40,4798.33333333,1978347248.15,1693129094.96,837738022.353,855391072.608,352857.748168,357410.012512,485840.504394,0,0.281272126236,0.144062344077,0.0330258799717,0.855830085715,0.494786856387,-0.0104262872264
2,10,40,40,4798.33333333,2113800078.92,1793448712.56,903466773.688,889981938.872,373764.927939,364306.10983,541534.716381,0,0.248636277926,0.143232506415,0.0354610345992,0.848447651432,0.503759470433,0.00751894086593
2,11,41,41,4918.29166667,1844676445.34,1543873298.47,781361911.121,762511387.347,313904.380444,292517.953429,469816.921628,0.0243902439024,0.332000015536,0.14807501371,0.0360560022095,0.836934467489,0.506104945203,0.0122098904052
2,12,41,41,4918.29166667,1624166581.87,1353021309.06,674000051.383,679021257.681,275099.851892,242074.32904,396955.168402,0,0.318926030637,0.153533676501,0.0292155666492,0.833055749435,0.498144446705,-0.00371110659041
2,13,37,37,4438.45833333,1324496439.23,1105295183.01,548697123.596,556598059.41,249026.82418,228073.26528,399561.010372,0,0.417199054404,0.156379968672,0.0333721283279,0.834502192884,0.496425870692,-0.00714825861527
2,14,38,38,4558.41666667,1646856264.7,1390046490.9,700040837.864,690005653.038,304940.638943,289123.972994,423723.684466,0,0.266866056457,0.145489240233,0.0226748910347,0.844060602433,0.503609657983,0.00721931596685
2,15,39,39,4678.375,2284914007.5,1984563978.45,985903335.035,998660643.418,424199.423615,378698.600057,617637.547246,0,0.26364458533,0.139492554305,0.0230335800423,0.868550839085,0.496785866185,-0.00642826763043
2,16,39,39,4678.375,2608496261.92,2282497670,1119496681.17,1163000988.83,487882.581025,397724.718061,655129.308773,0,0.209155376037,0.134189172708,0.0286737456759,0.875024320841,0.490470021452,-0.0190599570966
2,17,41,41,4918.29166667,2884713685.4,2544159859.58,1236123959.71,1308035899.87,517285.275459,367147.440878,1082545.42552,0,0.214272538267,0.137421041491,0.0295472396089,0.881945363401,0.485867252035,-0.0282654959297
2,18,40,40,4798.33333333,2657530377.63,2336688630.08,1170761119.54,1165927510.54,486979.221273,363197.215002,780105.926845,0,0.223905252559,0.136994933853,0.0282411481104,0.879270713045,0.501034286071,0.00206857214209
2,19,39,39,4678.375,1897714833.79,1606061696.68,808411243.974,797650452.702,343294.775788,293717.406627,489530.028525,0,0.22824834584,0.141137582762,0.0205225886105,0.846313507214,0.503350055385,0.00670011077027
2,20,40,40,4798.33333333,1737128.42187,364930.115218,178741.577498,186188.53772,76.0535148074,0,64.2128466644,0.725,2.8813713878,0.81641009389,0.31485506406,0.210076647543,0.489796731057,-0.0204065378855
2,21,39,39,4678.375,0,0,0,0,0,0,0,1,,,,,,
3,5,48,48,5758,2258515.73078,504349.968209,303626.089021,200723.879189,87.591171971,0,68.9243092745,0.833333333333,3.08968810908,0.725793651472,0.399138908606,0.223310363234,0.602014688528,0.204029377056
3,6,48,48,5758,746776522.026,590093001.006,304078307.787,286014693.219,102482.285691,88891.0457019,207873.862383,0,0.418035637414,0.156994222766,0.0450971186208,0.79018686796,0.515305735314,0.0306114706288
3,7,47,47,5638.04166667,1040241287.01,844868676.881,424595844.483,420272832.397,149851.442545,130213.50349,289538.965513,0,0.356627121373,0.15962487986,0.041152097746,0.812185295306,0.502558392922,0.00511678584409
3,8,47,47,5638.04166667,1452724096.39,1213393600.12,590372026.592,623021573.523,215215.436823,183217.563057,394017.782046,0,0.378415694975,0.149316779493,0.0568909429577,0.835253991539,0.486546184631,-0.0269076307372
3,9,47,47,5638.04166667,1714387594.19,1422315951.07,696890477.871,725425473.196,252271.27346,231409.318939,445903.174508,0,0.295957671187,0.150779323333,0.0316586542411,0.829634999628,0.489968826791,-0.0200623464171
3,10,47,47,5638.04166667,1300670731.91,1046747400.78,526509483.189,520237917.59,185657.975351,173970.267471,312845.324592,0,0.333197165473,0.159297797114,0.0354607098964,0.804775086498,0.502995739752,0.00599147950482
3,11,47,47,5638.04166667,938100543.098,750371049.759,383049010.446,367322039.314,133090.724426,116431.003003,251274.600859,0,0.419446269422,0.171218186789,0.0409410174496,0.79988339766,0.510479462885,0.0209589257705
3,12,48,48,5758,913695089.222,705351858.486,359984944.199,345366914.287,122499.454409,125421.132408,195615.019307,0,0.434886451088,0.167806050604,0.042808743292,0.771977289586,0.510362225417,0.0207244508337
3,13,48,48,5758,1086370408.69,865684411.453,438974392.751,426710018.701,150344.635542,150477.376325,261059.390776,0.0208333333333,0.41406328727,0.170348038858,0.0486805142721,0.796859344222,0.507083628796,0.0141672575918
3,14,47,47,5638.04166667,902247316.325,723455453.712,364959694.654,358495759.058,128316.79801,112494.983376,234840.797367,0,0.723630715659,0.180818291361,0.0670169870774,0.801837191003,0.504467404014,0.00893480802824
3,15,48,48,5758,1136182882.45,885164449.888,447853641.293,437310808.594,153727.761356,136761.84938,301324.470455,0,0.376992453952,0.147432728134,0.043995636354,0.779068637243,0.505955296047,0.0119105920944
3,16,48,48,5758,1664587553.87,1346243959.26,675022793.569,671221165.688,233804.091569,229430.93963,333164.185417,0,0.245009182374,0.139666161703,0.0301575107059,0.808755271615,0.501411938696,0.00282387739268
3,17,48,48,5758,2058546434.98,1719862969.34,853344672.806,866518296.535,298691.033231,297046.152634,448675.418341,0,0.2212918433,0.134185535688,0.024986184212,0.835474459123,0.496170153098,-0.0076596938035
3,18,48,48,5758,1961031938.31,1615629415.79,814217447.836,801411967.955,280588.644632,290353.948919,433959.405312,0.0208333333333,0.223508852327,0.137154956105,0.0199370915697,0.823866957102,0.50396300035,0.00792600070007
3,19,48,48,5758,1710038888.7,1361797373.46,686724668.343,675072705.113,236505.275001,242391.083583,376688.570954,0.0208333333333,0.218498667428,0.136991304484,0.02739646281,0.796354622375,0.504278156008,0.00855631201557
3,20,48,48,5758,40242.9657702,1015.67712402,765.060028076,250.617095947,0.176394081977,0,0,0.979166666667,3.60581129477,1,0.506502430705,0.0252386250512,0.753251215352,0.506502430705
3,21,48,48,5758,4.14788866043,0,0,0,0,0,0,1,,,,0,,
4,5,43,43,5158.20833333,162480146.716,130822742.144,65039733.9161,65783008.2281,25362.0508693,0,727.608313016,0.744186046512,1.55804031067,0.404237481888,0.102216200797,0.805161398415,0.497159231263,-0.00568153747471
4,6,44,44,5278.16666667,895505306.063,708560729.305,360062767.92,348497961.386,134243.720226,118198.597564,220418.452354,0,0.327464215066,0.152220702796,0.0411137405544,0.791241240569,0.508160772998,0.0163215459953
4,7,42,42,5038.25,1199410602.59,989965711.869,494930700.819,495035011.05,196489.99392,197021.152962,282937.424627,0,0.288509907061,0.151832362243,0.0288920856856,0.825376822357,0.499947316241,-0.000105367518862
4,8,43,43,5158.20833333,1937318864.25,1632863233.13,799967974.171,832895258.958,316556.278384,309447.153418,504644.177242,0,0.241936916711,0.138889370842,0.0265598942531,0.842846917594,0.489917316981,-0.0201653660381
4,9,43,43,5158.20833333,2055058313.4,1738967331.48,848307616.008,890659715.472,337126.230486,312918.38987,514754.225265,0,0.230879899379,0.138112528277,0.0325657902845,0.846188801623,0.487822629357,-0.0243547412863
4,10,42,42,5038.25,1409299935,1161735659.44,578742655.431,582993004.005,230583.170632,212692.628682,372341.034154,0,0.322086121455,0.150797132004,0.0285858499067,0.824335282067,0.498170690321,-0.00365861935864
4,11,43,43,5158.20833333,1341377103.51,1104212384.59,553414081.953,550798302.641,214068.977683,207455.810391,303858.42151,0,0.287536034358,0.149147434813,0.0289510126086,0.823193106325,0.501184454797,0.0023689095937
4,12,45,45,5398.125,1669338140.23,1394224168.7,700640382.142,693583786.558,258279.341197,248036.62472,410674.935451,0,0.259883448788,0.146128049613,0.0340580506771,0.835195779154,0.502530653156,0.00506130631105
4,13,44,44,5278.16666667,1279319391.52,1054295581.45,527851570.86,526444010.587,199746.549897,197326.663778,339433.532161,0,0.490434414243,0.150977826881,0.0675101033779,0.824106621409,0.500667535888,0.00133507177516
4,14,43,43,5158.20833333,1086862664.69,891331722.751,448064601.01,443267121.742,172798.70551,143539.012667,364694.296141,0,0.843211299239,0.162335598788,0.098179891967,0.820095998981,0.502691186202,0.00538237240476
4,15,45,45,5398.125,1325981057.18,1071024168.96,540557428.413,530466740.542,198406.700281,208416.272834,353301.097861,0,0.479022582963,0.150262054234,0.0684954034678,0.80772207352,0.504710765716,0.00942153143152
4,16,46,46,5518.08333333,1728559752.38,1413934261.49,716097740.926,697836520.569,256236.482141,252276.493971,399257.102129,0,0.244230559919,0.141058469727,0.0344363045139,0.81798402372,0.506457591719,0.0129151834382
4,17,47,47,5638.04166667,2413094682.85,2063446352.07,1044123508.55,1019322843.52,365986.360879,331011.7686,621561.813468,0,0.215235739646,0.138117603232,0.028636165808,0.855103766435,0.506009525038,0.0120190500759
4,18,45,45,5398.125,2060308815.35,1747973089.87,882976090.222,864996999.645,323811.154775,281564.596161,457895.239572,0,0.23659285027,0.139452363631,0.0283736435842,0.848403441679,0.505142839636,0.010285679271
4,19,45,45,5398.125,1597785397.89,1302014252.54,665133268.815,636880983.721,241197.499602,238803.340661,349975.796003,0,0.238877291046,0.142925652537,0.0274876026226,0.814886814123,0.510849453084,0.0216989061671
4,20,44,44,5278.16666667,268587.93791,4990.23284912,1573.25216675,3416.98068237,0.945448138392,0,0,0.909090909091,4.32452225796,1,0.456853978824,0.0185795121253,0.315266284022,-0.369467431956
4,21,45,45,5398.125,14780149.088,2659889.3498,1330643.02062,1329246.32918,492.743193201,0,0,0.955555555556,3.09673620503,0.652482305041,0.0462827707748,0.179963634599,0.500262546905,0.000525093810459
5,5,6,6,719.75,0,0,0,0,0,0,0,1,,,,,,
5,6,6,6,719.75,20000228.189,16132694.9734,8440308.62151,7692386.35188,22414.3035407,19606.5646823,33505.4382991,0,0.778391582428,0.247652037997,0.0708177370099,0.806625545517,0.523180326377,0.0463606527531
5,7,6,6,719.75,30289400.3775,24548186.2182,12697735.9998,11850450.2184,34106.5456314,39700.3065075,45872.6118218,0,0.706357280646,0.212568925585,0.0500743941526,0.810454677619,0.51725760457,0.0345152091395
5,8,6,6,719.75,39319410.3817,32462282.9692,16428737.0912,16033545.878,45102.1645977,45873.1460803,58800.3352964,0,0.476557167312,0.194953841203,0.0308993108185,0.825604520872,0.506086928845,0.0121738576895
5,9,6,6,719.75,50847834.5796,41233632.3021,20848827.7929,20384804.5091,57288.8257063,59302.8952097,67931.8217016,0,0.493034949932,0.197990371585,0.0440776274479,0.810922090252,0.505626757308,0.0112535146165
5,10,6,6,719.75,57030935.9376,45544336.1824,22735373.1249,22808963.0575,63277.9940013,59685.2396103,93322.1976044,0,0.495309727856,0.198456951223,0.025397250975,0.798590018446,0.49919210665,-0.0016157866998
5,11,6,6,719.75,84963095.13,68563904.5042,32952950.9915,35610953.5127,95260.7217843,74570.754601,153252.95984,0,0.39586705254,0.179374876484,0.0495884993825,0.806984543104,0.480616604754,-0.0387667904924
5,12,6,6,719.75,82870938.27,67394466.1186,33434887.1046,33959579.014,93635.9376431,107568.966903,141696.592816,0,0.705887401712,0.157616825758,0.0352979216597,0.813246085123,0.496107307174,-0.00778538565123
5,13,6,6,719.75,82394695.9208,66796732.6971,33998518.0043,32798214.6928,92805.4639765,89278.0120952,112861.274077,0,0.394111211632,0.167037410611,0.0254472967999,0.810692144083,0.508984745683,0.017969491367
5,14,6,6,719.75,114583327.103,96231605.1915,47316962.0777,48914643.1138,133701.431319,135745.700704,180744.153256,0,0.332171180852,0.161861401187,0.0364739950558,0.839839509153,0.491698771766,-0.0166024564684
5,15,7,7,839.708333333,155863548.164,132581511.514,65870929.7057,66710581.8079,157889.955655,158565.681697,215154.056013,0,0.303694539352,0.15435685322,0.0412189853491,0.850625518763,0.496833449504,-0.00633310099283
5,16,7,7,839.708333333,126265892.271,105936428.714,52956850.1657,52979578.5481,126158.601158,116454.132347,162905.05893,0,0.36495584888,0.163884460447,0.0328165035114,0.838994813311,0.499892726314,-0.000214547372441
5,17,7,7,839.708333333,120362103.048,99877314.0703,51360069.034,48517245.0363,118942.863975,104195.320443,166928.764748,0,0.38999878338,0.176269916271,0.0393610970198,0.829806986927,0.514231580134,0.0284631602689
5,18,7,7,839.708333333,115391744.894,95859011.0721,50177655.5335,45681355.5386,114157.508348,126056.567179,158571.826289,0,0.326386826437,0.160320871025,0.0554659218668,0.830726766118,0.523452672548,0.0469053450955
5,19,6,6,719.75,72595437.7566,58207333.2239,30596534.8033,27610798.4207,80871.5987828,70274.8986745,116856.864023,0,0.347210499441,0.164672520076,0.0514995215532,0.801804287194,0.525647424622,0.0512948492437
5,20,6,6,719.75,0,0,0,0,0,0,0,1,,,,,,
5,21,6,6,719.75,252.874736786,0,0,0,0,0,0,1,,,,0,,
6,5,44,44,5278.16666667,19549738.1294,5234999.71533,2896267.38053,2338732.3348,991.821601313,0,3605.56955268,0.704545454545,2.08181769078,0.358996095311,0.267812735659,0.267778508371,0.553250723597,0.106501447193
6,6,42,42,5038.25,838186770.347,672934288.253,327116316.914,345817971.339,133565.084752,124056.187639,243803.742016,0,0.350467596264,0.164389091778,0.0370446747169,0.802845275133,0.486104397746,-0.027791204508
6,7,43,43,5158.20833333,1193930170.78,986791517.86,477745931.589,509045586.27,191305.091631,198239.942602,283682.078936,0,0.340884809835,0.156728877226,0.0417985640025,0.826506894631,0.484140695317,-0.0317186093661
6,8,41,41,4918.29166667,1626742153.66,1375250652.42,660229697.126,715020955.293,279619.580461,242471.894822,438874.359713,0,0.314695800109,0.156278855041,0.036862558544,0.845401743186,0.480079537475,-0.039840925049
6,9,42,42,5038.25,2070423118.11,1765967735.92,858950515.462,907017220.46,350512.129394,357998.269817,500322.5538,0,0.267726632541,0.143277780434,0.0370718488017,0.852950162928,0.486390831491,-0.0272183370175
6,10,42,42,5038.25,1989816356.97,1691834071.83,822956241.63,868877830.195,335797.959971,284128.546032,560678.054316,0,0.310633763458,0.149687189366,0.0391607157152,0.850246338514,0.486428459703,-0.0271430805948
6,11,42,42,5038.25,1684639585.48,1393459644.67,673808248.82,719651395.851,276576.121604,245730.687444,432171.494496,0,0.305180594433,0.153723999954,0.0432288217192,0.82715594284,0.483550601122,-0.0328987977556
6,12,45,45,5398.125,2075201689.75,1758395404.23,845635870.508,912759533.726,325741.883383,293747.168885,528778.566445,0,0.291732479081,0.148279391246,0.0459692527091,0.847337110856,0.480913376179,-0.0381732476419
6,13,44,44,5278.16666667,1930634746.05,1636077404.81,781817044.638,854260360.17,309970.773591,229965.469327,556720.991621,0,0.290264393758,0.146351382898,0.0475012005865,0.84742979383,0.477860669881,-0.0442786602388
6,14,44,44,5278.16666667,1661965477.05,1414056682.5,677981832.526,736074849.97,267906.788815,241895.781633,488189.821663,0,0.330411590159,0.146668912715,0.0415358376234,0.850833968591,0.479458738054,-0.0410825238924
6,15,46,46,5518.08333333,1804221174.99,1541531404.2,739377075.366,802154328.83,279359.93552,256348.85795,457061.948614,0.0217391304348,0.303254821774,0.145799430205,0.0367315212068,0.854402678322,0.479638023172,-0.0407239536562
6,16,46,46,5518.08333333,2367248708.65,2065187211.03,992414466.732,1072772744.3,374258.068658,307456.925963,546373.061653,0,0.219160161665,0.139832924736,0.0391401500421,0.872399762427,0.480544553749,-0.038910892502
6,17,47,47,5638.04166667,2341755015.94,2031513661.91,994716784.498,1036796877.41,360322.569788,337732.233366,502791.361519,0,0.210553287529,0.137150939649,0.0318315091151,0.867517587483,0.48964316763,-0.020713664741
6,18,47,47,5638.04166667,2137084948.95,1857152114.64,929393863.619,927758251.019,329396.663671,266293.207252,627412.217479,0,0.261436735041,0.144701071975,0.0183221935019,0.869011835748,0.500440355043,0.000880710086516
6,19,46,46,5518.08333333,1306577714.14,1061913818.73,536100868.549,525812950.184,192442.512116,176114.373334,272354.692782,0,0.252644151871,0.145097516667,0.0226546038131,0.812744475311,0.504844045808,0.00968809161614
6,20,46,46,5518.08333333,1335445.23294,161886.832756,102236.196518,59650.6362381,29.3375114106,0,3.19385176907,0.847826086957,4.07925537693,1,0.630998776395,0.121223116278,0.631528795625,0.26305759125
6,21,46,46,5518.08333333,224.322009921,0,0,0,0,0,0,1,,,,0,,
7,5,18,18,2159.25,7128964.29447,1807526.64475,1005340.98885,802185.6559,837.108553779,17.8579535953,2777.12509968,0.5,1.72406176661,0.360456474832,0.114374041498,0.253546878633,0.556197050688,0.112394101375
7,6,18,18,2159.25,327679159.926,277108180.53,139796055.551,137312124.979,128335.385217,132062.310347,197700.187183,0,0.366981781437,0.16020891596,0.0446292739672,0.845669222885,0.504481878824,0.0089637576478
7,7,18,18,2159.25,441403555.006,387051141.398,193025985.405,194025155.993,179252.58372,149921.723456,281696.623215,0,0.323141614197,0.161831642252,0.0341733133205,0.876864576663,0.498709252498,-0.00258149500403
7,8,17,17,2039.29166667,483281747.597,426517314.473,210914386.715,215602927.758,209149.736374,200161.937743,365728.475277,0,0.27007900812,0.146963926317,0.0322350709758,0.882543809265,0.494503692016,-0.0109926159688
7,9,17,17,2039.29166667,502262975.244,443345515.703,219910273.939,223435241.763,217401.719896,212050.38786,328229.548111,0,0.317147901387,0.154332451835,0.0338952850215,0.882695993045,0.496024581619,-0.00795083676154
7,10,17,17,2039.29166667,467337455.286,408331529.525,209893966.766,198437562.759,200232.039487,203039.037732,301750.075261,0,0.274967207271,0.145258118088,0.0385910428713,0.873740216853,0.514028311773,0.0280566235467
7,11,18,18,2159.25,457359521.026,396700399.813,197849227.693,198851172.12,183721.384653,175001.498255,257423.71234,0,0.298270430502,0.163536897768,0.037777914419,0.867371032143,0.498737152233,-0.00252569553333
7,12,19,19,2279.20833333,472530252.1,411135306.295,206917802.391,204217503.904,180385.136489,172752.624965,292660.278693,0,0.37491568008,0.156801524419,0.058093341343,0.870071925485,0.503283953537,0.00656790707363
7,13,20,20,2399.16666667,515972620.922,448722556.644,222779351.051,225943205.593,187032.673836,190305.355376,270894.007744,0,0.302862193389,0.155445624936,0.0406550308483,0.869663502382,0.496474598285,-0.00705080342996
7,14,19,19,2279.20833333,600391894.708,528825567.001,261574816.761,267250750.24,232021.601214,244545.348993,325095.984717,0,0.268964555804,0.145676701088,0.0204912378937,0.88080064315,0.494633453985,-0.0107330920301
7,15,20,20,2399.16666667,734546010.175,649424596.042,324363251.434,325061344.608,270687.570424,268593.406591,343504.746332,0,0.266339426915,0.148603798815,0.0243406016458,0.884116974357,0.499462529462,-0.00107494107563
7,16,20,20,2399.16666667,953148140.908,857990488.112,426074998.657,431915489.455,357620.210397,332168.911995,551786.467828,0,0.222926084125,0.136697450038,0.0276862461506,0.900164886535,0.496596412852,-0.00680717429695
7,17,20,20,2399.16666667,1005721112.53,903905858.765,448208854.975,455697003.79,376758.259992,333699.575279,573150.369788,0,0.210192984069,0.137955574044,0.0255311030594,0.898763929189,0.495857893417,-0.00828421316572
7,18,18,18,2159.25,743216044.499,662728320.614,334960205.49,327768115.124,306925.238214,312629.845026,389126.59594,0,0.21274728123,0.138023624376,0.0256985232944,0.891703462969,0.505426122698,0.0108522453954
7,19,18,18,2159.25,593045724.17,510703834.004,254501363.583,256202470.421,236519.084869,223406.428831,398605.382761,0,0.21520824334,0.135811805424,0.0327724009151,0.861154230087,0.498334546635,-0.00333090673057
7,20,17,17,2039.29166667,3307899.80476,904908.690153,487867.393604,417041.296548,443.736766518,0,947.351319933,0.588235294118,1.92671582558,0.44933446562,0.227998517856,0.273559884991,0.539134388821,0.078268777642
7,21,18,18,2159.25,0,0,0,0,0,0,0,1,,,,,,
8,5,28,28,3358.83333333,85618516.6803,43130415.474,21827992.5442,21302422.9298,12840.8918198,67.6901216232,45477.173451,0.464285714286,0.688569202214,0.205846881621,0.0663805268718,0.503751024268,0.506092795637,0.0121855912743
8,6,27,27,3238.875,534907387.353,449274815.835,219088101.081,230186714.754,138713.230932,129794.395658,203361.886619,0,0.381540889142,0.165805244581,0.0419802124863,0.839911406081,0.487648302017,-0.0247033959669
8,7,25,25,2998.95833333,660209677.155,564539380.656,273232318.377,291307062.278,188245.156453,165492.550133,286480.134014,0,0.315507002196,0.155168585525,0.0622000597111,0.855091041817,0.48399160048,-0.0320167990402
8,8,25,25,2998.95833333,808139359.236,689265504.811,332225513.537,357039991.274,229834.97208,225338.597455,371777.942312,0,0.301494783784,0.149045111733,0.0373014431593,0.852904263272,0.48199933294,-0.0360013341209
8,9,27,27,3238.875,957680226.731,822440936.584,402441352.03,419999584.554,253927.964674,274161.919998,392267.679009,0.037037037037,0.334771819117,0.148691633785,0.0491864595152,0.858784501996,0.489325535888,-0.0213489282245
8,10,26,26,3118.91666667,756392982.321,638136559.028,317739023.529,320397535.499,204601.990764,196581.522011,316051.685776,0,0.373171196594,0.157889829314,0.0443478714997,0.843657429329,0.497916972526,-0.00416605494888
8,11,27,27,3238.875,646282189.179,535122575.338,265950625.994,269171949.344,165218.656274,156143.063654,246400.741323,0,0.39320380746,0.162756750952,0.0284986435097,0.828001427702,0.496990107035,-0.00601978592962
8,12,27,27,3238.875,712755133.515,602009734.42,301261818.812,300747915.608,185870.011785,174843.198036,311247.15673,0,0.350165683089,0.155996520939,0.0318207674354,0.844623498466,0.500426823002,0.000853646003569
8,13,27,27,3238.875,667877342.479,563079424.342,283851847.392,279227576.95,173850.310476,198451.639993,239571.261917,0,0.438609456895,0.164750220466,0.0415221783303,0.843088076999,0.504106232835,0.00821246567049
8,14,27,27,3238.875,861963720.272,727014166.103,363103054.031,363911112.072,224465.027549,193758.845161,369779.675449,0,0.32176297668,0.150281508076,0.036910724462,0.843439403544,0.49944426252,-0.00111147496043
8,15,27,27,3238.875,1151620567.45,984234857.768,487125684.661,497109173.107,303881.70515,277943.474288,425599.763111,0,0.274786832589,0.152315696441,0.0287421439506,0.854652031741,0.4949282997,-0.010143400599
8,16,27,27,3238.875,1331299803.47,1142786561.73,565085969.4,577700592.325,352834.413716,337086.290853,502507.253094,0,0.266034614557,0.142748788554,0.0239594186976,0.85839910646,0.49448076161,-0.0110384767793
8,17,28,28,3358.83333333,1364886322.42,1158746739.99,579552463.889,579194276.105,344984.887608,338048.806534,443652.078806,0,0.23280610552,0.142806554065,0.0236773808681,0.848969413028,0.50015455827,0.000309116540683
8,18,28,28,3358.83333333,1069444449.51,901372956.058,457267571.358,444105384.7,268358.940919,254807.085778,415212.86791,0,0.329608073047,0.154437303793,0.0292363272639,0.842842240636,0.50730118791,0.0146023758192
8,19,27,27,3238.875,913810990.259,762259760.359,383277505.194,378982255.164,235347.07587,234089.731836,329567.694441,0,0.291563515858,0.146495771967,0.0200413281003,0.834154730556,0.502817445085,0.00563489016937
8,20,27,27,3238.875,14681309.3552,3845254.53432,2016717.99518,1828536.53914,1187.21918392,0,2978.41244834,0.518518518519,1.80326203353,0.37248987252,0.226117052121,0.26191495876,0.524469310726,0.0489386214514
8,21,27,27,3238.875,0,0,0,0,0,0,0,1,,,,,,
9,5,48,48,5758,893406.797932,231125.68623,153764.059306,77361.6269236,40.1399246665,0,0,0.958333333333,2.2418902019,0.626962817985,0.251427944137,0.258701508389,0.665283300244,0.330566600488
9,6,47,47,5638.04166667,1257610322.72,1086030199.79,542771286.089,543258913.702,192625.429892,197793.259247,395815.719775,0.148936170213,0.306579397347,0.140425650919,0.0413466674544,0.863566543764,0.499775499975,-0.000449000049039
9,7,47,47,5638.04166667,2076429979.9,1820646914.74,900406344.933,920240569.81,322921.862303,326621.092606,497846.199328,0,0.212744374887,0.138584917001,0.0237963824223,0.87681594485,0.494552973255,-0.0108940534904
9,8,46,46,5518.08333333,2345590393.82,2063568647.23,1010059368.25,1053509278.98,373964.748731,379938.433128,521670.122858,0,0.204045250387,0.134668827115,0.026185315039,0.879765134043,0.489472143128,-0.0210557137436
9,9,46,46,5518.08333333,2698011171.52,2376604143.81,1169937892.02,1206666251.79,430693.775401,408822.462092,627991.379968,0,0.195574330519,0.131100462826,0.0234581122059,0.880872610498,0.492272932817,-0.0154541343664
9,10,45,45,5398.125,2597613479.3,2271862985.42,1117474609.76,1154388375.67,420861.500136,426344.476653,583356.221485,0,0.201640171657,0.133820269744,0.0297959525351,0.874596241329,0.491875882008,-0.0162482359835
9,11,46,46,5518.08333333,2697042577.01,2328587698.97,1147280877.6,1181306821.38,421992.122683,384242.477968,595445.01452,0,0.241918472166,0.143106273847,0.0331552957301,0.863385590879,0.492693866802,-0.0146122663958
9,12,47,47,5638.04166667,2549436802.29,2205932958.89,1089964095.65,1115968863.24,391258.718772,393277.613172,559720.330042,0,0.237543985975,0.138927591917,0.0267457553804,0.865262852135,0.494105721236,-0.0117885575272
9,13,47,47,5638.04166667,2383392503.3,2085170841.16,1035095595.92,1050075245.25,369839.558564,379483.06581,487283.151483,0,0.213272503973,0.138233980795,0.02621528324,0.874875136291,0.496408052272,-0.00718389545513
9,14,47,47,5638.04166667,2597565777.15,2276775078.62,1132242724.59,1144532354.03,403823.741155,392857.811065,528843.785537,0,0.199096924018,0.136165290207,0.0190654072315,0.876503339646,0.497301088378,-0.00539782324433
9,15,48,48,5758,2902689981.55,2556499672.09,1266275070.56,1290224601.53,443990.912137,419590.760396,582455.216708,0,0.20876593402,0.134849470038,0.0201441598876,0.880734659344,0.495315952661,-0.00936809467754
9,16,48,48,5758,3505001090.72,3132710794.35,1532782706.64,1599928087.71,544062.312322,486457.897264,794290.77628,0,0.178174688996,0.131914456041,0.0247014522902,0.893783115402,0.489283182285,-0.0214336354304
9,17,48,48,5758,3790883155.91,3411301852.44,1682872061.37,1728429791.08,592445.615221,466019.08056,975531.417676,0,0.171425006202,0.130335615541,0.0227063004677,0.899869954347,0.493322530271,-0.0133549394571
9,18,48,48,5758,2934505022.26,2570831663.32,1292422779.84,1278408883.48,446479.969316,411252.118069,629419.159138,0,0.196961838942,0.133950062239,0.0201995458624,0.876069948364,0.502725556979,0.00545111395776
9,19,48,48,5758,2266003080.26,1894775292.33,951970473.931,942804818.395,329068.303634,324712.783386,479347.808185,0,0.199873729889,0.135631249208,0.0204393177932,0.836175073562,0.502418665573,0.00483733114554
9,20,48,48,5758,64568901.2175,49375970.158,24654878.9468,24721091.2113,8575.19453943,0,0,0.979166666667,0.131811635455,0.120225313876,0.00134098154032,0.764702034989,0.49932950923,-0.00134098154032
9,21,48,48,5758,133625326.723,118583048.832,59343972.9995,59239075.8323,20594.4857297,0,0,0.979166666667,0.0268573212512,0.104224964503,0.000884588212815,0.887429439759,0.500442294106,0.000884588212815
10,5,29,29,3478.79166667,778937.910717,172384.953224,117675.704453,54709.2487717,49.5531120406,0,0,0.931034482759,1.44170331533,0.458044308113,0.360962530051,0.221307694558,0.682633270779,0.365266541558
10,6,28,28,3358.83333333,94557881.1825,79310326.3398,39146657.5172,40163668.8226,23612.4625633,314.032583479,49602.5301728,0.25,2.13856392762,0.388040341812,0.205186632001,0.83874897944,0.493588405493,-0.0128231890147
10,7,28,28,3358.83333333,473355633.85,415285801.831,204272359.71,211013442.121,123639.89535,78144.9906038,298898.369831,0,0.89462726004,0.190834868094,0.068344404854,0.877323036072,0.491883803418,-0.0162323931639
10,8,27,27,3238.875,580653483.089,505980870.693,250389731.655,255591139.038,156221.178864,142860.244075,310948.297998,0,0.545126385799,0.175110802338,0.0485792576989,0.871399010649,0.49486007507,-0.0102798498592
10,9,28,28,3358.83333333,738406047.183,636658774.509,310710176.571,325948597.938,189547.593264,126441.752849,389849.417632,0,0.403170625614,0.161212571909,0.0348169262041,0.862206880534,0.488032505027,-0.0239349899457
10,10,29,29,3478.79166667,835852345.611,727142624.572,358343955.293,368798669.279,209021.606996,157593.54559,397945.792761,0,0.358469936646,0.155787743333,0.0408777227207,0.869941477571,0.492811098103,-0.0143778037936
10,11,29,29,3478.79166667,772707523.623,658886637.474,331700142.249,327186495.225,189401.004891,153860.770308,381557.114072,0,0.480676442534,0.163627488479,0.0342395982353,0.852698617951,0.50342520759,0.00685041518066
10,12,30,30,3598.75,754826616.974,639948369.63,319848253.966,320100115.664,177825.180863,179951.921544,297911.360732,0,0.357185716847,0.164345369382,0.0241858405774,0.847808430756,0.499803217174,-0.000393565652643
10,13,30,30,3598.75,715561241.127,609046167.266,305063305.408,303982861.858,169238.25419,181266.262079,280630.217059,0,0.3713232094,0.156682851376,0.0251693588288,0.851144713074,0.500886996428,0.00177399285656
10,14,28,28,3358.83333333,717785122.642,614705570.701,305590297.291,309115273.41,183011.632224,190857.933251,302404.993568,0,0.359711339444,0.153376758687,0.0292811469104,0.856392186618,0.49713279309,-0.00573441381974
10,15,28,28,3358.83333333,802396746.606,694277330.503,344433040.643,349844289.86,206701.929391,199009.440097,337298.522522,0,0.3139390763,0.147446840182,0.0328746608497,0.86525441864,0.496102962765,-0.00779407447016
10,16,28,28,3358.83333333,894049116.194,780015279.794,385674697.798,394340581.996,232228.039436,230625.17445,412575.848629,0.0357142857143,0.302156356654,0.145403674454,0.0210638399535,0.872452380597,0.494445054845,-0.0111098903102
10,17,29,29,3478.79166667,990116456.339,873570411.201,432342887.098,441227524.103,251113.172304,177725.866604,489139.487607,0.0344827586207,0.29322714534,0.148199811918,0.0226178031872,0.882290568557,0.494914756217,-0.0101704875654
10,18,29,29,3478.79166667,896946962.106,783336029.543,393750446.901,389585582.642,225174.745889,219325.325405,404805.508418,0,0.313850042893,0.146814075317,0.0284504505482,0.873335952555,0.502658414845,0.00531682968963
10,19,29,29,3478.79166667,726318353.443,621536590.623,315351091.611,306185499.012,178664.504856,186888.212338,323872.402243,0.0344827586207,0.321875657267,0.148548608464,0.0301501894416,0.855735763355,0.507373333072,0.0147466661443
10,20,28,28,3358.83333333,2869.13798499,308.042694092,0,308.042694092,0.0917112174143,0,0,0.964285714286,6.2449979984,1,1,0.10736419639,0,-1
10,21,28,28,3358.83333333,0,0,0,0,0,0,0,1,,,,,,
11,5,55,55,6597.70833333,1007582.85676,304180.932268,192376.721703,111804.210565,46.1040283837,0,0,0.963636363636,1.33889980435,0.409670032691,0.321634746286,0.301891730517,0.632441751915,0.264883503831
11,6,54,54,6477.75,340771195.517,293469803.622,144527321.454,148942482.168,45304.2805946,15727.8374525,126169.07617,0.222222222222,1.51635558835,0.204149146884,0.115094415277,0.861193104003,0.492477657566,-0.0150446848673
11,7,54,54,6477.75,698580348.593,609324216.422,288705228.719,320618987.703,94064.1760522,97246.2979296,187899.702121,0.037037037037,1.05444199727,0.186690086487,0.0848671187666,0.872232117107,0.473812169183,-0.052375661634
11,8,53,53,6357.79166667,973249305.751,851565751.492,402578903.25,448986848.242,133940.493199,148094.289141,251116.684941,0.0377358490566,0.982611740111,0.169834368447,0.085552824195,0.874971856091,0.472751402396,-0.0544971952083
11,9,52,52,6237.83333333,1219748422.69,1050603109.25,499449264.88,551153844.366,168424.363574,176364.212006,317625.825618,0,0.905971117302,0.175454097918,0.0802776529904,0.861327704718,0.475392905736,-0.0492141885284
11,10,54,54,6477.75,1115384735.72,953547160.336,460110106.615,493437053.721,147203.451868,136804.484193,292795.788393,0.0185185185185,0.938628009527,0.182778425468,0.0890778843676,0.854904258416,0.482524751532,-0.0349504969355
11,11,54,54,6477.75,1004646854.83,848760569.198,419296448.222,429464120.976,131027.064829,120478.151693,253324.006556,0,0.985068442792,0.185478928067,0.0634327333134,0.844834744788,0.494010282097,-0.0119794358069
11,12,55,55,6597.70833333,1006254473.79,858503100.006,417396734.383,441106365.623,130121.408318,138419.760173,240700.935705,0,0.872113531425,0.170412080884,0.0909099410007,0.853166989436,0.486191295501,-0.0276174089988
11,13,55,55,6597.70833333,982598455.999,854254225.973,422036512.873,432217713.1,129477.415917,129715.775991,245081.196303,0.0545454545455,0.894299873214,0.167821273506,0.0634234319318,0.869382829534,0.494040883898,-0.0119182322048
11,14,52,52,6237.83333333,972665462.209,848210536.072,414412293.388,433798242.684,135978.390371,122097.799897,289111.151134,0.0192307692308,0.825477302909,0.170646323261,0.0691940589064,0.872047552861,0.48857244253,-0.0228551149406
11,15,52,52,6237.83333333,1117311247.11,976111162.894,480915331.4,495195831.494,156482.405145,160035.06985,285194.076071,0,0.824492362235,0.159692448758,0.0858472828608,0.873625111552,0.492685003186,-0.0146299936277
11,16,53,53,6357.79166667,1366810641.73,1214155306.34,599850079.504,614305226.837,190971.231836,169396.447198,357954.117255,0,0.779410983739,0.16331580109,0.0707405509107,0.88831274009,0.494047241215,-0.0119055175709
11,17,53,53,6357.79166667,1581578788.42,1412611021.8,696570490.212,716040531.589,222185.799073,219671.247166,395457.68437,0.0188679245283,0.572212316461,0.147226452099,0.0817924185801,0.893165128505,0.493108491624,-0.0137830167515
11,18,54,54,6477.75,1370132080.24,1212444713.63,606584022.962,605860690.669,187170.655495,212534.147163,325491.810075,0.0185185185185,0.717964624512,0.152064428815,0.0556982057817,0.884910828028,0.500298294959,0.000596589918992
11,19,54,54,6477.75,1127738159.13,990485443.721,497160568.878,493324874.843,152905.784218,159812.291426,281668.252908,0.037037037037,0.821326185655,0.149126715479,0.0687505683219,0.878293809343,0.501936269765,0.0038725395307
11,20,54,54,6477.75,32507.4068251,0,0,0,0,0,0,1,,,,0,,
11,21,54,54,6477.75,0,0,0,0,0,0,0,1,,,,,,
12,5,58,58,6957.58333333,3714721.44737,1111849.10995,608820.174172,503028.935776,159.803922811,0,0,0.931034482759,2.39303220104,0.607913907883,0.363614049179,0.299308878391,0.547574458373,0.095148916745
12,6,57,57,6837.625,361288578.968,293796230.059,149348999.268,144447230.791,42967.5845135,38358.7695081,96558.7288524,0.210526315789,0.587044254805,0.197370675152,0.0573861940978,0.813189918425,0.50834212283,0.0166842456609
12,7,57,57,6837.625,697760949.682,590986415.109,296024922.108,294961493.001,86431.5336259,81151.7231413,144910.739207,0,0.549779371618,0.182464182166,0.0407137634494,0.846975479751,0.500899706896,0.00179941379297
12,8,56,56,6717.66666667,908144568.433,779675598.625,378869430.416,400806168.209,116063.454368,107787.235752,178309.721165,0,0.458750949621,0.174639705634,0.0571049911249,0.858536873672,0.485932137781,-0.0281357244371
12,9,57,57,6837.625,1072123344.08,925967841.327,444078141.986,481889699.341,135422.437078,123378.102587,227119.764905,0,0.447612424177,0.166012006599,0.055885587961,0.863676596953,0.479582683292,-0.0408346334153
12,10,57,57,6837.625,1016975228.54,873047489.605,415099865.697,457947623.908,127682.856197,122978.929157,204799.938566,0,0.420052120487,0.168970709264,0.0570006009503,0.85847468562,0.475460808993,-0.0490783820138
12,11,58,58,6957.58333333,1081912972.62,932933728.52,455237314.93,477696413.589,134088.760971,123148.615072,214260.787509,0,0.400389900747,0.173301777724,0.0426568960128,0.862300159193,0.487963186466,-0.0240736270678
12,12,59,59,7077.54166667,1016891648.03,869107231.921,420887891.548,448219340.373,122797.896904,117312.827414,177435.764512,0,0.400958451755,0.174433144825,0.0519463302787,0.854670439674,0.484276135429,-0.0314477291417
12,13,59,59,7077.54166667,856916587.088,729781984.615,362830357.164,366951627.451,103112.3544,97155.1580076,150010.601551,0,0.449830512385,0.181699480948,0.0412846557765,0.851637132028,0.497176368851,-0.00564726229768
12,14,59,59,7077.54166667,806969843.63,681005087.139,337429575.83,343575511.309,96220.5691202,89103.9820332,169228.111352,0,0.479411322326,0.186634262331,0.0471207514505,0.843904010186,0.495487599436,-0.00902480112899
12,15,59,59,7077.54166667,1112578981.12,951097018.702,456033988.144,495063030.558,134382.39766,98553.1471928,249477.508211,0,0.454383719547,0.17777854379,0.0513447557432,0.854857978483,0.479482091918,-0.0410358161639
12,16,58,58,6957.58333333,1334794817.48,1133775478.5,550401765.195,583373713.303,162955.357368,140705.355869,332955.14928,0,0.393611041599,0.167379875672,0.0432283181879,0.849400569775,0.48545922507,-0.0290815498597
12,17,58,58,6957.58333333,1440024011.43,1227918659.29,613283054.239,614635605.051,176486.374717,149907.711586,263517.754522,0,0.378396631145,0.168569513257,0.0383886347522,0.852707072622,0.499449250648,-0.0011014987045
12,18,58,58,6957.58333333,1357955005.16,1147510554.79,582518330.233,564992224.558,164929.473326,144695.243663,279503.209032,0,0.419268887272,0.163747107309,0.0360815269001,0.845028407002,0.507636577111,0.0152731542218
12,19,58,58,6957.58333333,1136141398.46,972551979.824,486515140.665,486036839.159,139783.015629,123658.571242,256118.605353,0.0172413793103,0.469613847493,0.161639576038,0.049473137109,0.856013152184,0.500245900227,0.000491800454971
12,20,58,58,6957.58333333,31036279.7187,17939890.8541,9839492.67868,8100398.17545,2578.46582565,0,5827.25741638,0.689655172414,2.22987938174,0.542209582681,0.318453689576,0.578029680643,0.548470041356,0.096940082711
12,21,58,58,6957.58333333,0,0,0,0,0,0,0,1,,,,,,
13,5,22,22,2639.08333333,15981997.9703,3988749.51117,2131470.20935,1857279.30182,1511.41476315,0,5313.75419383,0.727272727273,1.1945909719,0.252856051052,0.101785372913,0.249577650965,0.53437053477,0.0687410695396
13,6,22,22,2639.08333333,434857078.741,341369892.77,176253990.086,165115902.684,129351.691346,111261.417404,281697.62934,0,0.475266514477,0.161584208787,0.0684453233197,0.785016294914,0.516313810382,0.0326276207644
13,7,21,21,2519.125,481933826.446,390510097.737,199942684.518,190567413.219,155018.150245,116101.582062,245034.196431,0,0.41066309369,0.159588323452,0.0595803568966,0.810298170222,0.512003878202,0.0240077564033
13,8,20,20,2399.16666667,593755496.126,500690601.97,255471662.551,245218939.419,208693.547191,160038.880077,445844.898562,0,0.346756653331,0.158075521602,0.0433480319157,0.84326057651,0.510238581563,0.020477163126
13,9,20,20,2399.16666667,554411495.017,466095586.777,238636635.931,227458950.845,194273.950723,199420.776153,285252.578153,0,0.333641061723,0.160376488853,0.0402174267013,0.840703324094,0.511990764774,0.0239815295471
13,10,20,20,2399.16666667,622502813.476,527199753.035,266940586.517,260259166.519,219742.86337,176444.593165,414665.365826,0,0.306867357706,0.156379965207,0.0221271086523,0.846903406093,0.506336706305,0.0126734126101
13,11,21,21,2519.125,713987600.218,604650918.153,307272842.506,297378075.647,240024.182267,215979.74972,435135.459894,0,0.324858180593,0.153417373872,0.0255174563145,0.84686473262,0.508182214367,0.0163644287334
13,12,22,22,2639.08333333,695148016.425,589181848.531,297062536.026,292119312.504,223252.460841,221240.096438,335811.342494,0,0.320328583399,0.156193603105,0.0342114897376,0.847563158651,0.504194989658,0.00838997931545
13,13,22,22,2639.08333333,772273553.643,668359970.84,330216969.815,338143001.025,253254.591243,224858.443459,437045.249148,0,0.320075725928,0.152095470045,0.0341900939512,0.865444592382,0.494070537169,-0.0118589256619
13,14,22,22,2639.08333333,609935328.859,516657935.392,262146526.01,254511409.382,195771.739705,177648.106638,312845.911649,0,0.320685569745,0.157623599685,0.0336568303633,0.847070026847,0.507388947411,0.0147778948229
13,15,22,22,2639.08333333,747941027.438,634392430.76,316733292.15,317659138.61,240383.629705,185390.541669,416323.595756,0,0.335415382714,0.162433094007,0.0303110459097,0.848185094128,0.49927028885,-0.00145942230048
13,16,22,22,2639.08333333,1004253157.59,867007001.011,436266926.063,430740074.949,328525.814271,269299.249034,605232.631351,0,0.296484715708,0.146237842161,0.0303017736527,0.863335100778,0.503187316312,0.00637463262444
13,17,21,21,2519.125,1267732726.65,1135814866.55,595306672.284,540508194.27,450876.739564,259798.548869,449339.856554,0,0.335076291637,0.158114049951,0.0429151540381,0.895941899009,0.524122979734,0.0482459594677
13,18,20,20,2399.16666667,784037784.114,672833877.839,342884182.85,329949694.989,280444.825775,226698.830638,412486.083134,0,0.316840614154,0.156732429616,0.0472104699555,0.858165118406,0.50961194753,0.0192238950602
13,19,20,20,2399.16666667,581273913.268,479055465.395,248731209.811,230324255.584,199675.775781,190214.226336,311277.706847,0,0.364906566599,0.151513994789,0.0505187495356,0.824147539499,0.519211715091,0.0384234301814
13,20,20,20,2399.16666667,20311158.5683,4369892.31839,2261302.15722,2108590.16117,1821.42090381,0,1475.66127249,0.65,1.59116127422,0.44280151512,0.10389026297,0.215147368561,0.517473198986,0.0349463979716
13,21,19,19,2279.20833333,0,0,0,0,0,0,0,1,,,,,,
14,5,59,59,7077.54166667,6895082.43136,1599898.7752,952495.18955,647403.585653,226.052893865,0,0,0.932203389831,1.944625051,0.430016477988,0.384110850938,0.232034756818,0.595347158403,0.190694316806
14,6,56,56,6717.66666667,1646994161.76,1279963463.59,647233889.963,632729573.631,190536.912161,188396.056568,381529.600955,0.196428571429,0.342995267328,0.140597905347,0.0225351632585,0.77715118445,0.505665910295,0.0113318205901
14,7,57,57,6837.625,2564239622.46,2113350084.92,1061908979.57,1051441105.35,309076.628934,235597.850991,409812.23063,0,0.268265515044,0.150568131993,0.022743567534,0.82416247936,0.502476606764,0.00495321352705
14,8,54,54,6477.75,2680660439.9,2207459870.81,1109230317.71,1098229553.11,340775.712371,336732.498128,536058.760215,0,0.244518108722,0.142649340833,0.0183870049891,0.823476124749,0.502491724706,0.00498344941274
14,9,57,57,6837.625,2841693169.66,2315327258.66,1163799488.14,1151527770.52,338615.712131,331984.317309,504403.290712,0,0.246174063173,0.142379571918,0.0191007990386,0.814770321928,0.502650104338,0.00530020867651
14,10,57,57,6837.625,3069280057.02,2557952535.29,1275631799.21,1282320736.08,374099.564584,325689.050413,598930.274572,0,0.256510328261,0.148001324087,0.0175964739391,0.833404735889,0.498692521308,-0.00261495738434
14,11,57,57,6837.625,2881714939.57,2377928613.53,1200879663.55,1177048949.98,347771.135962,280660.599528,620867.585091,0,0.245191995811,0.144086376682,0.016255810546,0.82517829258,0.505010813493,0.0100216269864
14,12,58,58,6957.58333333,2569714352.65,2083969859.32,1052096422.92,1031873436.4,299524.958521,244414.625963,549086.727506,0,0.251101910673,0.144333580934,0.0207487666445,0.810973350859,0.50485203431,0.00970406862082
14,13,58,58,6957.58333333,2505280471.94,2056946468.76,1039406300.94,1017540167.82,295640.938845,247129.465803,547164.238382,0,0.259725214628,0.147665221544,0.0187516149821,0.821044386766,0.505315192555,0.0106303851108
14,14,57,57,6837.625,2379710198.52,1956291806.53,990160065.213,966131741.317,286106.916733,214914.647126,572404.776695,0,0.276378806283,0.148341535325,0.0204341244406,0.822071447079,0.506141293394,0.0122825867877
14,15,56,56,6717.66666667,2689483226.14,2212101048.82,1108872123.16,1103228925.66,329296.042598,269044.372459,626447.52532,0,0.274913945096,0.146864054664,0.0240180011292,0.822500407263,0.501275528871,0.00255105774162
14,16,57,57,6837.625,2843434022.57,2373492475.66,1193560955.6,1179931520.06,347122.352522,287674.137679,604843.59825,0,0.273084903173,0.149753755291,0.0206459932348,0.834727465742,0.502871177321,0.00574235464233
14,17,58,58,6957.58333333,3343553335.2,2790199779.19,1399280019.27,1390919759.92,401030.019407,326031.097929,774699.274783,0,0.250673241335,0.148929526716,0.0227084523116,0.834501352144,0.501498147089,0.00299629417836
14,18,57,57,6837.625,3555547779.99,2963629232.79,1496886364.66,1466742868.13,433429.623999,387833.51374,687184.310649,0,0.23406371526,0.141772068775,0.019319287017,0.833522544536,0.505085571467,0.0101711429339
14,19,57,57,6837.625,2844569102.57,2336987335.59,1183924508.78,1153062826.8,341783.489968,330079.914873,586154.382578,0.0175438596491,0.291564122254,0.138453877165,0.0285964702757,0.821561105153,0.506602877455,0.0132057549092
14,20,57,57,6837.625,74007348.9118,35684514.3571,19103357.168,16581157.1891,5218.84636217,0,5124.45879564,0.701754385965,1.90557856253,0.311407308141,0.175287766919,0.482175282345,0.535340259274,0.0706805185473
14,21,57,57,6837.625,48.2551040649,0,0,0,0,0,0,1,,,,0,,
15,5,62,62,7437.41666667,54159.8918797,902.805511475,236.152313232,666.653198242,0.121386975066,0,0,0.983870967742,3.56371528556,1,0.476847869821,0.016669263548,0.261576065089,-0.476847869821
15,6,61,61,7317.45833333,332365082.142,259778105.932,131339373.229,128438732.703,35501.1390702,20891.4064082,89212.6239657,0.114754098361,1.0954465772,0.238399944209,0.10006510657,0.781604686804,0.505582919537,0.0111658390742
15,7,61,61,7317.45833333,602126812.89,489424874.868,247902196.84,241522678.028,66884.5455038,65383.1016343,127343.000478,0,0.75942439413,0.183059509677,0.0451905993054,0.812826906876,0.506517362664,0.0130347253283
15,8,60,60,7197.5,955878941.793,803764791.895,403302792.798,400461999.097,111672.774143,109709.868099,191172.349471,0,0.460748511232,0.163610357475,0.0394416870316,0.840864629142,0.501767179733,0.00353435946639
15,9,60,60,7197.5,1085703499.63,909940817.276,454571434.177,455369383.098,126424.566485,126492.950693,201158.77581,0,0.372210523856,0.166411725365,0.03733730081,0.838111710593,0.499561538011,-0.000876923977666
15,10,61,61,7317.45833333,1085972221.52,901428299.092,449735991.295,451692307.798,123188.716359,126568.845771,195980.758806,0,0.386210061228,0.161403914594,0.0273100145816,0.83006570631,0.498914879583,-0.00217024083317
15,11,61,61,7317.45833333,1316830744.25,1114234305.81,555503692.736,558730613.07,152270.673101,147632.77014,227284.177603,0,0.340132767573,0.159057921017,0.029093213616,0.846148459605,0.498551956121,-0.00289608775896
15,12,62,62,7437.41666667,1217403491.82,1019199695.32,512383092.775,506816602.549,137036.788579,139482.344976,190749.915819,0,0.339531333142,0.161229936174,0.0238387921934,0.837191368489,0.50273081431,0.00546162862018
15,13,62,62,7437.41666667,1042350828.07,861362049.004,440184326.433,421177722.571,115814.682383,120177.164882,171960.879128,0,0.458779262696,0.166226004397,0.0377531041615,0.826364814806,0.511032877455,0.0220657549096
15,14,61,61,7317.45833333,895607064.918,733142899.986,375215076.535,357927823.451,100190.922393,98827.7216926,178252.336796,0,0.454761562313,0.170406156905,0.0516833440168,0.81859883503,0.51178982507,0.0235796501395
15,15,62,62,7437.41666667,1116587898.75,932928846.368,466636404.09,466292442.278,125437.216735,116521.839599,204613.438069,0,0.394664616634,0.163136248253,0.0380212311317,0.835517604493,0.500184345148,0.000368690295278
15,16,62,62,7437.41666667,1300384852.48,1110729939.42,560669270.303,550060669.114,149343.513911,151205.645994,255205.167439,0,0.443631792358,0.165901447359,0.030462418172,0.854154781407,0.504775508795,0.00955101758947
15,17,62,62,7437.41666667,1694896245.59,1468811503.25,743783872.125,725027631.122,197489.473708,157187.684917,362723.632059,0,0.446824696669,0.161493909431,0.0452913638265,0.86660850602,0.506384835958,0.0127696719159
15,18,62,62,7437.41666667,1478694394.19,1264412592.62,636988674.841,627423917.783,170006.95931,129671.869517,343288.194869,0,0.549063176428,0.157892693052,0.0401015463141,0.855087161752,0.503782292708,0.00756458541598
15,19,62,62,7437.41666667,1152717653.05,951615962.763,478213716.482,473402246.281,127949.798352,127931.056365,230680.404754,0.0322580645161,0.564527797427,0.155161010329,0.0543775345761,0.825541241817,0.502528052486,0.00505610497233
15,20,62,62,7437.41666667,3514871.8296,669931.476576,363595.952127,306335.524448,90.0758296329,0,0,0.903225806452,1.64959978511,0.471014510501,0.188589357831,0.190599119698,0.542736033222,0.0854720664441
15,21,62,62,7437.41666667,0,0,0,0,0,0,0,1,,,,,,
16,5,49,49,5877.95833333,12239999.7378,5022157.53118,2587214.7227,2434942.80848,854.405092104,0,1170.35345375,0.714285714286,2.05658477884,0.438828643036,0.297399152359,0.410306996632,0.515160009744,0.0303200194877
16,6,48,48,5758,633300933.185,520298984.9,275657326.84,244641658.06,90361.0602467,87856.0938281,149877.925545,0,0.44176137294,0.168876966099,0.0764173391986,0.821566742818,0.529805621076,0.059611242151
16,7,48,48,5758,723272894.655,603385255.786,310447004.668,292938251.118,104790.770369,105133.397915,154113.805936,0,0.387108831611,0.164754975787,0.051379552363,0.834242870492,0.51450876814,0.0290175362801
16,8,47,47,5638.04166667,815990119.166,692214297.878,355840007.142,336374290.736,122775.661977,126003.745087,181197.796648,0.0212765957447,0.390630302353,0.161087241823,0.0388188157981,0.848312107731,0.51406046976,0.0281209395195
16,9,47,47,5638.04166667,767950318.942,648745447.009,329259700.654,319485746.356,115065.741859,125076.052634,183173.764584,0,0.363937311781,0.164743016823,0.0407568939969,0.844775281692,0.507532965621,0.0150659312419
16,10,48,48,5758,697312189.708,579604684.643,295949554.676,283655129.967,100660.764961,91525.5874344,185189.301875,0,0.411193609094,0.173200408029,0.0496339841282,0.831198268434,0.510605870721,0.0212117414417
16,11,48,48,5758,500479868.036,407572429.628,207672993.074,199899436.555,70783.6800327,61870.2201832,137017.280258,0,0.685213733416,0.190510350855,0.087235357873,0.814363285437,0.509536411143,0.0190728222861
16,12,48,48,5758,572191220.889,479978124.302,242420703.394,237557420.908,83358.4793856,78207.7306463,179488.731578,0.0208333333333,1.01350768376,0.180431017022,0.11379051024,0.838842168107,0.505066150143,0.0101323002864
16,13,48,48,5758,689200111.034,578148583.847,296090135.266,282058448.581,100407.881877,95032.4926869,186052.857443,0,0.442321233896,0.17393632724,0.0414715203535,0.838868965038,0.512135017777,0.0242700355545
16,14,49,49,5877.95833333,836124077.139,701431714.756,355334233.754,346097481.002,119332.542862,109245.345218,201255.821881,0,0.411753285551,0.177092941165,0.0358333627486,0.838908642789,0.506584213799,0.0131684275986
16,15,49,49,5877.95833333,1017353404.73,865484334.305,433231170.749,432253163.556,147242.339129,124403.376791,270245.8523,0,0.404040485891,0.169177461993,0.042673720724,0.850721421174,0.500565005717,0.00113001143407
16,16,48,48,5758,1229587819,1061686989.44,548215031.796,513471957.639,184384.680347,143621.966325,358889.898504,0,0.351619098529,0.15962943202,0.0501639558875,0.863449501558,0.516362202091,0.0327244041816
16,17,48,48,5758,1337285603.74,1158868558.6,587210718.839,571657839.757,201262.340847,185344.337029,356047.904578,0,0.307368654005,0.156245348991,0.0454555593551,0.866582692101,0.506710372357,0.0134207447139
16,18,49,49,5877.95833333,1200206140.08,1027317836.78,521155314.081,506162522.698,174774.603446,152290.195127,322213.606327,0,0.373324121279,0.156565364053,0.0374801759579,0.855951159115,0.507297055909,0.0145941118185
16,19,49,49,5877.95833333,888843831.378,742691884.063,387047711.142,355644172.921,126352.015776,137759.550853,202755.900167,0.0408163265306,0.315788196455,0.155598815877,0.0431148715233,0.8355707244,0.521141700142,0.0422834002834
16,20,48,48,5758,9563651.08186,3131467.87321,1871767.77279,1259700.10042,543.84645245,0,1053.89508615,0.770833333333,1.59308289253,0.384896176846,0.252867169867,0.327434349748,0.597728556887,0.195457113774
16,21,47,47,5638.04166667,0,0,0,0,0,0,0,1,,,,,,
17,5,31,31,3718.70833333,306410761.234,278458698.318,137285539.056,141173159.261,74880.4889648,0,3163.70570796,0.709677419355,1.22830541243,0.299990127611,0.192916227884,0.908775844542,0.493019395285,-0.0139612094308
17,6,28,28,3358.83333333,617741000.016,528451712.822,268276152.383,260175560.439,157331.924623,25292.2861714,145304.164117,0,0.983082765636,0.226446701747,0.128420185512,0.855458376258,0.507664458027,0.015328916054
17,7,26,26,3118.91666667,184050936.928,132595664.123,65756437.4685,66839226.6545,42513.3718833,26241.757325,72867.8564371,0,0.99994226093,0.220437659163,0.113797029146,0.720429172144,0.495916951006,-0.00816609798802
17,8,26,26,3118.91666667,180280896.092,128289974.21,64573306.9616,63716667.2484,41132.8637219,12197.2560405,88491.0677821,0.0384615384615,0.738471332199,0.225048237119,0.0708156999806,0.711611584984,0.503338685343,0.00667737068698
17,9,26,26,3118.91666667,495426207.018,433507260.322,213589584.44,219917675.883,138992.896141,16600.4688144,190002.518675,0,0.485447634756,0.198850773522,0.0635932549923,0.875018830618,0.492701285512,-0.0145974289761
17,10,26,26,3118.91666667,256986787.119,184461208.942,90073549.9349,94387659.0074,59142.7180193,26893.8043986,156701.79841,0,0.46952745394,0.190485043201,0.0603531055011,0.717784797461,0.48830618888,-0.0233876222392
17,11,28,28,3358.83333333,264021282.324,188512185.783,92715672.9484,95796512.8348,56124.3048032,32325.7170176,160873.305943,0.0357142857143,0.488317309535,0.183676054563,0.0708115369064,0.71400375047,0.491828539164,-0.0163429216712
17,12,31,31,3718.70833333,554978493.777,488671603,293335407.954,195336195.046,131408.962252,48740.5254929,134837.696957,0.0322580645161,0.766250535086,0.195279433562,0.103540591536,0.880523495017,0.600271033048,0.200542066095
17,13,31,31,3718.70833333,178249903.136,132498377.275,66110786.4599,66387590.8155,35630.214956,14387.6226448,89107.4778315,0.0322580645161,1.17065734975,0.22671049023,0.1142836179,0.74332930871,0.498955442469,-0.00208911506116
17,14,30,30,3598.75,191737128.058,142928530.728,71659976.1147,71268554.6131,39716.1599799,27664.734594,105528.917327,0.0333333333333,0.522158185172,0.188557067339,0.0621648957808,0.745440031233,0.501369291,0.00273858199984
17,15,31,31,3718.70833333,264426531.115,209517040.095,104503537.017,105013503.078,56341.3479398,52594.2025921,107623.350447,0,0.599511597593,0.182877732321,0.0699449205919,0.792345001129,0.498782996217,-0.00243400756518
17,16,31,31,3718.70833333,402263117.078,334250516.595,163338835.783,170911680.812,89883.4989554,83897.4663926,199937.727903,0,0.531492849374,0.178051839113,0.0674490772566,0.830925089585,0.488671902281,-0.0226561954386
17,17,31,31,3718.70833333,431313692.986,358326236.139,176523874.927,181802361.212,96357.7145663,95388.5446432,238650.251044,0,0.440381592968,0.160393843585,0.0507410628949,0.830778716201,0.492634524419,-0.0147309511615
17,18,29,29,3478.79166667,382538406.068,312854670.435,154649374.544,158205295.89,89931.993753,92124.5081359,196108.708128,0,0.453500534467,0.164655426726,0.0629051067087,0.817838589464,0.494316975769,-0.0113660484624
17,19,29,29,3478.79166667,286084692.514,230788183.54,108405814.037,122382369.502,66341.4787817,59420.2348406,121537.584755,0.0344827586207,0.565037529587,0.190260700698,0.0683811542209,0.806712800716,0.46971995002,-0.0605600999609
17,20,27,27,3238.875,11843.655156,0,0,0,0,0,0,1,,,,0,,
17,21,27,27,3238.875,218.719749451,0,0,0,0,0,0,1,,,,0,,
18,5,61,61,7317.45833333,62645546.9964,54189752.348,27551013.2455,26638739.1026,7405.54300134,0,0,0.934426229508,1.34929522396,0.426301000123,0.276322651184,0.865021616798,0.508417404614,0.016834809228
18,6,60,60,7197.5,344854280.42,286065300.831,150527907.627,135537393.204,39745.0921613,27204.7726502,103537.694678,0.25,1.33407190135,0.195849375802,0.141775279475,0.829525156199,0.526201210666,0.0524024213326
18,7,60,60,7197.5,666099010.886,568262665.699,292473115.308,275789550.391,78952.7843972,80982.9765551,158703.937772,0.0833333333333,0.653972769566,0.177231312262,0.0513401737456,0.853120416652,0.514679448364,0.0293588967275
18,8,59,59,7077.54166667,756727921.222,648174501.54,331389460.881,316785040.659,91581.8700995,92624.1569194,148175.255639,0.0338983050847,0.717474138154,0.176275973972,0.0573760020229,0.856548943633,0.511265808966,0.0225316179317
18,9,59,59,7077.54166667,888099627.823,768872237.297,389708621.285,379163616.012,108635.494287,112511.399726,176371.418779,0.0508474576271,0.601583705324,0.165432770989,0.0556375709259,0.865749982558,0.506857449626,0.0137148992528
18,10,60,60,7197.5,918028911.966,797148099.037,410746023.204,386402075.833,110753.469821,107659.711577,181868.162183,0.05,0.631087333955,0.172005808913,0.0630795708082,0.868325701562,0.51526940063,0.0305388012602
18,11,60,60,7197.5,1009570725.08,875115491.898,446064831.537,429050660.361,121586.035693,125328.188596,196160.35792,0.0333333333333,0.664559677772,0.167042641898,0.0568756894225,0.866819401707,0.509721100434,0.0194422008671
18,12,61,61,7317.45833333,978795127.015,845736667.757,434111679.649,411624988.108,115577.927366,124419.674605,180645.831314,0.016393442623,0.668910925758,0.164001661864,0.0508231606758,0.864058927567,0.513294144856,0.0265882897114
18,13,61,61,7317.45833333,949583849.703,819990181.997,425122572.609,394867609.388,112059.426189,129084.14276,164486.371782,0,0.745635371513,0.164825864975,0.0774268694313,0.863525830029,0.51844836919,0.0368967383809
18,14,61,61,7317.45833333,766210526.559,652496663.846,338525131.989,313971531.857,89169.8502571,94447.5885617,155569.128461,0.0491803278689,0.724133784495,0.176464142062,0.0915785726306,0.851589271133,0.518815115457,0.0376302309143
18,15,61,61,7317.45833333,1140126495.89,989843851.795,504931736.678,484912115.117,135271.539202,127812.85934,238057.505756,0.0327868852459,0.6522703109,0.175280210899,0.0502783160053,0.868187745273,0.510112514982,0.0202250299631
18,16,61,61,7317.45833333,1427121530.67,1254803205.48,630406327.114,624396878.364,171480.744859,142842.081239,313738.359573,0.016393442623,0.589253561262,0.165386524515,0.0422827397507,0.879254624441,0.502394578179,0.00478915635861
18,17,61,61,7317.45833333,1608500944.19,1417065404.36,718272970.767,698792433.598,193655.411458,189276.238292,345691.762888,0.0327868852459,0.61585786993,0.15659809478,0.0504827085365,0.880985124366,0.506873549064,0.013747098129
18,18,61,61,7317.45833333,1550016181.85,1352488358.24,704773338.57,647715019.667,184830.346362,153378.953496,318170.37074,0.0491803278689,0.616259264908,0.154865148299,0.0703989465609,0.87256402486,0.52109382996,0.0421876599196
18,19,61,61,7317.45833333,909960370.018,773185819.784,404034403.029,369151416.755,105663.166712,97214.1046925,178415.283792,0.0819672131148,0.6951531967,0.166276819,0.0749673055346,0.849691750607,0.522557957855,0.0451159157098
18,20,61,61,7317.45833333,26302546.9951,14146058.9679,8265742.7253,5880316.24262,1933.19296449,0,2137.60882956,0.786885245902,1.72077811178,0.298321860214,0.251631648827,0.537820879877,0.584314171463,0.168628342926
18,21,61,61,7317.45833333,61276496.2296,52954000.2445,26745234.0805,26208766.164,7236.66577004,0,0,0.983606557377,0.0394791205458,0.107038867741,0.010130828908,0.864181268559,0.505065414454,0.010130828908
19,5,43,43,5158.20833333,128593630.867,119973655.111,54861403.6659,65112251.4453,23258.7843217,0,0,0.976744186047,0.11824623698,0.119096737756,0.0854424896025,0.932967319625,0.457278755199,-0.0854424896025
19,6,43,43,5158.20833333,217067274.471,175741001.689,85332229.8813,90408771.808,34070.1635786,1361.86491968,4087.56623022,0,1.55984914385,0.327091637625,0.232831535559,0.809615369787,0.485556751475,-0.0288864970496
19,7,42,42,5038.25,166623893.544,136434253.522,68762029.53,67672223.9916,27079.6910677,2401.93152877,5722.81599238,0.0952380952381,1.10489105907,0.262423122753,0.192134883138,0.818815660944,0.503993885371,0.00798777074118
19,8,40,40,4798.33333333,279293121.805,214662984.725,111119500.527,103543484.198,44736.9888277,3292.72692023,9679.47592503,0.05,1.05427363644,0.23584924289,0.233645238387,0.768593882075,0.517646303432,0.0352926068648
19,9,40,40,4798.33333333,49989851.3757,20692201.3641,12020023.1272,8672178.23693,4312.37263581,4104.99815497,7490.8355875,0,1.27712713182,0.23800727514,0.19019261569,0.413928043287,0.580896295937,0.161792591874
19,10,41,41,4918.29166667,140694424.334,89280513.5923,45778651.4269,43501862.1654,18152.7488899,6566.20510647,15826.9223476,0,1.14600074722,0.219384790069,0.158941432803,0.634570374874,0.512750762568,0.0255015251361
19,11,44,44,5278.16666667,421190934.68,357321723.392,179597038.991,177724684.4,67698.0751003,12729.6041779,34305.3129139,0.0227272727273,0.912852415266,0.247893008926,0.124116454099,0.848360432218,0.502619984273,0.00523996854518
19,12,43,43,5158.20833333,264273309.497,196992179.779,99139001.2368,97853178.5421,38190.0394573,13313.1496165,30281.5156694,0,0.890401206414,0.228045439175,0.0889014652335,0.745410802754,0.503263638933,0.00652727786533
19,13,45,45,5398.125,343061434.446,269372836.095,136258378.903,133114457.192,49901.1853366,15030.6489237,52504.3717095,0.0222222222222,0.940737198851,0.233901177925,0.106498076501,0.785202908425,0.505835632419,0.0116712648389
19,14,46,46,5518.08333333,125193178.008,81255584.1028,39759184.657,41496399.4458,14725.3274723,74.9668582277,14671.0927037,0.413043478261,1.20813384179,0.248602991271,0.207267431324,0.649041628271,0.489310182137,-0.0213796357265
19,15,45,45,5398.125,83846528.0498,47707698.4367,24047625.2115,23660073.2252,8837.82765993,212.429335748,9933.06241945,0.2,1.74792535547,0.307813627427,0.307356649689,0.568988359403,0.504061734259,0.00812346851764
19,16,46,46,5518.08333333,254078594.504,213325007.454,103782521.733,109542485.721,38659.2580372,1183.2795013,9891.3800497,0.0434782608696,1.5119794007,0.337804330183,0.222970720826,0.839602438255,0.486499557515,-0.0270008849697
19,17,47,47,5638.04166667,175531284.722,132880486.68,65739573.4501,67140913.2296,23568.5535042,1405.65403641,7546.69958278,0.0425531914894,1.26036505689,0.294950320188,0.203487633658,0.757018823681,0.494727067102,-0.0105458657967
19,18,44,44,5278.16666667,109222382.054,80221771.1942,40976677.9047,39245093.2895,15198.7946309,1376.71692392,7071.49794901,0.0681818181818,1.2354608676,0.314688790374,0.204897726114,0.734481062265,0.510792485564,0.0215849711286
19,19,45,45,5398.125,210168337.454,177579211.143,88040889.0922,89538322.0506,32896.461483,995.781723526,4431.15043019,0.0222222222222,1.41459724229,0.377309383883,0.218022351397,0.844937983021,0.495783760529,-0.00843247894172
19,20,44,44,5278.16666667,105.848175049,0,0,0,0,0,0,1,,,,0,,
19,21,44,44,5278.16666667,163.852632523,0,0,0,0,0,0,1,,,,0,,
20,5,11,11,1319.54166667,8680160.60584,5766827.5376,2815860.49865,2950967.03896,4370.32621499,0,845.28914513,0.818181818182,0.794136282381,0.269375896891,0.0602182542873,0.664368759919,0.488285886874,-0.0234282262527
20,6,10,10,1199.58333333,150708511.873,128776290.086,66926613.5111,61849676.5747,107350.849672,85440.7903493,205433.369713,0,0.859216969172,0.163595981373,0.0425401825922,0.854472574146,0.519712234811,0.0394244696212
20,7,10,10,1199.58333333,179126213.439,156130181.922,77834997.4542,78295184.4681,130153.677184,145666.400689,211121.025029,0,0.615191033294,0.161139881605,0.0690272247519,0.871621070555,0.498526271448,-0.00294745710425
20,8,10,10,1199.58333333,210022585.11,183661736.204,88389558.5878,95272177.6166,153104.608159,151698.985774,259794.742909,0,0.616420411219,0.160470560366,0.0407022088323,0.874485646903,0.481262784587,-0.0374744308258
20,9,10,10,1199.58333333,301588097.991,267231315.277,129209988.545,138021326.731,222770.113464,169576.706996,370356.797058,0,0.287885396573,0.147301350481,0.0465549816794,0.886080442356,0.483513649632,-0.0329727007365
20,10,9,9,1079.625,191985379.921,164442284.454,81744076.6911,82698207.7631,152314.261391,188563.017894,217523.993988,0,0.375374475076,0.176414470363,0.0305767335084,0.85653545349,0.497098887688,-0.00580222462326
20,11,8,8,959.666666667,168465196.287,142154984.539,70812679.8021,71342304.737,148129.542764,138524.70138,224695.079213,0,0.383115136814,0.166180972974,0.0603940301268,0.843824051925,0.498137156651,-0.00372568669762
20,12,9,9,1079.625,247500705.429,214790233.169,103012167.01,111778066.159,198948.925015,236332.064968,271439.230776,0,0.329596376915,0.154002184618,0.0520597984078,0.867836852412,0.479594278986,-0.0408114420285
20,13,9,9,1079.625,200210671.756,171213170.39,83057792.5987,88155377.791,158585.77783,187728.493526,215445.503478,0,0.348893174945,0.160833066157,0.0463268904981,0.855165056327,0.485113338008,-0.0297733239841
20,14,9,9,1079.625,227456917.926,196965111.724,97998977.6207,98966134.1035,182438.450132,181684.811133,255879.588341,0,0.295358375736,0.153606738519,0.0533835127915,0.86594469634,0.497544853314,-0.00491029337281
20,15,10,10,1199.58333333,324611738.689,286079407.205,140057034.33,146022372.875,238482.312362,241998.361291,292639.049067,0,0.252867378309,0.142132120554,0.0307530105796,0.881297171693,0.489573981218,-0.0208520375642
20,16,10,10,1199.58333333,402032990.522,361743760.386,180144301.078,181599459.308,301557.841239,269321.168163,458640.556305,0,0.231845626737,0.13929061058,0.0356638068583,0.899786258627,0.497988689248,-0.00402262150452
20,17,10,10,1199.58333333,366101348.686,327072063.409,162755895.129,164316168.28,272654.72462,248336.300016,344495.263955,0,0.232433485192,0.142082580358,0.0256319749947,0.893392129209,0.497614786884,-0.00477042623174
20,18,10,10,1199.58333333,319540763.918,283964567.36,144518603.575,139445963.785,236719.33368,217531.880377,323904.614977,0,0.261924970443,0.144978019451,0.0403368477429,0.888664606915,0.508931818215,0.0178636364305
20,19,10,10,1199.58333333,240100990.492,205902891.715,104398019.35,101504872.364,171645.342173,177764.922041,207379.189278,0,0.261198521549,0.145715782678,0.0378826656262,0.857567856312,0.507025513246,0.0140510264921
20,20,10,10,1199.58333333,35042.701719,1183.85358429,555.718467712,628.135116577,0.986887322784,0,0.986887322784,0.9,3.64033736929,1,0.0611702746233,0.0337831709947,0.469414862688,-0.0611702746233
20,21,10,10,1199.58333333,0,0,0,0,0,0,0,1,,,,,,
