device,in_retention,out_retention
1,0.776732288599,0.785509933545
2,0.839961219067,0.845230737824
3,0.791775034978,0.795697302151
4,0.822293013208,0.826777078059
5,0.826930534385,0.820000019199
6,0.830421100049,0.842737975327
7,0.875698857299,0.877538384964
8,0.836343221235,0.843145956418
9,0.86918848282,0.878878156854
10,0.827501518553,0.836376363457
11,0.850526106404,0.861440730773
12,0.837268293144,0.849863342904
13,0.833041463832,0.835789655752
14,0.801195935178,0.805793164357
15,0.817254842864,0.816599328408
16,0.838838651442,0.83201362145
17,0.669436510869,0.687015868017
18,0.857718058373,0.850539234341
19,0.382780698146,0.340718407487
20,0.855750303498,0.865017461185
