quantile,rate,retention,abs_balance,window_cv,window_top4_share,window_max_mean,window_lag1,frame_active_fraction,frame_lag1
0,0,0,3.81210598444e-06,0.0268573212512,0.104224964503,1.04846721986,-0.352171379203,0,-0.0995336903853
0.1,0,0.439344260659,0.00555521926428,0.183735015471,0.1323974669,1.40053395387,0.0865919653859,0,0.550864303134
0.25,4494.86933204,0.758599226821,0.0140965742199,0.237761876386,0.14300277367,1.5479507072,0.22557578235,0.204150746787,0.632106219651
0.5,110443.405044,0.826615275156,0.0314462092834,0.33262564272,0.162109643598,1.80652657164,0.367399539995,0.970475859673,0.681005303903
0.75,235060.218454,0.863116725713,0.0632724013912,0.513353279248,0.20190930535,2.36705572254,0.498648481903,0.999305314345,0.719116823672
0.9,371536.309075,0.884867992013,0.123421175099,1.08339145043,0.344123066095,4.51460967203,0.614237179118,0.999652657173,0.74923004385
0.95,471544.756276,0.896333219866,0.210811282201,1.99791207961,0.607507697287,9.03929410259,0.687018303331,0.999652657173,0.768722433937
0.99,747029.051781,0.922727261696,0.570343043814,4.51157930079,1,27.1865534029,0.815783825664,0.999652657173,0.822602404175
1,4452210.62217,0.986870631449,1,6.2449979984,1,40,0.99835819359,0.999652657173,0.939424660108
