device,date,geometry_id,density,rate
1,2026-07-01,2b3ad2637245,0.8027229061489836,31522.928524470586
1,2026-07-02,2b3ad2637245,0.43689635803922466,17156.919980200353
1,2026-07-03,2b3ad2637245,0.7209545603089471,28311.885583332354
1,2026-07-04,2b3ad2637245,0.747637696110054,29359.732326241818
1,2026-07-05,2b3ad2637245,0.719786615796667,28266.020402335118
1,2026-07-06,2b3ad2637245,1.0712536294446142,42068.130028290005
1,2026-07-07,2b3ad2637245,0.5563735126187764,21848.787840539353
1,2026-07-08,2b3ad2637245,1.09851183967626,43138.55994408674
1,2026-07-09,2b3ad2637245,1.215794529567593,47744.251176119375
1,2026-07-10,2b3ad2637245,1.7955992708666546,70513.18336693352
1,2026-07-11,2b3ad2637245,1.0417600038926587,40909.91535286471
1,2026-07-12,2b3ad2637245,1.1105190227620996,43610.082023867646
1,2026-07-13,2b3ad2637245,1.37427534268109,53967.79270708641
1,2026-07-14,2b3ad2637245,0.7290980416674198,28631.680096279575
1,2026-07-15,2b3ad2637245,0.46245448946552153,18160.587801311027
1,2026-07-16,2b3ad2637245,0.5079291287907376,19946.376887612263
1,2026-07-17,2b3ad2637245,0.7127165413381144,27988.37857834775
1,2026-07-18,2b3ad2637245,5.476723538974535,215070.93337553
1,2026-07-19,2b3ad2637245,0.2589914879834253,10170.595733109112
1,2026-07-20,2b3ad2637245,0.7627710368035769,29954.01861527647
1,2026-07-21,2b3ad2637245,3.206767253318176,125929.75003780477
1,2026-07-22,2b3ad2637245,1.7387187647980047,68279.48589361765
1,2026-07-23,2b3ad2637245,2.278579887696715,89479.83218985
1,2026-07-24,2b3ad2637245,1.488054845296457,58435.91377479187
1,2026-07-25,2b3ad2637245,1.955858493043155,76806.5630218047
1,2026-07-26,2b3ad2637245,1.5323620977973007,60175.85958049999
1,2026-07-27,2b3ad2637245,1.7879298979461344,70212.0070923447
1,2026-07-28,2b3ad2637245,0.9765493707136417,38349.09378792471
1,2026-07-29,2b3ad2637245,0.3770534715462784,14806.889827622354
1,2026-07-30,2b3ad2637245,0.7870792986713702,30908.604058824705
1,2026-07-31,2b3ad2637245,0.6337759779140477,24888.382652684653
1,2026-08-01,2b3ad2637245,0.4366953731174988,17149.027302324175
1,2026-08-02,2b3ad2637245,0.3984438141663821,15646.888582313824
1,2026-08-03,2b3ad2637245,0.5433022067420483,21335.477658760235
1,2026-08-04,2b3ad2637245,0.8013648015511017,31469.595756911767
1,2026-08-05,2b3ad2637245,0.9996133226383528,39254.815180008125
1,2026-08-06,2b3ad2637245,0.7923535952027427,31115.72568361171
1,2026-08-07,2b3ad2637245,1.0506867770350814,41260.469734167644
1,2026-08-08,2b3ad2637245,0.6035335576301069,23700.762808134292
1,2026-08-09,2b3ad2637245,0.7162357496768076,28126.577889808235
1,2026-08-10,2b3ad2637245,0.6173939934785141,24245.06212390125
1,2026-08-11,2b3ad2637245,0.20678595052552315,8120.484277137295
1,2026-08-12,2b3ad2637245,0.6548241417430818,25714.944046250825
1,2026-08-13,2b3ad2637245,0.7290827496674455,28631.079579440586
1,2026-08-14,2b3ad2637245,0.22867866801457182,8980.211292932234
1,2026-08-15,2b3ad2637245,0.2804512703252745,11013.32138567353
1,2026-08-16,2b3ad2637245,0.1024584499678957,4023.543330239265
1,2026-08-17,2b3ad2637245,0.45267889552652224,17776.700227326528
1,2026-08-18,2b3ad2637245,0.6415928709378391,25195.35204172894
1,2026-08-19,2b3ad2637245,0.5204854194048742,20439.462420029413
1,2026-08-20,2b3ad2637245,0.6968510556172262,27365.340954088468
1,2026-08-21,2b3ad2637245,0.496660949005123,19503.87546743118
1,2026-08-22,2b3ad2637245,0.0,0.0
1,2026-08-23,2b3ad2637245,0.6154626202524012,24169.217097311794
1,2026-08-24,2b3ad2637245,0.8613977907688072,33827.09124349106
1,2026-08-25,2b3ad2637245,0.3555480983686844,13962.373822938234
1,2026-08-26,2b3ad2637245,0.28483728796807845,11185.560298506442
1,2026-08-27,2b3ad2637245,0.06384692195943648,2507.2686253470706
1,2026-08-28,2b3ad2637245,3.055001363477581,119969.90354376461
1,2026-08-29,2b3ad2637245,0.4562715412792747,17917.783426037116
1,2026-08-30,2b3ad2637245,0.38528493216689885,15130.139286194119
1,2026-08-31,2b3ad2637245,0.06741897158842156,2647.5430142773143
2,2026-07-01,09aae924367d,4.355442918621202,180219.51708670813
2,2026-07-02,09aae924367d,6.508313431687602,269300.9931763696
2,2026-07-03,09aae924367d,5.675236123270748,234829.920308697
2,2026-07-04,09aae924367d,6.652198984091827,275254.6895637516
2,2026-07-05,09aae924367d,5.662991479805173,234323.26145137846
2,2026-07-06,09aae924367d,7.424385125438945,307206.20772041264
2,2026-07-07,09aae924367d,6.997099318733143,289525.97561054
2,2026-07-08,09aae924367d,5.956873375418025,246483.50652804706
2,2026-07-09,09aae924367d,3.240745904869646,134095.5840516962
2,2026-07-10,09aae924367d,6.5371202993917565,270492.9637482321
2,2026-07-11,09aae924367d,8.140583594193558,336841.0679605411
2,2026-07-12,09aae924367d,6.544457385322337,270796.5576898676
2,2026-07-13,09aae924367d,10.209594379615048,422452.5962397115
2,2026-07-14,09aae924367d,7.814225866188199,323337.03789113526
2,2026-07-15,09aae924367d,8.426078242171515,348654.26550457295
2,2026-07-16,09aae924367d,5.401049520460756,223484.62705762516
2,2026-07-17,09aae924367d,5.9759830780987215,247274.22780556887
2,2026-07-18,09aae924367d,6.567895254308892,271766.36983279337
2,2026-07-19,09aae924367d,2.2184539749522996,91795.18857557625
2,2026-07-20,09aae924367d,9.025287358190344,373448.34030720004
2,2026-07-21,09aae924367d,7.323477887939172,303030.86804714706
2,2026-07-22,09aae924367d,7.917472939063953,327609.19527258823
2,2026-07-23,09aae924367d,5.6145243292187095,232317.78769441176
2,2026-07-24,09aae924367d,7.41157671407227,306676.2212748823
2,2026-07-25,09aae924367d,9.516587694637389,393777.3656287058
2,2026-07-26,09aae924367d,7.533023142902025,311701.431607
2,2026-07-27,09aae924367d,6.570871577266123,271889.5241241176
2,2026-07-28,09aae924367d,7.777232866066934,321806.3415321176
2,2026-07-29,09aae924367d,8.647912147139856,357833.3088243529
2,2026-07-30,09aae924367d,7.112883127897177,294316.8780661294
2,2026-07-31,09aae924367d,8.087242076396095,334633.90263711766
2,2026-08-01,09aae924367d,11.043183700178838,456944.855146
2,2026-08-02,09aae924367d,7.406791733306702,306478.2283407647
2,2026-08-03,09aae924367d,10.978927953351171,454286.08085376467
2,2026-08-04,09aae924367d,8.004616386059087,331215.01682235295
2,2026-08-05,09aae924367d,6.5814691988411,272328.032509647
2,2026-08-06,09aae924367d,5.8990236377230865,244089.8000817059
2,2026-08-07,09aae924367d,5.38871041815884,222974.05968257648
2,2026-08-08,09aae924367d,5.454674543039211,225703.52324187645
2,2026-08-09,09aae924367d,6.296005087929648,260516.09852835294
2,2026-08-10,09aae924367d,11.249867131478382,465497.00216631254
2,2026-08-11,09aae924367d,6.549474398820629,271004.1516744
3,2026-07-01,d8d75175a27b,2.6037597418038025,101541.4224108647
3,2026-07-02,d8d75175a27b,3.3711679574547366,131468.80800481982
3,2026-07-03,d8d75175a27b,1.9099425919187407,74483.94119964706
3,2026-07-04,d8d75175a27b,1.5436107021615881,60197.73016289761
3,2026-07-05,d8d75175a27b,2.472263106893868,96413.31664264706
3,2026-07-06,d8d75175a27b,2.52131757899578,98326.34294567742
3,2026-07-07,d8d75175a27b,2.604185694886514,101558.03372918426
3,2026-07-08,d8d75175a27b,2.6726003397993843,104226.06805149639
3,2026-07-09,d8d75175a27b,1.8668562062721694,72803.65833220206
3,2026-07-10,d8d75175a27b,3.820868352566648,149006.22401339412
3,2026-07-11,d8d75175a27b,6.142055069483735,239527.8635997267
3,2026-07-12,d8d75175a27b,4.933682625017263,192403.75501042322
3,2026-07-13,d8d75175a27b,4.8345564240880154,188538.03142658444
3,2026-07-14,d8d75175a27b,4.623347496402979,180301.30566472342
3,2026-07-15,d8d75175a27b,3.236402841241225,126213.2380027253
3,2026-07-16,d8d75175a27b,3.5833169563849427,139742.1946651
3,2026-07-17,d8d75175a27b,4.340009439562813,169251.68812407058
3,2026-07-18,d8d75175a27b,3.5721977198477752,139308.56667862352
3,2026-07-19,d8d75175a27b,2.059382860025518,80311.81277527515
3,2026-07-20,d8d75175a27b,4.465138974706425,174131.48973560118
3,2026-07-21,d8d75175a27b,4.898464804740816,191030.33045528235
3,2026-07-22,d8d75175a27b,5.8046999848829355,226371.6900104647
3,2026-07-23,d8d75175a27b,5.228975849288802,203919.6001705647
3,2026-07-24,d8d75175a27b,6.4578390246670265,251842.80628396472
3,2026-07-25,d8d75175a27b,5.975545206814075,233034.3119753353
3,2026-07-26,d8d75175a27b,6.3019281367874065,245762.5934784353
3,2026-07-27,d8d75175a27b,5.381619114280054,209872.38221869356
3,2026-07-28,d8d75175a27b,5.327541337647783,207763.45708558825
3,2026-07-29,d8d75175a27b,4.411110725494671,172024.49607284117
3,2026-07-30,d8d75175a27b,4.214997805983264,164376.4844377353
3,2026-07-31,d8d75175a27b,3.8850575537922007,151509.47448278824
3,2026-08-01,d8d75175a27b,3.1639793383268824,123388.86623607176
3,2026-08-02,d8d75175a27b,4.531137029322771,176705.28186952943
3,2026-08-03,d8d75175a27b,3.655765161996543,142567.52978754116
3,2026-08-04,d8d75175a27b,3.9985897759494455,155937.0040824765
3,2026-08-05,d8d75175a27b,4.234608442689519,165141.2600480059
3,2026-08-06,d8d75175a27b,4.20332254723832,163921.1726972
3,2026-08-07,d8d75175a27b,4.343146764959907,169374.03753990648
3,2026-08-08,d8d75175a27b,5.106051966058139,199125.8145723353
3,2026-08-09,d8d75175a27b,5.053083493105227,197060.15006411765
3,2026-08-10,d8d75175a27b,4.493932286122365,175254.3712942
3,2026-08-11,d8d75175a27b,3.288261980224174,128235.64070478234
3,2026-08-12,d8d75175a27b,2.473785607728149,96472.69113018236
3,2026-08-13,d8d75175a27b,3.332481294426713,129960.10552005295
3,2026-08-14,d8d75175a27b,2.599302692548185,101367.60640399411
3,2026-08-15,d8d75175a27b,3.386918563385151,132083.05013489412
3,2026-08-16,d8d75175a27b,2.4100195076757935,93985.94076034059
3,2026-08-17,d8d75175a27b,5.366878639376538,209297.53317840624
4,2026-07-01,9f59d01814b9,3.7932085235645125,151925.58778580587
4,2026-07-02,9f59d01814b9,4.488796178052062,179785.26452334117
4,2026-07-03,9f59d01814b9,3.8267901451210102,153270.59889238674
4,2026-07-04,9f59d01814b9,5.305789412437558,212507.47754694906
4,2026-07-05,9f59d01814b9,4.321966796419654,173103.4141302
4,2026-07-06,9f59d01814b9,6.34044085018847,253947.33693174858
4,2026-07-07,9f59d01814b9,4.469583348285286,179015.75226552226
4,2026-07-08,9f59d01814b9,5.070821958656518,203096.56108811087
4,2026-07-09,9f59d01814b9,3.4484385003104303,138116.85881443333
4,2026-07-10,9f59d01814b9,5.589472109525851,223869.5369307294
4,2026-07-11,9f59d01814b9,5.200736933336055,208299.91565397568
4,2026-07-12,9f59d01814b9,4.800589129596714,192273.1958186076
4,2026-07-13,9f59d01814b9,6.229769956744323,249514.74630752366
4,2026-07-14,9f59d01814b9,5.098873416874227,204220.07809264652
4,2026-07-15,9f59d01814b9,3.665872951152989,146825.54343957952
4,2026-07-16,9f59d01814b9,3.680408254925068,147407.71142625881
4,2026-07-17,9f59d01814b9,4.518528630088742,180976.10869231427
4,2026-07-18,9f59d01814b9,8.202175691120086,328513.54078074166
4,2026-07-20,9f59d01814b9,5.404028786480544,216442.16095611875
4,2026-07-21,9f59d01814b9,4.320439333759457,173042.23619573377
4,2026-07-22,9f59d01814b9,5.742607589734082,230002.9191840294
4,2026-07-23,9f59d01814b9,5.576387435769999,223345.46957746
4,2026-07-24,9f59d01814b9,3.6867905207874454,147663.33393857878
4,2026-07-25,9f59d01814b9,2.1417051800386644,85779.5758709086
4,2026-07-26,9f59d01814b9,4.156081679681709,166459.38343461175
4,2026-07-27,9f59d01814b9,3.925673264740837,157231.0655994
4,2026-07-28,9f59d01814b9,5.949800360353599,238301.40403288236
4,2026-07-29,9f59d01814b9,5.268821848693977,211026.8526838912
4,2026-07-30,9f59d01814b9,4.768797669800729,190999.8842708588
4,2026-07-31,9f59d01814b9,5.243195598345093,210000.47010491765
4,2026-08-01,9f59d01814b9,4.5824009037954925,183534.32099881704
4,2026-08-02,9f59d01814b9,4.998255681225597,200190.13654444763
4,2026-08-03,9f59d01814b9,5.289221475117867,211843.8985214208
4,2026-08-04,9f59d01814b9,7.340229757064346,293990.8822299412
4,2026-08-05,9f59d01814b9,5.5402675893625055,221898.79748914705
4,2026-08-06,9f59d01814b9,4.866095922016423,194896.87386860178
4,2026-08-07,9f59d01814b9,4.9010065454665686,196295.114159027
4,2026-08-08,9f59d01814b9,6.6821475715231955,267633.37453464704
4,2026-08-09,9f59d01814b9,6.785703369098114,271780.9913391177
4,2026-08-10,9f59d01814b9,6.905429972351568,276576.281252625
4,2026-08-11,9f59d01814b9,5.247240466923,210162.4751812
4,2026-08-12,9f59d01814b9,3.773388126973464,151131.74126154117
4,2026-08-13,9f59d01814b9,5.044538518821268,202043.85675582942
4,2026-08-14,9f59d01814b9,4.880168322806914,195460.5016650625
4,2026-08-15,9f59d01814b9,5.704858370118846,228490.98744
4,2026-08-16,9f59d01814b9,7.972752663669373,319324.68968528573
4,2026-08-17,9f59d01814b9,7.4502167212865436,298396.0801209687
5,2026-08-10,24795e58648a,2.59070384974176,96451.90432588571
5,2026-08-11,24795e58648a,1.581253774055,58870.07800806764
5,2026-08-12,24795e58648a,2.2797299775541546,84874.34706434117
5,2026-08-13,24795e58648a,2.4638208510110444,91728.05028314117
5,2026-08-14,24795e58648a,1.892905767640423,70472.88172925294
5,2026-08-15,24795e58648a,1.8025403407111595,67108.57688467647
5,2026-08-16,24795e58648a,1.7531027552334906,65268.01557734286
6,2026-07-01,649fb95ef150,7.30164079974768,268612.76174111763
6,2026-07-02,649fb95ef150,6.270846820047458,230691.91281590587
6,2026-07-03,649fb95ef150,5.799801842701589,213363.11018930605
6,2026-07-04,649fb95ef150,6.106753530600634,224655.24888373615
6,2026-07-05,649fb95ef150,6.720793551350053,247244.55316706575
6,2026-07-06,649fb95ef150,6.578978006189658,242027.44289170517
6,2026-07-07,649fb95ef150,6.767963274787513,248979.83295288298
6,2026-07-08,649fb95ef150,6.082599299896465,223766.6630445912
6,2026-07-09,649fb95ef150,4.788215462324804,176148.8704280049
6,2026-07-10,649fb95ef150,6.54622941631468,240822.68776738443
6,2026-07-11,649fb95ef150,6.25696492628146,230181.22570804236
6,2026-07-12,649fb95ef150,5.154302427233577,189616.47769306882
6,2026-07-13,649fb95ef150,6.9487771674564245,255631.61443638697
6,2026-07-14,649fb95ef150,4.684545734796161,172335.0684916812
6,2026-07-15,649fb95ef150,4.464085376791185,164224.77284139412
6,2026-07-16,649fb95ef150,5.273125386836035,193987.73673092405
6,2026-07-17,649fb95ef150,6.026483381424165,221702.2706358322
6,2026-07-18,649fb95ef150,8.427813940350598,310042.4192376178
6,2026-07-19,649fb95ef150,2.3762589402818555,87417.8138950889
6,2026-07-20,649fb95ef150,5.042628503813743,185508.2173983
6,2026-07-21,649fb95ef150,6.081082236724891,223710.8533246353
6,2026-07-22,649fb95ef150,6.313560911643183,232263.2788175294
6,2026-07-23,649fb95ef150,5.496715797216163,202213.18074798826
6,2026-07-24,649fb95ef150,5.612080229729464,206457.2074912875
6,2026-07-25,649fb95ef150,6.377469322400048,234614.34143245293
6,2026-07-26,649fb95ef150,6.804382951624251,250319.64002435294
6,2026-07-27,649fb95ef150,7.008145073289564,257815.6409561765
6,2026-07-28,649fb95ef150,5.04429750688204,185569.6166831765
6,2026-07-29,649fb95ef150,5.228668198631267,192352.24569124705
6,2026-07-30,649fb95ef150,6.880061094736296,253103.68755315884
6,2026-07-31,649fb95ef150,5.299529555567992,194959.0932902353
6,2026-08-01,649fb95ef150,7.883830797336727,290030.3673724235
6,2026-08-02,649fb95ef150,6.671101335902692,245416.47594518823
6,2026-08-03,649fb95ef150,4.909212294882122,180600.10190412353
6,2026-08-04,649fb95ef150,4.497509098211213,165454.36470499414
6,2026-08-05,649fb95ef150,4.870403745807456,179172.4130007647
6,2026-08-06,649fb95ef150,8.258647907506763,303819.1392213588
6,2026-08-07,649fb95ef150,6.138660187297042,225829.03097028355
6,2026-08-08,649fb95ef150,6.06541445617177,223134.46701364708
6,2026-08-09,649fb95ef150,5.381572342486001,197977.28333537502
6,2026-08-10,649fb95ef150,12.358995875065919,454662.740251925
6,2026-08-11,649fb95ef150,9.427951623841054,346835.48433786473
6,2026-08-12,649fb95ef150,5.84194473669387,214913.4629734941
6,2026-08-13,649fb95ef150,6.029490409842084,221812.89319727058
6,2026-08-14,649fb95ef150,11.517054129252292,423689.38730693335
6,2026-08-15,649fb95ef150,6.462580472775649,237745.41043247058
6,2026-08-16,649fb95ef150,5.244842206697837,192947.2551
6,2026-08-17,649fb95ef150,11.136367471960966,409684.68655850005
7,2026-07-01,e034b3f5fa92,10.62047898209118,224601.88951326426
7,2026-07-02,e034b3f5fa92,13.507365290867824,285653.7611712727
7,2026-07-03,e034b3f5fa92,10.358322902880715,219057.81275012137
7,2026-07-04,e034b3f5fa92,6.162983605703258,130334.77729341251
7,2026-07-05,e034b3f5fa92,11.847311291862528,250546.93920030876
7,2026-07-06,e034b3f5fa92,9.951854903291368,210461.82749480588
7,2026-07-07,e034b3f5fa92,7.931153132590528,167728.02644802447
7,2026-07-08,e034b3f5fa92,8.503137791593115,179824.3580166112
7,2026-07-09,e034b3f5fa92,5.959692715273025,126035.58154259395
7,2026-07-10,e034b3f5fa92,9.6113083315872,203259.94859640612
7,2026-07-11,e034b3f5fa92,8.685153421559873,183673.62455914821
7,2026-07-12,e034b3f5fa92,9.15718094988579,193656.06272818468
7,2026-07-13,e034b3f5fa92,9.697339686078664,205079.33968119157
7,2026-08-10,e034b3f5fa92,17.492598069811564,369933.463980375
7,2026-08-11,e034b3f5fa92,9.222268257047531,195032.52910004117
7,2026-08-12,e034b3f5fa92,6.4921418721166795,137295.81631152355
7,2026-08-13,e034b3f5fa92,7.173911311368618,151713.87641282353
7,2026-08-14,e034b3f5fa92,6.770492873469887,143182.38328814117
7,2026-08-15,e034b3f5fa92,10.85762949936025,229617.14865247058
7,2026-08-16,e034b3f5fa92,10.977716340020333,232156.74515874998
7,2026-08-17,e034b3f5fa92,8.367382371059424,176953.4023831647
8,2026-07-01,b97cf0ebba4b,6.766459462486513,255136.12049251646
8,2026-07-02,b97cf0ebba4b,6.309998956719201,237924.82066205418
8,2026-07-03,b97cf0ebba4b,5.660994000882727,213453.4397972841
8,2026-07-04,b97cf0ebba4b,4.816247324276594,181601.42160917324
8,2026-07-05,b97cf0ebba4b,5.813402253161567,219200.14535771002
8,2026-07-06,b97cf0ebba4b,4.316626805199703,162762.73031686002
8,2026-07-07,b97cf0ebba4b,4.765985581165961,179706.25232344374
8,2026-07-08,b97cf0ebba4b,5.6411705879477445,212705.97818915764
8,2026-07-09,b97cf0ebba4b,5.250098718427098,197960.22227701213
8,2026-07-10,b97cf0ebba4b,5.466039822966228,206102.4975647646
8,2026-07-11,b97cf0ebba4b,5.360200855369861,202111.73345257598
8,2026-07-12,b97cf0ebba4b,4.814008793613889,181517.0155720053
8,2026-07-13,b97cf0ebba4b,5.924429273011129,223386.53016815765
8,2026-07-14,b97cf0ebba4b,7.369456791498311,277872.73778023524
8,2026-07-15,b97cf0ebba4b,3.014626529796163,113669.50793249412
8,2026-07-16,b97cf0ebba4b,4.009152490406871,151169.10380328147
8,2026-07-17,b97cf0ebba4b,4.41132356180999,166333.3662216075
8,2026-07-18,b97cf0ebba4b,4.912110807347715,185216.05010185295
8,2026-07-19,b97cf0ebba4b,2.423669425094459,91386.87934261166
8,2026-07-20,b97cf0ebba4b,4.930917724086976,185925.1837044235
8,2026-07-21,b97cf0ebba4b,5.068502094603294,191112.93997911178
8,2026-07-22,b97cf0ebba4b,5.319890086609714,200591.7756057059
8,2026-08-11,d8a8c78c7d39,4.634154847141931,172529.58495909412
8,2026-08-12,d8a8c78c7d39,6.412695381233509,238744.64904332353
8,2026-08-13,d8a8c78c7d39,6.193075194147667,230568.18947811765
8,2026-08-14,d8a8c78c7d39,5.5706823957023905,207396.505592
8,2026-08-15,d8a8c78c7d39,5.17965185569923,192838.43858768235
8,2026-08-16,d8a8c78c7d39,2.713053691845728,101006.98894741647
8,2026-08-17,d8a8c78c7d39,3.3328392274753984,124081.6044389091
9,2026-07-01,bc71342f9151,6.034581719810004,224872.653207
9,2026-07-02,bc71342f9151,8.443967334828857,314655.9987650625
9,2026-07-03,bc71342f9151,8.048978979294004,299937.15268441173
9,2026-07-04,bc71342f9151,8.683390726256729,323577.87202323077
9,2026-07-05,bc71342f9151,8.813306633225885,328419.0583805294
9,2026-07-06,bc71342f9151,9.565138948818179,356435.3377887606
9,2026-07-07,bc71342f9151,9.607321112805609,358007.2139475882
9,2026-07-08,bc71342f9151,9.114126119100504,339628.79570216115
9,2026-07-09,bc71342f9151,6.249538786796277,232882.81335117645
9,2026-07-10,bc71342f9151,9.725889449488896,362425.54444575426
9,2026-07-11,bc71342f9151,10.956680267687517,408289.7334951076
9,2026-07-12,bc71342f9151,10.778701152067443,401657.51973064116
9,2026-07-13,bc71342f9151,11.79428753547425,439502.33072191244
9,2026-07-14,bc71342f9151,12.318146980908052,459023.42909655767
9,2026-07-15,bc71342f9151,8.1601871522223,304081.21404041175
9,2026-07-16,bc71342f9151,11.734126941534804,437260.50634935295
9,2026-07-17,bc71342f9151,10.072636793189453,375346.7374614118
9,2026-07-18,bc71342f9151,9.736764992836486,362830.81069305877
9,2026-07-19,bc71342f9151,10.39235875414162,387260.85661433334
9,2026-07-20,bc71342f9151,10.35450629817613,385850.32269523526
9,2026-07-21,bc71342f9151,8.910594885472179,332044.4078122353
9,2026-07-22,bc71342f9151,11.136643860625616,414995.89682235295
9,2026-07-23,bc71342f9151,7.704002026612975,287081.9315197059
9,2026-07-24,bc71342f9151,9.216107557161303,343429.0320100588
9,2026-07-25,bc71342f9151,8.997155854813352,335270.0157737647
9,2026-07-26,bc71342f9151,9.737478411883098,362857.39554041176
9,2026-07-27,bc71342f9151,8.571842638727174,319421.1440895294
9,2026-07-28,bc71342f9151,10.953255552847095,408162.1149212941
9,2026-07-29,bc71342f9151,8.076304526504053,300955.411875647
9,2026-07-30,bc71342f9151,7.922869803282777,295237.8203495294
9,2026-07-31,bc71342f9151,8.274014877574633,308322.8903979412
9,2026-08-01,bc71342f9151,8.979309530774064,334604.99035476474
9,2026-08-02,bc71342f9151,9.934960636722401,370216.3731668235
9,2026-08-03,bc71342f9151,9.883693858096759,368305.9679281176
9,2026-08-04,bc71342f9151,9.242761641342852,344422.26980300003
9,2026-08-05,bc71342f9151,9.340090190022542,348049.120841
9,2026-08-06,bc71342f9151,9.756395390462012,363562.3178301765
9,2026-08-07,bc71342f9151,8.263478470581921,307930.26172776474
9,2026-08-08,bc71342f9151,9.055122094495871,337430.06972929416
9,2026-08-09,bc71342f9151,9.239720966990692,344308.9621139412
9,2026-08-10,bc71342f9151,8.695613765376772,324033.351353
9,2026-08-11,bc71342f9151,6.311305931139975,235184.504218
9,2026-08-12,bc71342f9151,5.61762844636252,209335.30642525293
9,2026-08-13,bc71342f9151,8.456936458213415,315139.2801788647
9,2026-08-14,bc71342f9151,7.420906859212803,276532.67320170585
9,2026-08-15,bc71342f9151,8.483707378488623,316136.87175199995
9,2026-08-16,bc71342f9151,5.45277643015732,203192.26089338236
9,2026-08-17,bc71342f9151,8.101700558799568,301901.76962310704
10,2026-07-01,709a9381d4d7,8.176827905272534,168475.3621602353
10,2026-07-02,709a9381d4d7,11.130042270092357,229323.39093298296
10,2026-07-03,709a9381d4d7,10.833499268128977,223213.4189205294
10,2026-07-04,709a9381d4d7,11.140587617292796,229540.66726670077
10,2026-07-05,709a9381d4d7,12.20085882631014,251386.49525729413
10,2026-07-06,709a9381d4d7,4.982305342351285,102655.41927380589
10,2026-07-07,709a9381d4d7,11.525213476170817,237465.49846302354
10,2026-07-08,709a9381d4d7,10.349148352615318,213233.852657286
10,2026-07-09,709a9381d4d7,5.466693629052612,112635.755533
10,2026-07-10,709a9381d4d7,11.343246396881815,233716.24876135294
10,2026-07-11,709a9381d4d7,13.389152618536436,275870.1005523247
10,2026-07-12,709a9381d4d7,12.982508458935634,267491.6042879098
10,2026-07-13,709a9381d4d7,12.784569193778466,263413.26366861153
10,2026-07-14,709a9381d4d7,11.685765517557357,240773.51272375177
10,2026-07-15,709a9381d4d7,13.137471796447292,270684.468894
10,2026-08-10,709a9381d4d7,6.976325794097424,143740.21666158334
10,2026-08-11,709a9381d4d7,4.832794159907558,99574.89087073533
10,2026-08-12,709a9381d4d7,4.06655730561767,83787.34672494647
10,2026-08-13,709a9381d4d7,4.43339282748267,91345.62581745294
10,2026-08-14,709a9381d4d7,3.1418756880186027,64735.20667593529
10,2026-08-15,709a9381d4d7,4.1723638589811225,85967.38495044706
10,2026-08-16,709a9381d4d7,3.6177612068637073,74540.35190621983
10,2026-08-17,709a9381d4d7,4.2574210588987285,87719.90349754941
10,2026-08-18,709a9381d4d7,4.100006659555654,84476.5372134847
10,2026-08-19,709a9381d4d7,3.3454318318182077,68929.27746278235
10,2026-08-20,709a9381d4d7,2.0296952486140296,41819.840902443466
10,2026-08-21,709a9381d4d7,2.205054369151036,45432.94022198794
10,2026-08-22,709a9381d4d7,3.016481709837522,62151.58914949231
10,2026-08-23,709a9381d4d7,1.6836856944957574,34690.660049390586
10,2026-08-24,709a9381d4d7,0.8700065191800572,17925.614321185898
11,2026-07-01,5e23dee816ab,8.806935454837735,181757.53391694117
11,2026-07-02,5e23dee816ab,10.252437616518359,211589.80752970587
11,2026-07-03,5e23dee816ab,9.92659808300223,204865.131237
11,2026-07-04,5e23dee816ab,9.006892817032808,185884.25395792307
11,2026-07-05,5e23dee816ab,9.666136353790552,199489.7220695294
11,2026-07-06,5e23dee816ab,11.855455805446356,244672.8969128019
11,2026-07-07,5e23dee816ab,9.600692415064444,198139.0900621
11,2026-07-08,5e23dee816ab,8.019945029269252,165515.62551405883
11,2026-07-09,5e23dee816ab,3.967139070639528,81873.81613985857
11,2026-07-10,5e23dee816ab,9.524023101350451,196556.7887656706
11,2026-07-11,5e23dee816ab,10.141047617596325,209290.94073195296
11,2026-07-12,5e23dee816ab,9.573114253970306,197569.9319734392
11,2026-07-13,5e23dee816ab,9.25875791161508,191082.245779912
11,2026-07-14,5e23dee816ab,9.309137900986757,192121.9880005647
11,2026-07-15,5e23dee816ab,6.970839685157591,143864.18942228236
11,2026-07-16,5e23dee816ab,10.030345691169344,207006.27437435294
11,2026-07-17,5e23dee816ab,5.281293936614925,108995.34426385882
11,2026-07-18,5e23dee816ab,7.913211445079037,163312.85780354118
11,2026-07-19,5e23dee816ab,2.1088287079603503,43522.00687488571
11,2026-07-20,5e23dee816ab,5.904027930793568,121847.32843571765
11,2026-07-21,5e23dee816ab,8.106440011224013,167300.70895164117
11,2026-07-22,5e23dee816ab,8.285254487758163,170991.08211835293
11,2026-07-23,5e23dee816ab,7.748018346368491,159903.60263235294
11,2026-07-24,5e23dee816ab,7.203189598504757,148659.4269339412
11,2026-07-25,5e23dee816ab,6.614821874248816,136516.69384074706
11,2026-07-26,5e23dee816ab,8.03247186356977,165774.15432035294
11,2026-07-27,5e23dee816ab,6.545280102928636,135081.49076424117
11,2026-07-28,5e23dee816ab,6.462244620217417,133367.80447204708
11,2026-07-29,5e23dee816ab,6.586224178505954,135926.49459600588
11,2026-07-30,5e23dee816ab,6.102894439101486,125951.53543417646
11,2026-07-31,5e23dee816ab,5.268638425572188,108734.15982695883
11,2026-08-01,5e23dee816ab,7.640076937706002,157675.9078403765
11,2026-08-02,5e23dee816ab,6.538044622459426,134932.16491831766
11,2026-08-03,5e23dee816ab,5.702842056867971,117695.25436964117
11,2026-08-04,5e23dee816ab,7.846010435551496,161925.96336891176
11,2026-08-05,5e23dee816ab,6.3325569589574915,130691.31051896472
11,2026-08-06,5e23dee816ab,6.519009981849871,134539.32800541763
11,2026-08-07,5e23dee816ab,5.039331011356834,104001.71341238235
11,2026-08-08,5e23dee816ab,4.446395537957394,91764.7111123647
11,2026-08-09,5e23dee816ab,3.923888929381267,80981.21972457059
11,2026-08-10,5e23dee816ab,5.879148131879603,121333.85914573124
11,2026-08-11,5e23dee816ab,2.5237442378926653,52085.03358162883
11,2026-08-12,5e23dee816ab,1.1275923919503685,23271.25178507171
11,2026-08-13,5e23dee816ab,1.040448174125442,21472.76941760087
11,2026-08-14,5e23dee816ab,1.0743056783781422,22171.5205903681
11,2026-08-15,5e23dee816ab,0.4677260499673845,9652.93021922688
11,2026-08-16,5e23dee816ab,0.278102512974771,5739.479662773323
11,2026-08-17,5e23dee816ab,0.32785276357856524,6766.225334734429
11,2026-08-18,5e23dee816ab,0.13816021782663218,2851.3505755060355
11,2026-08-19,5e23dee816ab,0.6764739521697355,13961.069424878999
11,2026-08-20,5e23dee816ab,0.08249381099180353,1702.5072712488413
11,2026-08-21,5e23dee816ab,0.0545535600849518,1125.8763730332353
11,2026-08-22,5e23dee816ab,0.035125572974056815,724.9215750385846
11,2026-08-23,5e23dee816ab,0.03921237323514694,809.2649588269626
11,2026-08-24,5e23dee816ab,0.030129716912467387,621.817097639502
12,2026-07-01,713896fd742b,5.3584345809913785,106579.26381591853
12,2026-07-02,713896fd742b,5.1257465548678205,101951.09897632094
12,2026-07-03,713896fd742b,6.222820218497811,123771.89414592147
12,2026-07-04,713896fd742b,5.342476009762385,106261.84783417384
12,2026-07-05,713896fd742b,4.7585101915297106,94646.76770952594
12,2026-07-06,713896fd742b,6.740351512473013,134065.59158308824
12,2026-07-07,713896fd742b,6.035000292107474,120036.15581001765
12,2026-07-08,713896fd742b,5.365469738552653,106719.19309981226
12,2026-07-09,713896fd742b,5.452966162951528,108459.49698110588
12,2026-07-10,713896fd742b,6.320702280406946,125718.76835729418
12,2026-07-11,713896fd742b,7.197586251566557,143159.99054365882
12,2026-07-12,713896fd742b,6.539118049822849,130063.05801097646
12,2026-07-13,713896fd742b,7.090089531362997,141021.88077881
12,2026-07-14,713896fd742b,6.559972536879965,130477.8537585425
12,2026-07-15,713896fd742b,4.776249920014491,94999.61090908824
12,2026-07-16,713896fd742b,3.7265986702067466,74122.0475504122
12,2026-07-17,713896fd742b,4.350669228274855,86534.81095038688
12,2026-07-18,713896fd742b,5.220218348662462,103830.14295489635
12,2026-07-19,713896fd742b,1.910502800132922,37999.90069464382
12,2026-07-20,713896fd742b,5.647291647177121,112324.63086235295
12,2026-07-21,713896fd742b,10.417428676951245,207202.65638456022
12,2026-07-22,713896fd742b,10.955144300921836,217897.82014533528
12,2026-07-23,713896fd742b,7.7212121940561325,153574.91053977647
12,2026-07-24,713896fd742b,6.490105045244804,129088.18934991915
12,2026-07-25,713896fd742b,5.869234081771507,116739.06588643529
12,2026-07-26,713896fd742b,6.412477435428976,127544.17619068235
12,2026-07-27,713896fd742b,5.323428862121373,105883.00006759411
12,2026-07-28,713896fd742b,4.405928945349718,87633.92672300588
12,2026-07-29,713896fd742b,4.702547480552746,93533.66938819412
12,2026-07-30,713896fd742b,4.316851646368852,85862.17924627649
12,2026-07-31,713896fd742b,3.6883727980658323,73361.7349535294
12,2026-08-01,713896fd742b,3.5625716447830715,70859.5500147353
12,2026-08-02,713896fd742b,4.62974536126963,92085.63523565294
12,2026-08-03,713896fd742b,4.745852769939964,94395.01159410588
12,2026-08-04,713896fd742b,4.4365488823751225,88242.95727044118
12,2026-08-05,713896fd742b,5.493033150801763,109256.42936944705
12,2026-08-06,713896fd742b,5.047799660959986,100400.73525649412
12,2026-08-07,713896fd742b,4.705553433692663,93593.45779614705
12,2026-08-08,713896fd742b,5.483645913823677,109069.71722595293
12,2026-08-09,713896fd742b,5.017239746323604,99792.89855437646
12,2026-08-11,82fce4744613,4.3401120851695865,84258.93602148235
12,2026-08-12,82fce4744613,5.345642367766136,103780.30092781177
12,2026-08-13,82fce4744613,5.35383797714748,103939.41048834116
12,2026-08-14,82fce4744613,3.6494103013313617,70849.65159004705
12,2026-08-15,82fce4744613,4.476168799254025,86900.34106871765
12,2026-08-16,82fce4744613,3.2461385708469326,63020.534214422354
12,2026-08-17,82fce4744613,4.911577969117702,95353.37469245106
12,2026-08-18,82fce4744613,4.8495419742002435,94149.00788712353
12,2026-08-19,82fce4744613,4.572003077032342,88760.86773750589
12,2026-08-20,82fce4744613,4.658756082546555,90445.09058655881
12,2026-08-21,82fce4744613,5.422879244976336,105279.77766197058
12,2026-08-22,82fce4744613,5.195447860543202,100864.42476458571
12,2026-08-23,82fce4744613,3.4741755903905003,67447.64491184117
12,2026-08-24,82fce4744613,4.249415767409602,82498.15770848999
12,2026-08-25,82fce4744613,5.404108726963671,104915.36682527274
12,2026-08-28,82fce4744613,2.4660173104687613,47875.26006544053
12,2026-08-29,82fce4744613,4.745630708146335,92131.67456795294
12,2026-08-30,82fce4744613,3.5800237946306184,69502.58194895883
12,2026-08-31,82fce4744613,2.743325247540889,53258.916355758825
13,2026-07-01,fdda36bb4e04,5.157315903113234,224621.73684419377
13,2026-07-02,fdda36bb4e04,3.7943024489615795,165257.04886207264
13,2026-07-03,fdda36bb4e04,3.658447822090472,159340.0364433284
13,2026-07-04,fdda36bb4e04,5.080049906510903,221256.49362817587
13,2026-07-05,fdda36bb4e04,3.1396608997651363,136744.79082837075
13,2026-07-06,fdda36bb4e04,4.218069405407419,183713.7948831147
13,2026-07-07,fdda36bb4e04,1.7805146857226661,77548.536621965
13,2026-08-11,a35f97a656d9,1.3179158515069374,55025.62263211765
13,2026-08-12,a35f97a656d9,1.5418607816784542,64375.77135663882
13,2026-08-13,a35f97a656d9,2.898391740275492,121013.65193998236
13,2026-08-14,a35f97a656d9,3.5592287753888505,148604.9198300353
13,2026-08-15,a35f97a656d9,3.6914435511950114,154125.1511494941
13,2026-08-16,a35f97a656d9,2.5481420221515276,106390.0257088706
13,2026-08-17,a35f97a656d9,7.452880183970053,311172.6534411176
13,2026-08-18,a35f97a656d9,8.635217885470793,360537.61715417646
13,2026-08-19,a35f97a656d9,6.585669526943408,274964.8740889412
13,2026-08-20,a35f97a656d9,4.305576511109014,179766.43049182353
13,2026-08-21,a35f97a656d9,5.02841309632367,209946.30359770588
13,2026-08-22,a35f97a656d9,6.136087552059382,256193.92747358335
13,2026-08-28,a35f97a656d9,3.3514519885730345,139929.82342690133
13,2026-08-29,a35f97a656d9,6.19350678579117,258591.29532035292
13,2026-08-30,a35f97a656d9,3.8994695950676546,162810.65453326472
13,2026-08-31,a35f97a656d9,12.580475943189823,525260.0315800615
14,2026-07-01,b7cfe5cc458a,1.7491513414892912,94678.06381213234
14,2026-07-02,b7cfe5cc458a,1.7476764788134973,94598.23244521697
14,2026-07-03,b7cfe5cc458a,2.077309186141901,112440.59162748881
14,2026-07-04,b7cfe5cc458a,2.577471951068962,139513.40176746077
14,2026-07-05,b7cfe5cc458a,2.538628388937724,137410.8774364211
14,2026-07-06,b7cfe5cc458a,2.854016504346125,154482.20534724707
14,2026-07-07,b7cfe5cc458a,3.1192187983604223,168837.07511765294
14,2026-07-08,b7cfe5cc458a,3.3852917832672738,183239.07364469097
14,2026-07-09,b7cfe5cc458a,1.7341379897426996,93865.42110879286
14,2026-07-10,b7cfe5cc458a,3.515026201330341,190261.33822560872
14,2026-07-11,b7cfe5cc458a,3.0749586268651865,166441.36055495884
14,2026-07-12,b7cfe5cc458a,3.3063700347698703,178967.19724202354
14,2026-07-13,b7cfe5cc458a,4.215113600904512,228155.6689897594
14,2026-07-14,b7cfe5cc458a,3.512473686170038,190123.17568501184
14,2026-07-15,b7cfe5cc458a,3.7554837864980177,203276.8263955647
14,2026-07-16,b7cfe5cc458a,3.6073689776334628,195259.66802134406
14,2026-07-17,b7cfe5cc458a,5.813504525824418,314673.3729738241
14,2026-07-18,b7cfe5cc458a,6.988652544512722,378281.7849293846
14,2026-07-19,b7cfe5cc458a,10.5070416732122,568725.1516876299
14,2026-07-20,b7cfe5cc458a,4.355198313895385,235738.1743345294
14,2026-07-21,b7cfe5cc458a,6.4306540677786295,348078.44338072167
14,2026-07-22,b7cfe5cc458a,6.068259295516292,328462.73914770584
14,2026-07-23,b7cfe5cc458a,6.143323568064936,332525.81809221883
14,2026-07-24,b7cfe5cc458a,4.5398204379933835,245731.40066770586
14,2026-07-25,b7cfe5cc458a,5.994335939724574,324461.41574541177
14,2026-07-26,b7cfe5cc458a,4.898989384113474,265172.49738329416
14,2026-07-27,b7cfe5cc458a,4.318344119754265,233743.33051405882
14,2026-07-28,b7cfe5cc458a,4.647284961948584,251548.24042035293
14,2026-07-29,b7cfe5cc458a,4.308493125729208,233210.1159094706
14,2026-07-30,b7cfe5cc458a,4.630024582085384,250613.97057911765
14,2026-07-31,b7cfe5cc458a,4.044122467546425,218900.26092335294
14,2026-08-01,b7cfe5cc458a,4.466274607182281,241750.5119375625
14,2026-08-02,b7cfe5cc458a,4.633048789648937,250777.66488611765
14,2026-08-03,b7cfe5cc458a,4.949034450634552,267881.33674394706
14,2026-08-04,b7cfe5cc458a,4.99962230361257,270619.55604994117
14,2026-08-05,b7cfe5cc458a,6.1025587571334174,330319.30040611763
14,2026-08-06,b7cfe5cc458a,4.671149885588192,252840.00100711765
14,2026-08-07,b7cfe5cc458a,4.463123041938934,241579.9240140706
14,2026-08-08,b7cfe5cc458a,0.0,0.0
14,2026-08-11,03d1cf651f4d,3.792015641551808,200870.65256428235
14,2026-08-12,03d1cf651f4d,3.473828302997699,184015.63286639412
14,2026-08-13,03d1cf651f4d,6.4928661393988385,343940.1051362353
14,2026-08-14,03d1cf651f4d,7.107709227423145,376509.5731950588
14,2026-08-15,03d1cf651f4d,5.4034501511941935,286231.5614090588
14,2026-08-16,03d1cf651f4d,3.9670264756827134,210141.3264698647
14,2026-08-17,03d1cf651f4d,7.208295420682402,381837.82502438826
14,2026-08-18,03d1cf651f4d,8.390833615477211,444479.23827905883
14,2026-08-19,03d1cf651f4d,10.131721744843004,536697.5642678236
14,2026-08-20,03d1cf651f4d,9.160169617446066,485232.5049753529
14,2026-08-21,03d1cf651f4d,10.159894938486925,538189.9546815294
14,2026-08-22,03d1cf651f4d,8.0148972837375,424565.13891414285
14,2026-08-23,03d1cf651f4d,6.782805435558631,359298.76953241177
14,2026-08-24,03d1cf651f4d,6.656392970785897,352602.44844847056
14,2026-08-25,03d1cf651f4d,3.965007049020348,210034.35340070588
14,2026-08-26,03d1cf651f4d,6.149587376209851,325755.9424925882
14,2026-08-27,03d1cf651f4d,6.066708859273045,321365.70169341174
14,2026-08-28,03d1cf651f4d,3.6534625963873704,193531.22065583177
14,2026-08-29,03d1cf651f4d,6.7407536171821905,357071.200609375
14,2026-08-30,03d1cf651f4d,7.406034447609392,392312.45675876475
15,2026-07-01,5a60ff00b899,5.251033885982114,99265.54458060589
15,2026-07-02,5a60ff00b899,6.917447368862067,130767.42506096854
15,2026-07-03,5a60ff00b899,7.430963693686676,140474.93766545295
15,2026-07-04,5a60ff00b899,6.124917016857238,115785.43128666923
15,2026-07-05,5a60ff00b899,6.984807238403015,132040.79603477058
15,2026-07-06,5a60ff00b899,7.8289931604851235,147999.2867058108
15,2026-07-07,5a60ff00b899,7.177117930658504,135676.23736116834
15,2026-07-08,5a60ff00b899,7.488265116391333,141558.16376026178
15,2026-07-09,5a60ff00b899,4.798564266809845,90712.05889977331
15,2026-07-10,5a60ff00b899,8.320349210291317,157287.88147134706
15,2026-07-11,5a60ff00b899,8.162113969909802,154296.60248717488
15,2026-07-12,5a60ff00b899,7.462851541834671,141077.74554684263
15,2026-07-13,5a60ff00b899,7.179371298638013,135718.835029453
15,2026-07-14,5a60ff00b899,7.726019655433815,146052.67556632083
15,2026-07-15,5a60ff00b899,7.584885300210351,143384.67171517646
15,2026-07-16,5a60ff00b899,5.08059530633386,96043.5736709353
15,2026-07-17,5a60ff00b899,7.10902964061761,134389.0963262353
15,2026-07-18,5a60ff00b899,5.712556840216387,107990.17450745059
15,2026-07-19,5a60ff00b899,5.441468609967763,102865.52260283059
15,2026-07-20,5a60ff00b899,6.668527342956361,126061.84089124706
15,2026-07-21,5a60ff00b899,8.030033014570211,151799.74410743528
15,2026-07-22,5a60ff00b899,9.633671465705982,182114.9253877059
15,2026-07-23,5a60ff00b899,10.301510212245773,194739.74905229412
15,2026-07-24,5a60ff00b899,6.731592907362277,127254.03232077646
15,2026-07-25,5a60ff00b899,6.41655691428767,121298.59190769412
15,2026-07-26,5a60ff00b899,4.897116572582833,92575.09168810588
15,2026-07-27,5a60ff00b899,4.763698334057218,90052.95330701765
15,2026-07-28,5a60ff00b899,5.183373733321301,97986.49705470589
15,2026-07-29,5a60ff00b899,4.652757446659593,87955.72677165295
15,2026-07-30,5a60ff00b899,4.946252008976936,93503.9479777
15,2026-07-31,5a60ff00b899,5.013167630140835,94768.92088018234
15,2026-08-01,5a60ff00b899,5.386065295841527,101818.17835258823
15,2026-08-02,5a60ff00b899,4.318425327491847,81635.51239090587
15,2026-08-03,5a60ff00b899,4.822305953396106,91160.871743
15,2026-08-04,5a60ff00b899,6.1304162815389205,115889.38938621177
15,2026-08-05,5a60ff00b899,5.428237076651066,102615.39369701176
15,2026-08-06,5a60ff00b899,5.08137784140238,96058.3667138706
15,2026-08-07,5a60ff00b899,5.295747635685849,100110.8133050053
15,2026-08-08,5a60ff00b899,6.709798393059981,126842.02882240589
15,2026-08-09,5a60ff00b899,5.502705395045555,104023.14278794118
15,2026-08-10,5a60ff00b899,6.298348920440119,119063.987992
15,2026-08-11,5a60ff00b899,5.395375356845424,101994.17574580589
15,2026-08-12,5a60ff00b899,5.711008158345573,107960.8982253647
15,2026-08-13,5a60ff00b899,4.65218557263231,87944.91606504118
15,2026-08-14,5a60ff00b899,4.764002865498743,90058.71016938824
15,2026-08-15,5a60ff00b899,4.258288926148839,80498.69385991765
15,2026-08-16,5a60ff00b899,2.3248692032084683,43949.32741745288
15,2026-08-17,5a60ff00b899,4.963773650942365,93835.17709741447
15,2026-08-18,5a60ff00b899,4.3683599236569295,82579.4759968106
15,2026-08-19,5a60ff00b899,5.172999168374263,97790.37627894706
15,2026-08-20,5a60ff00b899,4.329840165930957,81851.29849675883
15,2026-08-21,5a60ff00b899,3.7671161491399268,71213.56368334117
15,2026-08-22,5a60ff00b899,3.6373598961603566,68760.65147701537
15,2026-08-23,5a60ff00b899,5.036860883427099,95216.81814030588
15,2026-08-24,5a60ff00b899,4.044250230080468,76452.50634944117
15,2026-08-25,5a60ff00b899,1.8336116600623895,34662.59482181941
15,2026-08-26,5a60ff00b899,1.28873391317835,24362.225894723528
15,2026-08-27,5a60ff00b899,1.4645475906244865,27685.80765316529
15,2026-08-28,5a60ff00b899,0.4752722088989165,8984.545837025116
15,2026-08-29,5a60ff00b899,3.3388867541565657,63118.31520057572
15,2026-08-30,5a60ff00b899,1.772772428994042,33512.48999770337
15,2026-08-31,5a60ff00b899,0.6603262057095479,12482.806592733294
16,2026-07-01,68791d45fb06,8.833364803033188,166685.59383323626
16,2026-07-02,68791d45fb06,8.831000603259765,166640.98138351177
16,2026-07-03,68791d45fb06,9.002055852782073,169868.7939419977
16,2026-07-04,68791d45fb06,9.13552875018253,172387.42751594435
16,2026-07-05,68791d45fb06,8.473263906156168,159890.4899091669
16,2026-07-06,68791d45fb06,8.38688141533402,158260.45230735294
16,2026-07-07,68791d45fb06,6.704647495516113,126516.69824038906
16,2026-07-08,68791d45fb06,7.564615772492628,142744.29962693588
16,2026-07-09,68791d45fb06,4.337380439975093,81846.36890233
16,2026-07-10,68791d45fb06,6.7594371423633985,127550.57887639733
16,2026-07-11,68791d45fb06,5.581264123862416,105318.45401728379
16,2026-07-12,68791d45fb06,4.955334462489174,93507.16130717071
16,2026-07-13,68791d45fb06,5.851159328154288,110411.3765222714
16,2026-07-14,68791d45fb06,5.496756374037199,103723.79277808194
16,2026-07-15,68791d45fb06,4.29064527200718,80964.47628277549
16,2026-07-16,68791d45fb06,4.884428635253057,92169.16834722518
16,2026-07-17,68791d45fb06,4.922378883571821,92885.28953300028
16,2026-07-18,68791d45fb06,4.956913122161663,93536.95061519058
16,2026-07-19,68791d45fb06,3.052215444862184,57595.30544454941
16,2026-07-20,68791d45fb06,6.857221407084074,129395.76795167646
16,2026-07-21,68791d45fb06,7.265262687706574,137095.50691702304
16,2026-07-22,68791d45fb06,7.718993369369995,145657.40488001183
16,2026-07-23,68791d45fb06,6.911236377618317,130415.03044565764
16,2026-07-24,68791d45fb06,4.077737369593878,76946.90416423648
16,2026-07-25,68791d45fb06,4.1951834012622395,79163.11078181847
16,2026-07-26,68791d45fb06,3.3269153733111723,62778.89309438183
16,2026-07-27,68791d45fb06,3.056735335352289,57680.59577809769
16,2026-07-28,68791d45fb06,2.5895576254699524,48864.952392618005
16,2026-08-11,6a904a748d45,1.6139915399743665,32815.67599075882
16,2026-08-12,6a904a748d45,3.2453898901284557,65985.26724609177
16,2026-08-13,6a904a748d45,2.463050989768085,50078.7527239647
16,2026-08-14,6a904a748d45,3.3806595457904667,68735.56988501176
16,2026-08-15,6a904a748d45,2.5433866390063185,51712.137144276465
16,2026-08-16,6a904a748d45,5.133075754505792,104365.69624061175
16,2026-08-17,6a904a748d45,7.318212818611056,148793.903028
16,2026-08-18,6a904a748d45,5.176573559233489,105250.09360633529
16,2026-08-19,6a904a748d45,4.381438655292497,89083.41073940706
16,2026-08-20,6a904a748d45,5.834685166423546,118630.81880372354
16,2026-08-21,6a904a748d45,5.461685050234056,111046.98044135881
16,2026-08-22,6a904a748d45,4.772610775844201,97036.72229446429
16,2026-08-23,6a904a748d45,2.6657253268679915,54199.52734588
16,2026-08-24,6a904a748d45,4.624400648607712,94023.313987492
16,2026-08-25,6a904a748d45,4.048506693419993,82314.2380906153
16,2026-08-26,6a904a748d45,2.8856156231599015,58670.336850087115
16,2026-08-27,6a904a748d45,4.393411406371006,89326.8407143353
16,2026-08-28,6a904a748d45,5.266682365137468,107082.185847975
16,2026-08-29,6a904a748d45,6.809083507956164,138442.2858837647
16,2026-08-30,6a904a748d45,5.345618058901644,108687.10637358823
16,2026-08-31,6a904a748d45,4.235875244978215,86123.81548089707
17,2026-07-01,176c90d03184,2.22055663648512,83954.80531222941
17,2026-07-02,176c90d03184,2.275132392850015,86018.20550887336
17,2026-07-03,176c90d03184,7.997202246230116,302358.22252546827
17,2026-07-04,176c90d03184,2.637254577982541,99709.32108436391
17,2026-07-05,176c90d03184,2.2735993869003757,85960.24561992941
17,2026-07-06,176c90d03184,8.433570253448458,318856.4241423793
17,2026-07-07,176c90d03184,2.076995773746186,78527.0562137958
17,2026-07-08,176c90d03184,1.493369915281936,56461.32975697943
17,2026-07-09,176c90d03184,1.6675470431341646,63046.6186068165
17,2026-07-10,176c90d03184,3.371796444890748,127480.87998842941
17,2026-07-11,176c90d03184,2.3132333522696724,87458.72658261177
17,2026-07-12,176c90d03184,1.9499300590993816,73722.95567442941
17,2026-07-13,176c90d03184,2.063280983595753,78008.52742778824
17,2026-07-14,176c90d03184,1.5052066368840396,56908.85252731176
17,2026-07-15,176c90d03184,3.411506905474178,128982.25308216774
17,2026-07-16,176c90d03184,1.0492987875345399,39671.88855910588
17,2026-07-17,176c90d03184,1.359937099942803,51416.5018746375
17,2026-07-18,176c90d03184,3.387168931059564,128062.0829455
17,2026-07-20,176c90d03184,2.5729675873394138,97278.75854212858
17,2026-07-21,176c90d03184,0.8023982413462759,30337.07270882
17,2026-08-10,176c90d03184,2.4296804809458314,91861.35962359999
17,2026-08-11,176c90d03184,0.13229554144209701,5001.829830842804
17,2026-08-12,176c90d03184,0.10056682963328645,3802.230694775294
17,2026-08-13,176c90d03184,0.26185558697653,9900.236032408648
17,2026-08-14,176c90d03184,0.22858437335796988,8642.317987918124
17,2026-08-15,176c90d03184,0.21284246657476785,8047.147976258822
17,2026-08-16,176c90d03184,5.177291480518582,195743.03629544654
17,2026-08-17,176c90d03184,2.489815190833197,94134.9327350215
17,2026-08-18,176c90d03184,0.15207083021963352,5749.493948943905
17,2026-08-19,176c90d03184,0.08341089827584063,3153.5992420129824
17,2026-08-20,176c90d03184,0.09691348571500896,3664.105067913059
17,2026-08-21,176c90d03184,0.04479051528744259,1693.4398019876294
17,2026-08-22,176c90d03184,0.13535339796250284,5117.441270166308
17,2026-08-23,176c90d03184,0.110592408668068,4181.2777869223155
17,2026-08-24,176c90d03184,0.052938811545933925,2001.5105869286701
18,2026-07-01,fc51d81ed949,5.892677698527337,113599.04067221
18,2026-07-02,fc51d81ed949,6.962072870555351,134214.84079856606
18,2026-07-03,fc51d81ed949,9.071662988114657,174883.51908487434
18,2026-07-04,fc51d81ed949,6.525053658586548,125789.98443023146
18,2026-07-05,fc51d81ed949,6.503372453684116,125372.01416212239
18,2026-07-06,fc51d81ed949,7.959127315191959,153436.0563822706
18,2026-07-07,fc51d81ed949,6.728120579891006,129704.70853913882
18,2026-07-08,fc51d81ed949,7.515163417090801,144877.32035467649
18,2026-07-09,fc51d81ed949,4.64110899035969,89471.29911615411
18,2026-07-10,fc51d81ed949,8.57026206314549,165217.5120533188
18,2026-07-11,fc51d81ed949,8.200387452947888,158087.06931792942
18,2026-07-12,fc51d81ed949,7.052011585854037,135948.67935209413
18,2026-07-13,fc51d81ed949,8.362631231416339,161214.80487924418
18,2026-07-14,fc51d81ed949,8.348967212728681,160951.38992698354
18,2026-07-15,fc51d81ed949,6.661273400622288,128416.02861719647
18,2026-07-16,fc51d81ed949,6.299356252017158,121438.98982638677
18,2026-07-17,fc51d81ed949,5.681343804612695,109524.94586532353
18,2026-07-18,fc51d81ed949,4.667577639260847,89981.56172967059
18,2026-07-19,fc51d81ed949,4.429002120106907,85382.30287142095
18,2026-07-20,fc51d81ed949,7.082833687041919,136542.8678187941
18,2026-07-21,fc51d81ed949,6.958102969599202,134138.30904793344
18,2026-07-22,fc51d81ed949,6.893403302437707,132891.02886439412
18,2026-07-23,fc51d81ed949,6.517167276451059,125637.95075542353
18,2026-07-24,fc51d81ed949,5.995664990392889,115584.42968479413
18,2026-07-25,fc51d81ed949,5.161623477883048,99505.77740662941
18,2026-07-26,fc51d81ed949,5.1584870111159935,99445.31260029413
18,2026-07-27,fc51d81ed949,6.058628397210475,116798.23824142353
18,2026-07-28,fc51d81ed949,6.058625440886289,116798.18124940587
18,2026-07-29,fc51d81ed949,5.212783417036488,100492.03871362942
18,2026-07-30,fc51d81ed949,6.279552076142571,121057.20492387646
18,2026-07-31,fc51d81ed949,4.577550905028286,88246.0263471353
18,2026-08-01,fc51d81ed949,5.808998574277598,111985.87451492355
18,2026-08-02,fc51d81ed949,4.95621828690583,95545.97613497058
18,2026-08-03,fc51d81ed949,6.13971950599098,118361.51263649411
18,2026-08-04,fc51d81ed949,5.4656287672973765,105366.39137595882
18,2026-08-05,fc51d81ed949,6.183511418837078,119205.73313234118
18,2026-08-06,fc51d81ed949,5.997094548343738,115611.98870297059
18,2026-08-07,fc51d81ed949,6.253732603813122,120559.45713630936
18,2026-08-08,fc51d81ed949,4.521518234085486,87165.8285167
18,2026-08-09,fc51d81ed949,5.4942877666904675,105918.87956625882
18,2026-08-11,4b09e2eac894,3.7867038836839053,71455.1022851153
18,2026-08-12,4b09e2eac894,5.371383299541367,101358.00286234559
18,2026-08-13,4b09e2eac894,3.968932227681331,74893.7511363467
18,2026-08-14,4b09e2eac894,4.113005777854983,77612.41902812352
18,2026-08-15,4b09e2eac894,4.383497356706879,82716.59512105882
18,2026-08-16,4b09e2eac894,2.3544663392858505,44428.779822323995
18,2026-08-17,4b09e2eac894,4.4158002439477855,83326.15060329472
18,2026-08-18,4b09e2eac894,4.912674129296113,92702.16081981765
18,2026-08-19,4b09e2eac894,6.447389595057732,121662.2416587394
18,2026-08-20,4b09e2eac894,4.940773334621715,93232.39282431177
18,2026-08-21,4b09e2eac894,4.658879730161165,87913.06050814118
18,2026-08-22,4b09e2eac894,5.581208730918021,105317.40875242307
18,2026-08-23,4b09e2eac894,3.345545837122105,63130.44994649412
18,2026-08-24,4b09e2eac894,1.811858362831011,34189.76730662118
18,2026-08-25,4b09e2eac894,0.48419938897979986,9136.842470048825
18,2026-08-26,4b09e2eac894,0.09773682609463014,1844.2939084056707
18,2026-08-27,4b09e2eac894,0.043129999365050964,813.8630880185117
18,2026-08-28,4b09e2eac894,0.009236443092868231,174.29168116242352
18,2026-08-29,4b09e2eac894,0.08027753499999968,1514.837085449994
18,2026-08-30,4b09e2eac894,0.026029273017526108,491.17238184071766
18,2026-08-31,4b09e2eac894,0.006142528180303532,115.90950676232764
19,2026-07-01,da511f2da30c,0.17138278542855226,6164.981557435883
19,2026-07-02,da511f2da30c,0.17804450194595958,6404.616824000059
19,2026-07-03,da511f2da30c,0.2264181424832713,8144.713421408236
19,2026-07-04,da511f2da30c,0.1529923046943563,5503.439184465386
19,2026-07-05,da511f2da30c,1.1115068608091423,39983.12479702646
19,2026-07-06,da511f2da30c,5.246628462284261,188731.71904528944
19,2026-07-07,da511f2da30c,2.5252330159683574,90837.68205041374
19,2026-07-08,da511f2da30c,0.14621463997040182,5259.633029015294
19,2026-07-09,da511f2da30c,14.185235827578857,510271.30318966665
19,2026-07-10,da511f2da30c,0.13895656207104382,4998.545450819588
19,2026-07-11,da511f2da30c,0.2249779284820771,8092.906043357276
19,2026-07-12,da511f2da30c,0.12684865750540944,4562.999907784589
19,2026-07-13,da511f2da30c,0.16907159579151596,6081.843443812412
19,2026-07-14,da511f2da30c,0.13409943543139435,4823.824891338118
19,2026-07-15,da511f2da30c,0.15948197704890568,5736.885678403235
19,2026-07-16,da511f2da30c,0.191203434736151,6877.969954328823
19,2026-07-17,da511f2da30c,1.3633066180832063,49040.86566568909
19,2026-07-18,da511f2da30c,3.260260928656205,117278.10612562101
19,2026-07-19,da511f2da30c,7.8935659341030675,283947.35378155555
19,2026-07-20,da511f2da30c,1.6202898840370057,58285.06770857916
19,2026-07-21,da511f2da30c,0.34881016155306904,12547.399131387001
19,2026-07-22,da511f2da30c,0.17104953256531713,6152.9937854395885
19,2026-07-23,da511f2da30c,1.2351373928816443,44430.36229673851
19,2026-07-24,da511f2da30c,0.23697403179171234,8524.429871611477
19,2026-07-25,da511f2da30c,0.1801010539399285,6478.595112327108
19,2026-07-26,da511f2da30c,0.16489690027907358,5931.671296838836
19,2026-07-27,da511f2da30c,0.15020833480392642,5403.294219566841
19,2026-07-28,da511f2da30c,0.07817528459702988,2812.1213375243588
19,2026-07-29,da511f2da30c,0.17076365912363048,6142.710345995236
19,2026-07-30,da511f2da30c,0.14754044622869472,5307.324931738605
19,2026-07-31,da511f2da30c,0.11030351494975553,3967.8380397726055
19,2026-08-01,da511f2da30c,0.22726711357404863,8175.252609485677
19,2026-08-02,da511f2da30c,0.09694547900359217,3487.3227707172173
19,2026-08-03,da511f2da30c,0.11256292370552415,4049.113491535115
19,2026-08-04,da511f2da30c,0.04849380891656599,1744.4192943467117
19,2026-08-05,da511f2da30c,0.17783481741047286,6397.074051889529
19,2026-08-06,da511f2da30c,0.13071528817519346,4702.090346238059
19,2026-08-07,da511f2da30c,0.12108297116411265,4355.59663871546
19,2026-08-08,da511f2da30c,0.15226338692057875,5477.218554307059
19,2026-08-09,da511f2da30c,0.06320724057540081,2273.6908579783176
19,2026-08-10,da511f2da30c,0.022457782988701974,807.8513696695875
19,2026-08-11,da511f2da30c,0.00441082519870234,158.6662040477206
19,2026-08-12,da511f2da30c,0.0010448880152757374,37.58671168549883
19,2026-08-13,da511f2da30c,0.0015801065345326596,56.839592260208825
19,2026-08-14,da511f2da30c,0.8102033501005467,29144.63490981686
19,2026-08-15,da511f2da30c,0.001544583783749125,55.56176786902353
19,2026-08-17,da511f2da30c,6.625220223325816,238322.42187347627
19,2026-08-18,da511f2da30c,0.005634456439185755,202.68266703039
20,2026-07-01,ac831bb0b003,10.247058735612395,199284.79829018988
20,2026-07-02,ac831bb0b003,11.724497238858978,228018.02230132942
20,2026-07-03,ac831bb0b003,8.789993131007096,170947.78641182597
20,2026-08-10,ac831bb0b003,15.413803372149909,299767.64798157144
20,2026-08-11,ac831bb0b003,7.773052218056598,151170.3195367647
20,2026-08-12,ac831bb0b003,5.31568714433137,103379.48358295647
20,2026-08-13,ac831bb0b003,6.519144953784209,126784.33106119528
20,2026-08-14,ac831bb0b003,6.977965612275873,135707.47522754117
20,2026-08-15,ac831bb0b003,7.287815281016364,141733.43158520624
20,2026-08-16,ac831bb0b003,5.626219813314238,109418.7229293353
20,2026-08-17,ac831bb0b003,8.085735660425387,157251.38712395294
20,2026-08-18,ac831bb0b003,0.0,0.0
