device,cells,rate_july,rate_august,density_july,density_august,band_july,band_august,raw_change,density_change,band_change,geometry_changed
1,17,48547.99745768285,23643.63489907703,1.2362617126988251,0.6020788107735429,39270.0,39270.0,-0.5129843425635394,-0.5129843425635396,0.0,False
2,17,291478.702641938,317011.14578585187,7.044291716417854,7.661345299092557,41378.0,41378.0,0.08759625630445722,0.08759625630445722,0.0,False
3,17,158395.36613338056,150255.97836780065,4.061627933057607,3.852914979429731,38998.0,38998.0,-0.05138652704477442,-0.05138652704477442,0.0,False
4,17,190574.14000716864,227387.38546264957,4.758167881932703,5.677304141182701,40052.0,40052.0,0.1931702037542773,0.1931702037542773,0.0,False
6,17,220854.59058135402,263634.94521873724,6.003441083542297,7.166329923310244,36788.0,36788.0,0.1937037148504488,0.19370371485044902,0.0,False
7,17,192297.06161593294,192905.19981410902,9.092919501415404,9.1216757997971,21148.0,21148.0,0.0031624934518796888,0.0031624934518796888,0.0,False
8,17,195764.87962641596,186764.43109251454,5.191876084082532,5.016503655452983,37706.0,37230.0,-0.04597580807689938,-0.03377823849980033,-0.012623985572587926,True
9,17,349590.98678310344,312052.56969530106,9.381467013286374,8.374102879328603,37264.0,37264.0,-0.1073781032892942,-0.1073781032892942,0.0,False
10,17,222389.95910786118,71682.19529512546,10.79353325120662,3.4790426759428006,20604.0,20604.0,-0.6776734184282172,-0.6776734184282172,0.0,False
11,17,164529.2934458813,60081.226237383526,7.972152991853925,2.911194216367067,20638.0,20638.0,-0.63482961010134,-0.63482961010134,0.0,False
12,17,115835.27483601932,87732.13206219769,5.82379461216789,4.480018519997924,19890.0,19572.076923076922,-0.24261299343922194,-0.23073892224192794,-0.015984066210310566,True
13,17,180423.3660049593,200194.355262593,4.142521146277249,4.794844684388604,43554.0,41752.0,0.10958109082772705,0.15747017699537325,-0.041373926619828305,True
14,17,227004.07592830996,324793.9575749838,4.1938382339696645,6.103525202051716,54128.0,53274.331819291816,0.43078469515039375,0.4553554194374454,-0.01577128622354762,True
15,17,126514.8948214652,78103.39523431579,6.692493378198541,4.1315803657594055,18904.0,18904.0,-0.3826545455811078,-0.3826545455811078,0.0,False
16,17,113074.758126886,88553.96736350679,5.992303027391945,4.355398748942887,18870.0,20332.0,-0.21685468242048667,-0.2731678072631608,0.07747747747747757,True
17,17,108575.99557562181,25475.44351008196,2.871773052677259,0.6738109265256549,37808.0,37808.0,-0.7653676268403301,-0.7653676268403302,0.0,False
18,17,125675.4717294158,70498.71144235013,6.519113586960047,3.6991512258072,19278.0,18993.393103448278,-0.4390416007816019,-0.4325683735275787,-0.014763299955997677,True
19,17,33692.561186394705,12984.71893424749,0.9366329697096268,0.36096738947646756,35972.0,35972.0,-0.6146116983385991,-0.614611698338599,0.0,False
20,17,207259.25483130434,140111.8133496121,10.657098664711247,7.20443301879947,19448.0,19448.0,-0.32397801264095993,-0.3239780126409598,0.0,False
