device,hour,rate_july,rate_august,rate_change,density_july,density_august,density_change,boundary_pixels_july,boundary_pixels_august,boundary_pixels_change
1,5,93.09868264739582,0.0,-1.0,0.002370732942383392,0.0,-1.0,39270.0,39270.0,0.0
1,6,25063.447301231867,4592.326027709977,-0.8167719718474535,0.6382339521576742,0.11694234855385731,-0.8167719718474535,39270.0,39270.0,0.0
1,7,37098.227246798604,9826.46974109743,-0.7351229298444333,0.9446963902928088,0.25022841204729895,-0.7351229298444333,39270.0,39270.0,0.0
1,8,66192.29096643934,18411.409810420646,-0.7218496362400335,1.6855689067084119,0.46884160454343377,-0.7218496362400335,39270.0,39270.0,0.0
1,9,64889.8042462113,24937.401019747085,-0.6156961589046079,1.65240143229466,0.6350242174623654,-0.6156961589046079,39270.0,39270.0,0.0
1,10,45728.313864438496,21447.329369943665,-0.5309835951195525,1.1644592275130763,0.546150480518046,-0.5309835951195525,39270.0,39270.0,0.0
1,11,45236.37946491333,33639.65970274987,-0.25635826516925864,1.1519322501887785,0.8566248969378627,-0.25635826516925875,39270.0,39270.0,0.0
1,12,31001.173042071936,25891.9633181977,-0.16480698059200816,0.7894365429608335,0.6593318899464654,-0.16480698059200816,39270.0,39270.0,0.0
1,13,22969.56462850258,16860.01170056445,-0.2659847074487811,0.5849137924243082,0.4293356684635714,-0.2659847074487812,39270.0,39270.0,0.0
1,14,23617.481179433547,14755.711114089241,-0.3752207950550318,0.6014128133290947,0.3757502193554683,-0.3752207950550318,39270.0,39270.0,0.0
1,15,20179.828037443,16793.151511679,-0.16782484565676847,0.5138738996038452,0.4276330917157881,-0.16782484565676858,39270.0,39270.0,0.0
1,16,47426.03370025438,29836.442008868766,-0.37088472973634456,1.2076912070347436,0.759776980108703,-0.37088472973634456,39270.0,39270.0,0.0
1,17,79746.26012844741,39615.40108753277,-0.5032318628644881,2.030717090105613,1.008795545901013,-0.5032318628644881,39270.0,39270.0,0.0
1,18,106956.52913321667,41267.02137206805,-0.6141701520561771,2.7236192801939563,1.0508536127340984,-0.6141701520561771,39270.0,39270.0,0.0
1,19,186870.48027745873,38315.45529925374,-0.7949625042844418,4.758606576966098,0.9756927756367137,-0.7949625042844417,39270.0,39270.0,0.0
1,20,8151.692195616112,39940.022038,3.899598890581184,0.20758065178548799,1.0170619311942959,3.899598890581183,39270.0,39270.0,0.0
1,21,14095.352685483871,25812.018162387096,0.8312431578224826,0.35893436937824985,0.6572961080312476,0.8312431578224824,39270.0,39270.0,0.0
2,5,41086.134276197954,0.0,-1.0,0.9929463549760247,0.0,-1.0,41378.0,41378.0,0.0
2,6,206652.66722077032,228433.9709746182,0.10540054501488028,4.99426427620403,5.52066245286428,0.10540054501488005,41378.0,41378.0,0.0
2,7,263469.5413306207,355502.4195845454,0.34931126303679694,6.367382215926837,8.591580540010282,0.3493112630367974,41378.0,41378.0,0.0
2,8,392218.1682245793,473442.4677953636,0.2070895898026741,9.478905897447419,11.441888631527952,0.2070895898026741,41378.0,41378.0,0.0
2,9,313936.97637201654,455467.05563099997,0.4508232222102748,7.587050518923499,11.00746908093673,0.4508232222102748,41378.0,41378.0,0.0
2,10,359268.32090179314,411983.2555825455,0.14672859145619488,8.682592703895624,9.956577301526064,0.14672859145619488,41378.0,41378.0,0.0
2,11,328850.717662054,273141.6425761091,-0.16940536265818573,7.947477346948959,6.601132064771354,-0.16940536265818573,41378.0,41378.0,0.0
2,12,263302.0774398,307275.6003998727,0.16700788458506,6.363335043738219,7.4260621682989205,0.16700788458506022,41378.0,41378.0,0.0
2,13,216253.62893017184,337514.45135521004,0.560734277731789,5.2262948651498835,8.156857541573057,0.5607342777317883,41378.0,41378.0,0.0
2,14,311526.0479223214,286501.49380158,-0.08032893007708064,7.52878456963414,6.924005360374595,-0.08032893007708064,41378.0,41378.0,0.0
2,15,402009.6696041786,480682.43382272724,0.19569868629282072,9.71554134091011,11.616860017949811,0.19569868629282094,41378.0,41378.0,0.0
2,16,509650.0745055714,432474.41580190905,-0.15142872053640533,12.316933503445584,10.451796022086835,-0.15142872053640533,41378.0,41378.0,0.0
2,17,502792.64637396665,556810.62751,0.1074359013116033,12.151207075594922,13.456682959785393,0.1074359013116033,41378.0,41378.0,0.0
2,18,491492.4569915634,473439.51411770005,-0.03673086456782226,11.878110517462499,11.44181724872396,-0.03673086456782204,41378.0,41378.0,0.0
2,19,352527.41247093107,316520.1294063,-0.10214037771488238,8.51968225798567,7.649478694144231,-0.10214037771488238,41378.0,41378.0,0.0
2,20,101.40468640978666,0.0,-1.0,0.002450690860113748,0.0,-1.0,41378.0,41378.0,0.0
2,21,0.0,0.0,,0.0,0.0,,41378.0,41378.0,0.0
3,5,135.62504047129644,0.0,-1.0,0.003477743486109453,0.0,-1.0,38998.0,38998.0,0.0
3,6,112380.48611206673,84432.62609814706,-0.24868961668353917,2.881698705371218,2.1650501589349984,-0.24868961668353928,38998.0,38998.0,0.0
3,7,153539.66237386418,142705.51662750624,-0.07056252162374266,3.9371163232438637,3.659303467549778,-0.07056252162374277,38998.0,38998.0,0.0
3,8,214496.43906031363,216484.25640287646,0.009267367566898832,5.50019075491855,5.551163044332439,0.009267367566898832,38998.0,38998.0,0.0
3,9,252507.47323812332,251854.45032081765,-0.002586152833147448,6.474882641112964,6.4581376050263515,-0.002586152833147559,38998.0,38998.0,0.0
3,10,192326.26328875,173890.40840271176,-0.09585718856482672,4.931695555893892,4.458957085048253,-0.09585718856482683,38998.0,38998.0,0.0
3,11,142345.69395054333,116758.42526428706,-0.17975442724067459,3.6500767718996703,2.9939593123823545,-0.17975442724067459,38998.0,38998.0,0.0
3,12,115859.67280802259,134607.2914453353,0.1618131501922775,2.9709131957542074,3.4516460189070024,0.1618131501922775,38998.0,38998.0,0.0
3,13,153151.9113450016,145225.4855490294,-0.051755317490726815,3.9271734792810298,3.723921369019678,-0.051755317490726704,38998.0,38998.0,0.0
3,14,118210.79247617243,147897.18373086498,0.2511309723321278,3.031201407153506,3.7924299638664802,0.251130972332128,38998.0,38998.0,0.0
3,15,147816.30199594257,164507.48136540648,0.11291839360128275,3.7903559668686233,4.218356873824465,0.11291839360128275,38998.0,38998.0,0.0
3,16,239856.5773757387,222767.2056875647,-0.07124829293883927,6.150484060098946,5.712272570069355,-0.07124829293883927,38998.0,38998.0,0.0
3,17,306268.5547778613,284873.1998207059,-0.06985815103569337,7.853442606745507,7.30481562697333,-0.06985815103569348,38998.0,38998.0,0.0
3,18,289026.08634113224,265202.7215151647,-0.08242634818038275,7.4113053577396855,6.800418521851498,-0.08242634818038275,38998.0,38998.0,0.0
3,19,254799.41095714518,203145.38002219354,-0.20272429493033384,6.533653288813405,5.20912303251945,-0.20272429493033395,38998.0,38998.0,0.0
3,20,0.2731263204803226,0.0,-1.0,7.003598145554197e-06,0.0,-1.0,38998.0,38998.0,0.0
3,21,0.0,0.0,,0.0,0.0,,38998.0,38998.0,0.0
4,5,3878.055632820112,58219.92593676471,14.012658777777082,0.09682551764756098,1.4536084574244659,14.01265877777708,40052.0,40052.0,0.0
4,6,124962.43970602592,148984.5775220253,0.19223486571254078,3.120004986168629,3.719778725707213,0.19223486571254056,40052.0,40052.0,0.0
4,7,166819.17816443846,244705.06952375,0.4668881133231406,4.165064869780247,6.109684148700439,0.4668881133231406,40052.0,40052.0,0.0
4,8,294770.2698641111,353320.1677615625,0.19862891167566832,7.359689150706858,8.821536196982985,0.19862891167566832,40052.0,40052.0,0.0
4,9,303026.6409026704,394669.2879085625,0.30242438992460396,7.565830442990871,9.85392209898538,0.30242438992460396,40052.0,40052.0,0.0
4,10,203885.1312998111,278639.6414296,0.36665013114596934,5.090510618690979,6.956947004633976,0.36665013114596934,40052.0,40052.0,0.0
4,11,201453.39603655555,235357.7717121875,0.16829885394178068,5.0297961658982215,5.876305096179654,0.16829885394178046,40052.0,40052.0,0.0
4,12,237523.57910583448,295899.1599879375,0.24576751959472753,5.930379983667096,7.387874762507178,0.24576751959472753,40052.0,40052.0,0.0
4,13,172886.32258648775,246751.94768953125,0.4272496748034631,4.3165465541418095,6.160789665672906,0.4272496748034631,40052.0,40052.0,0.0
4,14,166806.86647120482,183983.47171592867,0.10297301069251241,4.1647574770599425,4.593615093276957,0.10297301069251241,40052.0,40052.0,0.0
4,15,191053.10465880108,210518.5048354537,0.10188476241417588,4.77012645208232,5.256129652338303,0.10188476241417588,40052.0,40052.0,0.0
4,16,255069.75593924828,258226.77977955883,0.012377099859155694,6.368464894118852,6.4472880200628895,0.012377099859155916,40052.0,40052.0,0.0
4,17,359577.74046033336,377295.6910291177,0.04927432534088938,8.977772407378742,9.42014608581638,0.04927432534088916,40052.0,40052.0,0.0
4,18,324101.8851826552,323284.20590981253,-0.0025229081045975432,8.092027493824407,8.071612052077612,-0.0025229081045975432,40052.0,40052.0,0.0
4,19,233179.92689995863,255729.35012324998,0.09670396385777136,5.821929663935849,6.384933339739589,0.09670396385777136,40052.0,40052.0,0.0
4,20,1.4857042174717858,0.0,-1.0,3.709438273923364e-05,0.0,-1.0,40052.0,40052.0,0.0
4,21,764.6015066931035,0.0,-1.0,0.019090220380832502,0.0,-1.0,40052.0,40052.0,0.0
6,5,1558.5768020661592,0.0,-1.0,0.0423664456362444,0.0,-1.0,36788.0,36788.0,0.0
6,6,160267.51142947498,80160.23139752857,-0.4998348031827853,4.356516022329972,2.1789776937460195,-0.4998348031827853,36788.0,36788.0,0.0
6,7,228140.85765910358,122544.99504508001,-0.4628537987343274,6.20150205662454,3.3311132718571272,-0.4628537987343275,36788.0,36788.0,0.0
6,8,320527.43586003844,208712.63110312,-0.3488462834917617,8.712825808960488,5.6733889067935195,-0.3488462834917617,36788.0,36788.0,0.0
6,9,352800.37783338514,346393.2822044,-0.01816068244691904,9.590093993513788,9.415931341861477,-0.018160682446919263,36788.0,36788.0,0.0
6,10,316206.19541191787,374981.48908985715,0.1858764772188395,8.595362493528267,10.193038194244242,0.1858764772188395,36788.0,36788.0,0.0
6,11,248045.59138183217,333637.18204792857,0.34506394646756644,6.742567994504516,9.06918511601415,0.34506394646756666,36788.0,36788.0,0.0
6,12,250537.94334251725,462049.0247050625,0.8442277386838077,6.810317042038633,12.559775598158707,0.8442277386838077,36788.0,36788.0,0.0
6,13,238247.30423666426,435486.844960625,0.827877324177535,6.476223340128962,11.837741789731027,0.827877324177535,36788.0,36788.0,0.0
6,14,210633.0491704,378636.0187941333,0.7976097306924548,5.725591202848755,10.292378460208038,0.7976097306924546,36788.0,36788.0,0.0
6,15,257376.3776399,320579.10654632,0.24556538360660318,6.996204676522236,8.714230361702729,0.24556538360660296,36788.0,36788.0,0.0
6,16,359776.9793417333,401410.1111271875,0.1157192765963746,9.779737396480735,10.911441533303998,0.1157192765963746,36788.0,36788.0,0.0
6,17,339853.9952023334,396443.58376264706,0.16651147068794314,9.23817536159436,10.776437527526559,0.16651147068794336,36788.0,36788.0,0.0
6,18,286519.85130107874,412470.4876377188,0.43958781831241955,7.788405221840782,11.212093281442828,0.43958781831241955,36788.0,36788.0,0.0
6,19,183991.00908641,208289.080296925,0.1320611878328446,5.001386568620474,5.6618756196837285,0.1320611878328446,36788.0,36788.0,0.0
6,20,44.98418416299033,0.0,-1.0,0.0012227950462920065,0.0,-1.0,36788.0,36788.0,0.0
6,21,0.0,0.0,,0.0,0.0,,36788.0,36788.0,0.0
7,5,1369.8139970931636,0.0,-1.0,0.06477274433010988,0.0,-1.0,21148.0,21148.0,0.0
7,6,151252.76201466363,92322.36453579999,-0.38961534780535423,7.152107150305638,4.3655364353981465,-0.3896153478053541,21148.0,21148.0,0.0
7,7,160342.11911070909,208969.02810704286,0.3032697164414988,7.581904629785751,9.881266696947364,0.303269716441499,21148.0,21148.0,0.0
7,8,187383.3693363,240244.54642805713,0.2821017536347439,8.860571653882165,11.360154455648626,0.2821017536347439,21148.0,21148.0,0.0
7,9,222492.41092320002,210129.30414271427,-0.055566420127261096,10.52073060919236,9.936131272116242,-0.055566420127260985,21148.0,21148.0,0.0
7,10,186510.03754344,219834.8994057143,0.17867596994350832,8.81927546545489,10.395068063444027,0.1786759699435081,21148.0,21148.0,0.0
7,11,155755.31880635454,227668.05955614286,0.46170327473179307,7.365014129296129,10.765465271238076,0.46170327473179285,21148.0,21148.0,0.0
7,12,142879.4772414833,244680.55234127142,0.7124961335611004,6.756169720138232,11.569914523419303,0.7124961335611004,21148.0,21148.0,0.0
7,13,164390.93755891666,220995.2782511,0.34432762251201776,7.773356230325169,10.449937500052014,0.34432762251201754,21148.0,21148.0,0.0
7,14,235848.56823255835,225461.08632514285,-0.044043014487045395,11.152287130346053,10.66110678670053,-0.044043014487045506,21148.0,21148.0,0.0
7,15,285509.32900825,248454.932548,-0.1297834875972801,13.500535701165594,11.748389093436732,-0.1297834875972801,21148.0,21148.0,0.0
7,16,399781.87117866665,294377.719225625,-0.2636541563084922,18.90400374402623,13.919884586042414,-0.2636541563084923,21148.0,21148.0,0.0
7,17,408591.4394146667,329008.490858875,-0.19477390096522662,19.32057118472984,15.55742816620366,-0.1947739009652265,21148.0,21148.0,0.0
7,18,300320.5430030909,317304.04497514287,0.05655124954897661,14.200895734967416,15.003974133494555,0.05655124954897661,21148.0,21148.0,0.0
7,19,265783.88065360003,199938.090139225,-0.24774185083177713,12.567802187138264,9.454231612408975,-0.24774185083177702,21148.0,21148.0,0.0
7,20,838.1694478669556,0.0,-1.0,0.039633508978010004,0.0,-1.0,21148.0,21148.0,0.0
7,21,0.0,0.0,,0.0,0.0,,21148.0,21148.0,0.0
8,5,17121.18909303435,0.0,-1.0,0.4540706808739816,0.0,-1.0,37706.0,37230.0,-0.012623985572587926
8,6,145187.906813,116051.86534868334,-0.2006781563552913,3.8505252960536787,3.1171599610175487,-0.19045851634522193,37706.0,37230.0,-0.012623985572587926
8,7,199625.9411560111,158980.2815038,-0.2036091071973748,5.294275212327245,4.270219755675531,-0.19342694053140508,37706.0,37230.0,-0.012623985572587926
8,8,244003.96510284833,193400.41859291427,-0.20738821391121465,6.471223813261771,5.194746671848356,-0.19725436459135792,37706.0,37230.0,-0.012623985572587926
8,9,242215.77692267104,287391.35824982857,0.18650965639443107,6.423799313707924,7.719348865157898,0.20167964286888052,37706.0,37230.0,-0.012623985572587926
8,10,216526.70720342104,172234.90328648573,-0.20455584666202098,5.742500058436882,4.626239680002302,-0.19438578442756305,37706.0,37230.0,-0.012623985572587926
8,11,160667.1716825,178222.89796233716,0.10926766243529595,4.2610505405638355,4.787077570839031,0.12345008003720848,37706.0,37230.0,-0.012623985572587926
8,12,182021.5099525238,199339.76819741668,0.09514402033809044,4.827388478028001,5.354277953194109,0.1091458616940113,37706.0,37230.0,-0.012623985572587926
8,13,179277.2321627462,154856.08457118334,-0.13622001688085839,4.754607546882358,4.1594435823578655,-0.12517625453960912,37706.0,37230.0,-0.012623985572587926
8,14,219195.32610753333,242908.98259366665,0.1081850462199172,5.813274441933203,6.524549626475064,0.12235362215332235,37706.0,37230.0,-0.012623985572587926
8,15,296648.0261946286,329199.5814946667,0.10973123845658495,7.867395804238811,8.842320212051213,0.12391958305785633,37706.0,37230.0,-0.012623985572587926
8,16,343564.44430804765,385279.30664583336,0.12141786796884957,9.111665101258357,10.34862494348196,0.13575563066434193,37706.0,37230.0,-0.012623985572587926
8,17,360825.0169012857,297464.49972799997,-0.1755990139414858,9.569432368887862,7.989914040504969,-0.1650587273617422,37706.0,37230.0,-0.012623985572587926
8,18,260363.84844287144,292344.2183492857,0.12282953296963317,6.905103920937555,7.8523829801043705,0.1371853443500668,37706.0,37230.0,-0.012623985572587926
8,19,259156.14570765998,167321.16204864573,-0.3543615892582703,6.873074463153344,4.494256299990484,-0.3461068515866865,37706.0,37230.0,-0.012623985572587926
8,20,1602.745898288767,0.0,-1.0,0.042506388858239194,0.0,-1.0,37706.0,37230.0,-0.012623985572587926
8,21,0.0,0.0,,0.0,0.0,,37706.0,37230.0,-0.012623985572587926
9,5,62.1521414190742,0.0,-1.0,0.0016678870067377146,0.0,-1.0,37264.0,37264.0,0.0
9,6,212253.04990304072,157988.45340150708,-0.2556599140804914,5.69592770242166,4.239707315411847,-0.2556599140804915,37264.0,37264.0,0.0
9,7,363711.2996177333,250940.50233637058,-0.31005579810109474,9.760393398930155,6.734126833844208,-0.31005579810109485,37264.0,37264.0,0.0
9,8,412877.398897,307584.34550741175,-0.2550225652236672,11.079792799940963,8.2541956179533,-0.2550225652236672,37264.0,37264.0,0.0
9,9,475442.12332324137,354358.3583564706,-0.2546761404320267,12.75875169931412,9.50940205980224,-0.2546761404320266,37264.0,37264.0,0.0
9,10,443456.9453143571,383645.4727835882,-0.13487548940826677,11.90041179997738,10.29533793429552,-0.13487548940826666,37264.0,37264.0,0.0
9,11,386881.0148545517,481887.5419194706,0.2455704038634119,10.38216549094439,12.93171806353238,0.24557040386341167,37264.0,37264.0,0.0
9,12,351490.84012886666,461437.3281434118,0.3128004359209917,9.432450626043009,12.382925293672493,0.3128004359209917,37264.0,37264.0,0.0
9,13,367969.915521,373138.92863852944,0.014047379689208439,9.874675706338557,10.013389025293298,0.014047379689208439,37264.0,37264.0,0.0
9,14,404580.24037783867,402358.0239116875,-0.005492647055812316,10.85713397321379,10.797499568261257,-0.005492647055812316,37264.0,37264.0,0.0
9,15,443999.1068591613,443975.96882082353,-5.211280378791816e-05,11.914961004163839,11.914340082138889,-5.211280378791816e-05,37264.0,37264.0,0.0
9,16,569144.9276087742,498323.425623,-0.12443491727726741,15.273318151802656,13.372784071033706,-0.1244349172772673,37264.0,37264.0,0.0
9,17,636788.969446,511584.2045752941,-0.19661892852766083,17.088583336356805,13.728644390706691,-0.19661892852766083,37264.0,37264.0,0.0
9,18,474345.75964325806,395665.8810735412,-0.1658703107810846,12.72933017505523,10.61791222288378,-0.16587031078108472,37264.0,37264.0,0.0
9,19,354877.0751307097,282005.24972901173,-0.20534385145858614,9.52332211063519,7.567766469756649,-0.20534385145858602,37264.0,37264.0,0.0
9,20,13277.720577193548,0.0,-1.0,0.3563149575245156,0.0,-1.0,37264.0,37264.0,0.0
9,21,31888.235968612906,0.0,-1.0,0.8557384061993587,0.0,-1.0,37264.0,37264.0,0.0
10,5,95.8026832784,0.0,-1.0,0.004649712836264803,0.0,-1.0,20604.0,20604.0,0.0
10,6,39473.128710505414,5311.69393201389,-0.865435193369908,1.9157992967630273,0.2577991619109828,-0.8654351933699082,20604.0,20604.0,0.0
10,7,213470.84417749333,19988.80054862231,-0.90636285425469,10.36065056190513,0.970141746681339,-0.90636285425469,20604.0,20604.0,0.0
10,8,257618.15756164285,47024.43257432539,-0.8174646033516741,12.503307977171561,2.282296281029188,-0.8174646033516741,20604.0,20604.0,0.0
10,9,307466.40508085006,71628.78144749286,-0.7670354215490383,14.922656041586587,3.476450274096916,-0.7670354215490383,20604.0,20604.0,0.0
10,10,322760.75209321425,102865.07157219999,-0.6812962204819368,15.664955935411294,4.992480662599495,-0.6812962204819368,20604.0,20604.0,0.0
10,11,295712.35013442853,90177.08266415601,-0.6950513476249396,14.352181621744737,4.376678444193166,-0.6950513476249396,20604.0,20604.0,0.0
10,12,245227.4335954667,110422.92813005335,-0.5497121732627608,11.901933294285898,5.359295677055588,-0.5497121732627608,20604.0,20604.0,0.0
10,13,246530.31484933334,91946.19353033333,-0.6270389968611929,11.96516767857374,4.462540940124895,-0.6270389968611928,20604.0,20604.0,0.0
10,14,271027.7994677857,94995.46497995713,-0.6494991836022036,13.154135093563664,4.610535089300968,-0.6494991836022036,20604.0,20604.0,0.0
10,15,292046.9225497286,121356.93623206428,-0.584460828511555,14.174282787309677,5.88996972588159,-0.584460828511555,20604.0,20604.0,0.0
10,16,322301.86665057146,142154.21222239285,-0.55894077282366,15.642684267645672,6.899350234051293,-0.55894077282366,20604.0,20604.0,0.0
10,17,370054.28119777335,123676.26991735715,-0.6657888417962685,17.960312618800877,6.002536882030535,-0.6657888417962685,20604.0,20604.0,0.0
10,18,343024.3182504,98907.34693052857,-0.7116608308267858,16.648433229004077,4.800395405286769,-0.7116608308267858,20604.0,20604.0,0.0
10,19,253818.74440873333,98142.10533563572,-0.6133378345864244,12.318906251637223,4.763254966784882,-0.6133378345864244,20604.0,20604.0,0.0
10,20,0.18342243482857143,0.0,-1.0,8.902273093990071e-06,0.0,-1.0,20604.0,20604.0,0.0
10,21,0.0,0.0,,0.0,0.0,,20604.0,20604.0,0.0
11,5,81.79746971303226,0.0,-1.0,0.003963439757390845,0.0,-1.0,20638.0,20638.0,0.0
11,6,60278.82085474188,25121.20459185876,-0.5832499004518503,2.9207685267342707,1.2172305742736098,-0.5832499004518503,20638.0,20638.0,0.0
11,7,126013.48265665259,51002.067150498464,-0.5952649980362563,6.1058960488735625,2.4712698493312564,-0.5952649980362563,20638.0,20638.0,0.0
11,8,170074.96193609433,86808.5774557898,-0.48958637727987186,8.24086451865948,4.206249513314749,-0.4895863772798721,20638.0,20638.0,0.0
11,9,232242.91427889332,81399.067157874,-0.6495089315830562,11.253169603590141,3.9441354374393836,-0.6495089315830562,20638.0,20638.0,0.0
11,10,228838.56417446668,45159.56148425074,-0.8026575562245659,11.088214176493201,2.1881752826945804,-0.8026575562245659,20638.0,20638.0,0.0
11,11,189374.24396577998,58093.09090877563,-0.6932365791027365,9.17599786635236,2.81486049562824,-0.6932365791027366,20638.0,20638.0,0.0
11,12,185491.0076627097,58602.34249805552,-0.6840690918849502,8.987838340086718,2.839535928774858,-0.6840690918849502,20638.0,20638.0,0.0
11,13,173321.29544425677,72845.73819397262,-0.579706936719723,8.398163360997033,3.529689804921631,-0.579706936719723,20638.0,20638.0,0.0
11,14,197735.7543907724,58110.409651316135,-0.7061208791988307,9.581149064384746,2.8156996633063347,-0.7061208791988307,20638.0,20638.0,0.0
11,15,209600.23687159654,89507.74775061212,-0.5729597013506929,10.15603434788238,4.337035941012313,-0.5729597013506929,20638.0,20638.0,0.0
11,16,257642.33725875666,104008.92041530563,-0.5963050113504953,12.483881057212747,5.039680221693267,-0.5963050113504953,20638.0,20638.0,0.0
11,17,302013.3565491,118062.89801808783,-0.6090805407843156,14.633848073897665,5.720655975292558,-0.6090805407843158,20638.0,20638.0,0.0
11,18,263746.50970825803,83959.72155497274,-0.681665089529168,12.779654506650743,4.068210173222829,-0.681665089529168,20638.0,20638.0,0.0
11,19,200542.70535819032,88699.49920414995,-0.557702689580639,9.717157929944293,4.297872817334526,-0.557702689580639,20638.0,20638.0,0.0
11,20,0.0,0.0,,0.0,0.0,,20638.0,20638.0,0.0
11,21,0.0,0.0,,0.0,0.0,,20638.0,20638.0,0.0
12,5,298.98798461340004,0.0,-1.0,0.015032075646726999,0.0,-1.0,19890.0,19572.666666666668,-0.015954415954415935
12,6,47528.852155738714,37529.150017028456,-0.21039224986843863,2.389585327085908,1.90546130066677,-0.20259750548833755,19890.0,19578.76923076923,-0.01564760026298484
12,7,102764.98110172257,66957.03855852915,-0.3484449873809513,5.166665716527028,3.4068570103919815,-0.3406081993084641,19890.0,19578.76923076923,-0.01564760026298484
12,8,143166.02319448168,84791.25956776731,-0.407741741540282,7.197889552261521,4.312766625382933,-0.40082900771547747,19890.0,19578.76923076923,-0.01564760026298484
12,9,156624.34612920534,111864.76035508777,-0.2857766808309208,7.8745272060937825,5.691029479654412,-0.2772862000844507,19890.0,19572.666666666668,-0.015954415954415935
12,10,145441.10942599332,107951.4637207148,-0.2577651246833679,7.312272972649238,5.503859257230964,-0.24731211788488328,19890.0,19572.666666666668,-0.015954415954415935
12,11,146895.06973085,120367.71587132858,-0.18058709463923084,7.385373038252891,6.13955885680473,-0.1686866966631756,19890.0,19567.0,-0.016239316239316293
12,12,118505.86436174194,127549.79007688929,0.07631627146771858,5.958062562179082,6.519240937131648,0.0941880635015222,19890.0,19567.0,-0.016239316239316293
12,13,100505.02610003225,105999.03930375357,0.05466406424543524,5.053043041731135,5.425386691719988,0.07368701333311645,19890.0,19567.0,-0.016239316239316293
12,14,89433.38623039033,103734.9501768143,0.15991303191384865,4.496399508818015,5.319558392212185,0.18307067283052825,19890.0,19567.0,-0.016239316239316293
12,15,153685.22491310406,113011.41034322142,-0.26465663561920305,7.726758416948418,5.7912079039817055,-0.2504996802696897,19890.0,19567.0,-0.016239316239316293
12,16,177971.64597880322,145714.43340658888,-0.18124916693784043,8.947795172388297,7.459859783094834,-0.1662907297973285,19890.0,19572.666666666668,-0.015954415954415935
12,17,215424.65017104193,131779.46586204073,-0.3882804694940387,10.830801919107186,6.73638639316581,-0.3780343834668607,19890.0,19572.666666666668,-0.015954415954415935
12,18,188184.23059226372,138229.56683605295,-0.2654561628197576,9.461248395790031,7.05250624277042,-0.25459030904330004,19890.0,19572.666666666668,-0.015954415954415935
12,19,177946.04775886654,95966.20096154355,-0.46070057655010865,8.94650818294955,4.896635965756327,-0.45267629944289967,19890.0,19572.666666666668,-0.015954415954415935
12,20,4824.2263834795785,0.0,-1.0,0.24254531842531818,0.0,-1.0,19890.0,19572.666666666668,-0.015954415954415935
12,21,0.0,0.0,,0.0,0.0,,19890.0,19572.666666666668,-0.015954415954415935
13,5,4750.160684177486,0.0,-1.0,0.10906370675890815,0.0,-1.0,43554.0,41752.0,-0.041373926619828305
13,6,119154.8292118143,134110.22700889534,0.1255123094549171,2.7357953164305067,3.212067134721578,0.1740889807913264,43554.0,41752.0,-0.041373926619828305
13,7,165305.13721403334,150903.355457962,-0.08712240889056122,3.795406557699255,3.6142784886463404,-0.047722968883395,43554.0,41752.0,-0.041373926619828305
13,8,223770.83658924,203667.78405863998,-0.08983767874766335,5.137779230133627,4.878036598453727,-0.050555428726186014,43554.0,41752.0,-0.041373926619828305
13,9,141183.59920902,211970.73456107333,0.5013835583498203,3.241575956491252,5.076900137983171,0.566182685868176,43554.0,41752.0,-0.041373926619828305
13,10,171484.1553954,235829.09936167335,0.37522384396336683,3.9372768378426786,5.648330603603979,0.43457796752204625,43554.0,41752.0,-0.041373926619828305
13,11,174702.3071596,260437.26823809376,0.4907488771752182,4.011165614170914,6.23771958799803,0.5550890160109563,43554.0,41752.0,-0.041373926619828305
13,12,156618.90518786665,248240.04421066248,0.5849941225990243,3.595970638468721,5.945584503991725,0.6534018493887215,43554.0,41752.0,-0.041373926619828305
13,13,197711.94955461667,274083.08187659376,0.3862747420882624,4.539467088088734,6.564549767115198,0.4461058180904427,43554.0,41752.0,-0.041373926619828305
13,14,170645.36626188332,205194.1297455125,0.20245942940289652,3.9180182362557594,4.9145940253284275,0.2543571083592102,43554.0,41752.0,-0.041373926619828305
13,15,197115.11360623335,256609.32324175627,0.30182469800043554,4.525763732521315,6.14603667469238,0.3580109431095746,43554.0,41752.0,-0.041373926619828305
13,16,396008.09624383337,303219.958530575,-0.23430868861864407,9.092347344533989,7.262405598068955,-0.20126175091244547,43554.0,41752.0,-0.041373926619828305
13,17,207506.28592795003,548224.9210179134,1.6419677773437047,4.7643450872009465,13.130506826449354,1.7559940739228712,43554.0,41752.0,-0.041373926619828305
13,18,434509.35638355,214417.16979995,-0.5065303735124181,9.976336418780134,5.135494582294261,-0.4852324173203645,43554.0,41752.0,-0.041373926619828305
13,19,302534.6234915,155593.41247658667,-0.48570047725146337,6.946196066756211,3.7266098025624323,-0.46350351087876596,43554.0,41752.0,-0.041373926619828305
13,20,4196.499963589733,803.5298781928572,-0.8085237971727495,0.096351654580285,0.01924530269670572,-0.8002597591028437,43554.0,41752.0,-0.041373926619828305
13,21,0.0,0.0,,0.0,0.0,,43554.0,41752.0,-0.041373926619828305
14,5,430.2297012293239,0.0,-1.0,0.007948376094245565,0.0,-1.0,54128.0,53302.28571428572,-0.015254845656855642
14,6,130359.38509062157,259972.52031933845,0.9942754419914921,2.4083539959100935,4.880145899541088,1.0263407737519619,54128.0,53283.230769230766,-0.015606880556629399
14,7,333342.1281337452,280144.68758156925,-0.15958811101977433,6.158404672881783,5.2537754620856,-0.14689343407062405,54128.0,53283.230769230766,-0.015606880556629399
14,8,321562.9329141931,363062.53654179606,0.12905593082980382,5.940787261938241,6.801275067338555,0.14484406989513565,54128.0,53295.68,-0.015376884422110493
14,9,281645.19558527,401916.2860708519,0.4270305063633475,5.20331797933177,7.551604435041026,0.45130558329068937,54128.0,53271.7037037037,-0.015819839940443003
14,10,311630.3940306667,443509.7540883704,0.4231915839528986,5.757286321879003,8.333039166561322,0.44739008982302475,54128.0,53271.7037037037,-0.015819839940443003
14,11,257895.27582565,447633.2027804074,0.735716954672057,4.764544705617241,8.403645861979328,0.7637878079035982,54128.0,53271.7037037037,-0.015819839940443003
14,12,201605.0842092258,411951.48087825923,1.0433585913475074,3.7245988067031077,7.737996898686029,1.0775383605772695,54128.0,53271.7037037037,-0.015819839940443003
14,13,185364.58034608708,422254.53564066667,1.2779677479499667,3.424559938406871,7.941994797498295,1.3191285713611913,54128.0,53271.7037037037,-0.015819839940443003
14,14,195190.55399545332,387125.0975534926,0.9833188114344411,3.6060921149026997,7.293945979008044,1.0226732281365618,54128.0,53271.7037037037,-0.015819839940443003
14,15,251529.69290539002,419026.44608884613,0.6659124465534099,4.646942301681016,7.892679627329918,0.6984673178478602,54128.0,53238.769230769234,-0.016428295322767572
14,16,264320.3226852,439124.6078951852,0.6613350174294899,4.883245689572864,8.265492203143143,0.692622638421071,54128.0,53271.7037037037,-0.015819839940443003
14,17,382602.07346942584,422188.03140833334,0.10346508992997094,7.06846869401097,7.940637563200902,0.12338865841323043,54128.0,53271.7037037037,-0.015819839940443003
14,18,396902.61404489,474015.1906138518,0.1942858873694402,7.332667271003731,8.911444955792646,0.2153074217661597,54128.0,53271.7037037037,-0.015819839940443003
14,19,334773.0197561,349572.90131375706,0.04420870465738114,6.184840004361884,6.552250517673276,0.0594050150128822,54128.0,53271.7037037037,-0.015819839940443003
14,20,9915.808088121417,0.0,-1.0,0.183191843188764,0.0,-1.0,54128.0,53271.7037037037,-0.015819839940443003
14,21,0.0,0.0,,0.0,0.0,,54128.0,53271.7037037037,-0.015819839940443003
15,5,0.24277395013258063,0.0,-1.0,1.2842464564778915e-05,0.0,-1.0,18904.0,18904.0,0.0
15,6,42401.26814869664,28371.005689096342,-0.33089251978025025,2.242978636727499,1.5007937838074663,-0.33089251978025025,18904.0,18904.0,0.0
15,7,85394.35848429872,47757.73875721433,-0.4407389480419196,4.517263990917198,2.526329811532709,-0.4407389480419195,18904.0,18904.0,0.0
15,8,133714.23600068066,89631.3122856173,-0.3296801076202459,7.0733303005015165,4.74139400579863,-0.329680107620246,18904.0,18904.0,0.0
15,9,154209.4552589667,98639.67771097667,-0.3603525961146202,8.157503981113345,5.217926243703801,-0.3603525961146202,18904.0,18904.0,0.0
15,10,150730.05692659333,96535.80613200646,-0.35954508277655517,7.973447784944633,5.106633841092173,-0.3595450827765553,18904.0,18904.0,0.0
15,11,168359.96023458667,136700.39522998387,-0.18804687860753533,8.90604952573988,7.231294711700374,-0.18804687860753544,18904.0,18904.0,0.0
15,12,150679.39418139678,123394.18297667097,-0.18108123776950058,7.970767783611763,6.527411287382086,-0.1810812377695007,18904.0,18904.0,0.0
15,13,127449.94145574549,104179.42331116162,-0.18258555381654762,6.741956276753359,5.510972456155397,-0.18258555381654773,18904.0,18904.0,0.0
15,14,119794.27501499033,79934.12468282734,-0.33273835771513394,6.336980269519166,4.228423861766152,-0.3327383577151338,18904.0,18904.0,0.0
15,15,144364.79277450324,106509.6406961929,-0.2622187262613247,7.636732584347398,5.634238293281469,-0.2622187262613247,18904.0,18904.0,0.0
15,16,188445.77184451936,110241.25597655741,-0.41499745577993663,9.968566009549267,5.8316364778119665,-0.4149974557799365,18904.0,18904.0,0.0
15,17,273993.8071022742,120985.14031387758,-0.558438412921073,14.49395932618886,6.399975683129368,-0.5584384129210731,18904.0,18904.0,0.0
15,18,244117.41577724065,95896.50284339536,-0.6071705800339056,12.913532362317005,5.072815427602378,-0.6071705800339056,18904.0,18904.0,0.0
15,19,166918.08432720002,88981.5123777904,-0.46691508750265187,8.829775937748625,4.707020333145916,-0.46691508750265187,18904.0,18904.0,0.0
15,20,180.15165926579357,0.0,-1.0,0.009529816931114767,0.0,-1.0,18904.0,18904.0,0.0
15,21,0.0,0.0,,0.0,0.0,,18904.0,18904.0,0.0
16,5,1495.208911185043,0.0,-1.0,0.07923735618362707,0.0,-1.0,18870.0,20332.0,0.07747747747747757
16,6,101596.05659341071,74632.065361393,-0.26540391562566346,5.383998759587214,3.6706701436844873,-0.31822604209405236,18870.0,20332.0,0.07747747747747757
16,7,108988.45891939642,98914.00639885999,-0.09243595716852093,5.7757529898991224,4.864942278126106,-0.15769557897747355,18870.0,20332.0,0.07747747747747757
16,8,135662.76288147926,105378.075755565,-0.22323507558498001,7.189335605801762,5.182868176055726,-0.27908940961482254,18870.0,20332.0,0.07747747747747757
16,9,106703.66685429629,126354.54311649001,0.1841630830646801,5.654672329321478,6.214565370671355,0.09901423261019615,18870.0,20332.0,0.07747747747747757
16,10,99196.58486519259,102543.28222617143,0.03373803004939102,5.256840745373216,5.043442958202411,-0.04059430321502999,18870.0,20332.0,0.07747747747747757
16,11,59604.38247648626,85157.06260500067,0.42870472047243946,3.15868481592402,4.188326903649452,0.32597177234482255,18870.0,20332.0,0.07747747747747757
16,12,78638.01755123821,89427.64460117099,0.13720624433217155,4.167356520998315,4.398369299683799,0.05543388897049373,18870.0,20332.0,0.07747747747747757
16,13,111662.29332370369,85937.92430239523,-0.23037650629953244,5.917450626587372,4.226732456344444,-0.2857173260806698,18870.0,20332.0,0.07747747747747757
16,14,130511.55533951428,104427.19289287142,-0.1998624748497303,6.916351634314482,5.13610037836275,-0.2573974473939804,18870.0,20332.0,0.07747747747747757
16,15,151492.62821162143,141575.28701978095,-0.06546418336598436,8.028226190335,6.963175635440732,-0.13266324710388178,18870.0,20332.0,0.07747747747747757
16,16,203123.06618294813,160292.46998542384,-0.21086032720157832,10.7643384304689,7.8837531962140375,-0.2676044842757125,18870.0,20332.0,0.07747747747747757
16,17,244161.3081473889,146106.5257461238,-0.40159836603625154,12.939126027948536,7.186038055583504,-0.444627246070434,18870.0,20332.0,0.07747747747747757
16,18,226653.32029973,105602.98097394525,-0.5340770616803929,12.01130473236513,5.193929813788375,-0.5675798816598965,18870.0,20332.0,0.07747747747747757
16,19,161814.73946178216,79068.38419442381,-0.5113647591225867,8.57523791530377,3.888864066221907,-0.5465007379816649,18870.0,20332.0,0.07747747747747757
16,20,966.8381376887519,0.0,-1.0,0.051236785251126224,0.0,-1.0,18870.0,20332.0,0.07747747747747757
16,21,0.0,0.0,,0.0,0.0,,18870.0,20332.0,0.07747747747747757
17,5,59044.67306925439,96807.00328153846,0.6395552426548634,1.5616978700077864,2.5604899302142,0.6395552426548636,37808.0,37808.0,0.0
17,6,262687.762517675,16857.474097766488,-0.9358269531241211,6.947941243061654,0.4458705590818475,-0.9358269531241211,37808.0,37808.0,0.0
17,7,68786.62052569333,6686.2146436595,-0.9027977447858184,1.8193668145813937,0.1768465574391531,-0.9027977447858184,37808.0,37808.0,0.0
17,8,85551.58600801667,3059.6731910537856,-0.9642359267218369,2.2627905736356504,0.08092660788864224,-0.9642359267218369,37808.0,37808.0,0.0
17,9,268787.69474785833,27740.211621184215,-0.8967950833939534,7.109280965611997,0.7337127491849399,-0.8967950833939535,37808.0,37808.0,0.0
17,10,98318.106205975,25563.813859234284,-0.7399887483015746,2.6004577392608703,0.6761482717740765,-0.7399887483015746,37808.0,37808.0,0.0
17,11,93625.14121278461,23623.579914878468,-0.747679099770985,2.4763314963178327,0.6248301924163793,-0.747679099770985,37808.0,37808.0,0.0
17,12,81343.792134625,184811.81037660243,1.2719841985081857,2.1514968296293113,4.888166800058253,1.2719841985081857,37808.0,37808.0,0.0
17,13,55010.20573137219,14958.22479561794,-0.7280827330720688,1.4549885138428953,0.3956365000956924,-0.7280827330720688,37808.0,37808.0,0.0
17,14,68534.54982096875,6780.857304444786,-0.9010592858323536,1.8126996884513529,0.17934980174684687,-0.9010592858323536,37808.0,37808.0,0.0
17,15,96533.62549560588,7536.439479169857,-0.9219293853258116,2.5532592439591064,0.19933451859844098,-0.9219293853258116,37808.0,37808.0,0.0
17,16,158579.01956082942,6467.509648756786,-0.9592158554979846,4.1943244699753865,0.1710619352718151,-0.9592158554979846,37808.0,37808.0,0.0
17,17,170970.22503360588,5756.808998841572,-0.9663285873449017,4.522064775539724,0.1522643091102828,-0.9663285873449017,37808.0,37808.0,0.0
17,18,160020.5226151875,3669.188999405077,-0.9770705098356126,4.232451402221422,0.09704795279848384,-0.9770705098356126,37808.0,37808.0,0.0
17,19,117998.40010611874,2763.729459239692,-0.9765782463427114,3.1209902694170215,0.0730990652570803,-0.9765782463427114,37808.0,37808.0,0.0
17,20,0.0,0.0,,0.0,0.0,,37808.0,37808.0,0.0
17,21,0.0,0.0,,0.0,0.0,,37808.0,37808.0,0.0
18,5,14572.197518772451,0.0,-1.0,0.7558977860137178,0.0,-1.0,19278.0,18992.4,-0.014814814814814725
18,6,54062.432495374196,24440.349045599436,-0.54792361502249,2.804358984094522,1.2757657890183058,-0.5450775752127084,19278.0,18996.620689655174,-0.014595876664842078
18,7,114191.54057117419,41283.76917680131,-0.6384691110190457,5.923412209314981,2.162446567020667,-0.6349322838582687,19278.0,18996.620689655174,-0.014595876664842078
18,8,118556.99979376668,63676.5635191684,-0.462903382930273,6.149859933279731,3.3395896395480187,-0.45696492671711797,19278.0,18996.620689655174,-0.014595876664842078
18,9,141688.72003681,74442.50213256024,-0.47460530299645265,7.349762425397344,3.9012887621662795,-0.4691952560690603,19278.0,18996.620689655174,-0.014595876664842078
18,10,132143.62194540334,89363.31769671904,-0.3237409692490454,6.854633361624822,4.687783460758284,-0.3161146317463883,19278.0,18992.4,-0.014814814814814725
18,11,132703.82557678188,110468.24580851485,-0.16755794093819554,6.883692581013688,5.789234756820493,-0.15899283869995628,19278.0,18992.4,-0.014814814814814725
18,12,121800.7271982,109147.70087354127,-0.1038830113392436,6.318120510333022,5.719095940938248,-0.09481056406174815,19278.0,18992.4,-0.014814814814814725
18,13,129049.25205968549,94503.27278973837,-0.2676960828410655,6.694120347530111,4.96598527149303,-0.25815715677634943,19278.0,18992.4,-0.014814814814814725
18,14,109792.79197847549,67859.477145064,-0.38193140075745935,5.695237679140755,3.578239773846846,-0.37171370618079314,19278.0,18992.4,-0.014814814814814725
18,15,179645.3232155355,89418.62905435306,-0.5022490568982413,9.318670153311313,4.694418981458376,-0.4962350953273893,19278.0,18992.4,-0.014814814814814725
18,16,219591.16029931614,121766.6489050213,-0.44548474201308497,11.390764617663457,6.400219412714536,-0.43812205523149617,19278.0,18992.4,-0.014814814814814725
18,17,254534.06975568712,130747.4645493586,-0.4863262718627188,13.203344213906375,6.8628090937477095,-0.48022190571086676,19278.0,18992.4,-0.014814814814814725
18,18,245682.45207903872,121949.8371205436,-0.5036282156557481,12.744187782915173,6.38983562966754,-0.4986078564980235,19278.0,18992.4,-0.014814814814814725
18,19,150423.9893016419,59410.31670296881,-0.6050475926161312,7.802883561657949,3.118857759524069,-0.600294207278754,19278.0,18992.4,-0.014814814814814725
18,20,3804.0248655988335,0.0,-1.0,0.19732466363724627,0.0,-1.0,19278.0,18992.4,-0.014814814814814725
18,21,14239.890708806452,0.0,-1.0,0.7386601674865885,0.0,-1.0,19278.0,18992.4,-0.014814814814814725
19,5,37041.76762333333,0.0,-1.0,1.0297388975684791,0.0,-1.0,35972.0,35972.0,0.0
19,6,53913.25475105233,584.9472251590394,-0.9891502149543732,1.4987561089473016,0.01626118161789835,-0.9891502149543732,35972.0,35972.0,0.0
19,7,42715.512283217926,1671.481592192492,-0.9608694475882669,1.1874655922166664,0.04646618459336405,-0.9608694475882669,35972.0,35972.0,0.0
19,8,73359.63356114458,1803.0217273774688,-0.9754221546666442,2.0393537629585397,0.050122921365992126,-0.9754221546666442,35972.0,35972.0,0.0
19,9,6346.589347794167,1261.0475678198343,-0.8013031096366545,0.1764313729510221,0.035056365167903766,-0.8013031096366545,35972.0,35972.0,0.0
19,10,27936.5208409168,2865.605216440081,-0.8974244061113359,0.7766185044177917,0.07966210431558104,-0.8974244061113359,35972.0,35972.0,0.0
19,11,55086.78790429536,89767.82769372403,0.6295709208836342,1.5313796259394905,2.495491707264651,0.6295709208836344,35972.0,35972.0,0.0
19,12,41739.80597533334,32199.80845803678,-0.22855874133517384,1.1603415427369435,0.8951353402100739,-0.22855874133517373,35972.0,35972.0,0.0
19,13,66017.39637540831,20690.55282875354,-0.686589384544998,1.8352439779664267,0.5751849446445442,-0.6865893845449978,35972.0,35972.0,0.0
19,14,17978.582787430674,8625.473756402056,-0.5202361688690855,0.49979380594436434,0.23978299111536908,-0.5202361688690855,35972.0,35972.0,0.0
19,15,4423.916802169067,16838.041089596012,2.806138732387608,0.12298223068411727,0.46808743160224653,2.806138732387608,35972.0,35972.0,0.0
19,16,37121.413063060914,41542.71736357587,0.11910387928940525,1.0319529929684452,1.1548625976752995,0.11910387928940547,35972.0,35972.0,0.0
19,17,35085.03838189339,1255.3640536389282,-0.9642193906138978,0.9753429996078445,0.03489836688643746,-0.9642193906138978,35972.0,35972.0,0.0
19,18,23273.896140064247,1067.3669897924037,-0.9541388780215869,0.6470003374864962,0.029672161397542637,-0.9541388780215869,35972.0,35972.0,0.0
19,19,50733.42433159549,566.9663196988163,-0.9888245998142545,1.4103587326697287,0.015761323243045043,-0.9888245998142545,35972.0,35972.0,0.0
19,20,0.0,0.0,,0.0,0.0,,35972.0,35972.0,0.0
19,21,0.0,0.0,,0.0,0.0,,35972.0,35972.0,0.0
20,5,16024.529454943333,0.0,-1.0,0.8239679892504799,0.0,-1.0,19448.0,19448.0,0.0
20,6,174094.37664,78746.48097143401,-0.5476793536285813,8.951788185931715,4.049078618440662,-0.5476793536285813,19448.0,19448.0,0.0
20,7,190330.09089466665,104363.78559393458,-0.4516695436682576,9.786615122103386,5.36629913584608,-0.45166954366825773,19448.0,19448.0,0.0
20,8,286265.0781466667,96035.83530767143,-0.6645213033688033,14.71951245098039,4.938082852101575,-0.6645213033688031,19448.0,19448.0,0.0
20,9,405358.1427143333,144518.1009287143,-0.6434804541953902,20.843178872600436,7.431000664783745,-0.6434804541953902,19448.0,19448.0,0.0
20,10,239065.69523950003,127528.13743418572,-0.4665560974508455,12.292559401455163,6.557390859429541,-0.4665560974508455,19448.0,19448.0,0.0
20,11,138524.70137999998,151331.15655843334,0.09244889215319652,7.122825040106951,7.7813223240658855,0.0924488921531963,19448.0,19448.0,0.0
20,12,269798.9568255,178706.0587829857,-0.33763250649420107,13.872838174902302,9.188917049721601,-0.33763250649420096,19448.0,19448.0,0.0
20,13,216886.5205125,141928.42277775714,-0.34560975738657185,11.152124666418139,7.297841566112564,-0.34560975738657174,19448.0,19448.0,0.0
20,14,150688.69567195,191509.80854971427,0.2708969819914828,7.748287519125361,9.847275223658695,0.2708969819914828,19448.0,19448.0,0.0
20,15,267323.6683655,231271.973361625,-0.13486159016261556,13.745560899089881,11.891812698561548,-0.13486159016261556,19448.0,19448.0,0.0
20,16,424950.42177200003,270709.69610575,-0.3629616956798911,21.85059758185932,13.919667631928732,-0.3629616956798911,19448.0,19448.0,0.0
20,17,295757.6978605,266878.98130975,-0.09764316114054705,15.207615068927396,13.722695460188708,-0.09764316114054694,19448.0,19448.0,0.0
20,18,264198.4516565,229849.5541859375,-0.13001172889242185,13.58486485276121,11.818673086483829,-0.13001172889242196,19448.0,19448.0,0.0
20,19,184135.37056100002,168522.8350755125,-0.08478835672864615,9.46808774994858,8.665304148267817,-0.08478835672864604,19448.0,19448.0,0.0
20,20,4.93443661392,0.0,-1.0,0.00025372463049773755,0.0,-1.0,19448.0,19448.0,0.0
20,21,0.0,0.0,,0.0,0.0,,19448.0,19448.0,0.0
