device,hour,geometry_id,rate_july,rate_august,rate_change,density_july,density_august,density_change,boundary_pixels_july,boundary_pixels_august,boundary_pixels_change
1,5,2b3ad2637245,93.09868264739582,0.0,-1.0,0.002370732942383392,0.0,-1.0,39270.0,39270.0,0.0
1,6,2b3ad2637245,25063.447301231867,4592.326027709977,-0.8167719718474535,0.6382339521576742,0.11694234855385731,-0.8167719718474535,39270.0,39270.0,0.0
1,7,2b3ad2637245,37098.227246798604,9826.46974109743,-0.7351229298444333,0.9446963902928088,0.25022841204729895,-0.7351229298444333,39270.0,39270.0,0.0
1,8,2b3ad2637245,66192.29096643934,18411.409810420646,-0.7218496362400335,1.6855689067084119,0.46884160454343377,-0.7218496362400335,39270.0,39270.0,0.0
1,9,2b3ad2637245,64889.8042462113,24937.401019747085,-0.6156961589046079,1.65240143229466,0.6350242174623654,-0.6156961589046079,39270.0,39270.0,0.0
1,10,2b3ad2637245,45728.313864438496,21447.329369943665,-0.5309835951195525,1.1644592275130763,0.546150480518046,-0.5309835951195525,39270.0,39270.0,0.0
1,11,2b3ad2637245,45236.37946491333,33639.65970274987,-0.25635826516925864,1.1519322501887785,0.8566248969378627,-0.25635826516925875,39270.0,39270.0,0.0
1,12,2b3ad2637245,31001.173042071936,25891.9633181977,-0.16480698059200816,0.7894365429608335,0.6593318899464654,-0.16480698059200816,39270.0,39270.0,0.0
1,13,2b3ad2637245,22969.56462850258,16860.01170056445,-0.2659847074487811,0.5849137924243082,0.4293356684635714,-0.2659847074487812,39270.0,39270.0,0.0
1,14,2b3ad2637245,23617.481179433547,14755.711114089241,-0.3752207950550318,0.6014128133290947,0.3757502193554683,-0.3752207950550318,39270.0,39270.0,0.0
1,15,2b3ad2637245,20179.828037443,16793.151511679,-0.16782484565676847,0.5138738996038452,0.4276330917157881,-0.16782484565676858,39270.0,39270.0,0.0
1,16,2b3ad2637245,47426.03370025438,29836.442008868766,-0.37088472973634456,1.2076912070347436,0.759776980108703,-0.37088472973634456,39270.0,39270.0,0.0
1,17,2b3ad2637245,79746.26012844741,39615.40108753277,-0.5032318628644881,2.030717090105613,1.008795545901013,-0.5032318628644881,39270.0,39270.0,0.0
1,18,2b3ad2637245,106956.52913321667,41267.02137206805,-0.6141701520561771,2.7236192801939563,1.0508536127340984,-0.6141701520561771,39270.0,39270.0,0.0
1,19,2b3ad2637245,186870.48027745873,38315.45529925374,-0.7949625042844418,4.758606576966098,0.9756927756367137,-0.7949625042844417,39270.0,39270.0,0.0
1,20,2b3ad2637245,8151.692195616112,39940.022038,3.899598890581184,0.20758065178548799,1.0170619311942959,3.899598890581183,39270.0,39270.0,0.0
1,21,2b3ad2637245,14095.352685483871,25812.018162387096,0.8312431578224826,0.35893436937824985,0.6572961080312476,0.8312431578224824,39270.0,39270.0,0.0
2,5,09aae924367d,41086.134276197954,0.0,-1.0,0.9929463549760247,0.0,-1.0,41378.0,41378.0,0.0
2,6,09aae924367d,206652.66722077032,228433.9709746182,0.10540054501488028,4.99426427620403,5.52066245286428,0.10540054501488005,41378.0,41378.0,0.0
2,7,09aae924367d,263469.5413306207,355502.4195845454,0.34931126303679694,6.367382215926837,8.591580540010282,0.3493112630367974,41378.0,41378.0,0.0
2,8,09aae924367d,392218.1682245793,473442.4677953636,0.2070895898026741,9.478905897447419,11.441888631527952,0.2070895898026741,41378.0,41378.0,0.0
2,9,09aae924367d,313936.97637201654,455467.05563099997,0.4508232222102748,7.587050518923499,11.00746908093673,0.4508232222102748,41378.0,41378.0,0.0
2,10,09aae924367d,359268.32090179314,411983.2555825455,0.14672859145619488,8.682592703895624,9.956577301526064,0.14672859145619488,41378.0,41378.0,0.0
2,11,09aae924367d,328850.717662054,273141.6425761091,-0.16940536265818573,7.947477346948959,6.601132064771354,-0.16940536265818573,41378.0,41378.0,0.0
2,12,09aae924367d,263302.0774398,307275.6003998727,0.16700788458506,6.363335043738219,7.4260621682989205,0.16700788458506022,41378.0,41378.0,0.0
2,13,09aae924367d,216253.62893017184,337514.45135521004,0.560734277731789,5.2262948651498835,8.156857541573057,0.5607342777317883,41378.0,41378.0,0.0
2,14,09aae924367d,311526.0479223214,286501.49380158,-0.08032893007708064,7.52878456963414,6.924005360374595,-0.08032893007708064,41378.0,41378.0,0.0
2,15,09aae924367d,402009.6696041786,480682.43382272724,0.19569868629282072,9.71554134091011,11.616860017949811,0.19569868629282094,41378.0,41378.0,0.0
2,16,09aae924367d,509650.0745055714,432474.41580190905,-0.15142872053640533,12.316933503445584,10.451796022086835,-0.15142872053640533,41378.0,41378.0,0.0
2,17,09aae924367d,502792.64637396665,556810.62751,0.1074359013116033,12.151207075594922,13.456682959785393,0.1074359013116033,41378.0,41378.0,0.0
2,18,09aae924367d,491492.4569915634,473439.51411770005,-0.03673086456782226,11.878110517462499,11.44181724872396,-0.03673086456782204,41378.0,41378.0,0.0
2,19,09aae924367d,352527.41247093107,316520.1294063,-0.10214037771488238,8.51968225798567,7.649478694144231,-0.10214037771488238,41378.0,41378.0,0.0
2,20,09aae924367d,101.40468640978666,0.0,-1.0,0.002450690860113748,0.0,-1.0,41378.0,41378.0,0.0
2,21,09aae924367d,0.0,0.0,,0.0,0.0,,41378.0,41378.0,0.0
3,5,d8d75175a27b,135.62504047129644,0.0,-1.0,0.003477743486109453,0.0,-1.0,38998.0,38998.0,0.0
3,6,d8d75175a27b,112380.48611206673,84432.62609814706,-0.24868961668353917,2.881698705371218,2.1650501589349984,-0.24868961668353928,38998.0,38998.0,0.0
3,7,d8d75175a27b,153539.66237386418,142705.51662750624,-0.07056252162374266,3.9371163232438637,3.659303467549778,-0.07056252162374277,38998.0,38998.0,0.0
3,8,d8d75175a27b,214496.43906031363,216484.25640287646,0.009267367566898832,5.50019075491855,5.551163044332439,0.009267367566898832,38998.0,38998.0,0.0
3,9,d8d75175a27b,252507.47323812332,251854.45032081765,-0.002586152833147448,6.474882641112964,6.4581376050263515,-0.002586152833147559,38998.0,38998.0,0.0
3,10,d8d75175a27b,192326.26328875,173890.40840271176,-0.09585718856482672,4.931695555893892,4.458957085048253,-0.09585718856482683,38998.0,38998.0,0.0
3,11,d8d75175a27b,142345.69395054333,116758.42526428706,-0.17975442724067459,3.6500767718996703,2.9939593123823545,-0.17975442724067459,38998.0,38998.0,0.0
3,12,d8d75175a27b,115859.67280802259,134607.2914453353,0.1618131501922775,2.9709131957542074,3.4516460189070024,0.1618131501922775,38998.0,38998.0,0.0
3,13,d8d75175a27b,153151.9113450016,145225.4855490294,-0.051755317490726815,3.9271734792810298,3.723921369019678,-0.051755317490726704,38998.0,38998.0,0.0
3,14,d8d75175a27b,118210.79247617243,147897.18373086498,0.2511309723321278,3.031201407153506,3.7924299638664802,0.251130972332128,38998.0,38998.0,0.0
3,15,d8d75175a27b,147816.30199594257,164507.48136540648,0.11291839360128275,3.7903559668686233,4.218356873824465,0.11291839360128275,38998.0,38998.0,0.0
3,16,d8d75175a27b,239856.5773757387,222767.2056875647,-0.07124829293883927,6.150484060098946,5.712272570069355,-0.07124829293883927,38998.0,38998.0,0.0
3,17,d8d75175a27b,306268.5547778613,284873.1998207059,-0.06985815103569337,7.853442606745507,7.30481562697333,-0.06985815103569348,38998.0,38998.0,0.0
3,18,d8d75175a27b,289026.08634113224,265202.7215151647,-0.08242634818038275,7.4113053577396855,6.800418521851498,-0.08242634818038275,38998.0,38998.0,0.0
3,19,d8d75175a27b,254799.41095714518,203145.38002219354,-0.20272429493033384,6.533653288813405,5.20912303251945,-0.20272429493033395,38998.0,38998.0,0.0
3,20,d8d75175a27b,0.2731263204803226,0.0,-1.0,7.003598145554197e-06,0.0,-1.0,38998.0,38998.0,0.0
3,21,d8d75175a27b,0.0,0.0,,0.0,0.0,,38998.0,38998.0,0.0
4,5,9f59d01814b9,3878.055632820112,58219.92593676471,14.012658777777082,0.09682551764756098,1.4536084574244659,14.01265877777708,40052.0,40052.0,0.0
4,6,9f59d01814b9,124962.43970602592,148984.5775220253,0.19223486571254078,3.120004986168629,3.719778725707213,0.19223486571254056,40052.0,40052.0,0.0
4,7,9f59d01814b9,166819.17816443846,244705.06952375,0.4668881133231406,4.165064869780247,6.109684148700439,0.4668881133231406,40052.0,40052.0,0.0
4,8,9f59d01814b9,294770.2698641111,353320.1677615625,0.19862891167566832,7.359689150706858,8.821536196982985,0.19862891167566832,40052.0,40052.0,0.0
4,9,9f59d01814b9,303026.6409026704,394669.2879085625,0.30242438992460396,7.565830442990871,9.85392209898538,0.30242438992460396,40052.0,40052.0,0.0
4,10,9f59d01814b9,203885.1312998111,278639.6414296,0.36665013114596934,5.090510618690979,6.956947004633976,0.36665013114596934,40052.0,40052.0,0.0
4,11,9f59d01814b9,201453.39603655555,235357.7717121875,0.16829885394178068,5.0297961658982215,5.876305096179654,0.16829885394178046,40052.0,40052.0,0.0
4,12,9f59d01814b9,237523.57910583448,295899.1599879375,0.24576751959472753,5.930379983667096,7.387874762507178,0.24576751959472753,40052.0,40052.0,0.0
4,13,9f59d01814b9,172886.32258648775,246751.94768953125,0.4272496748034631,4.3165465541418095,6.160789665672906,0.4272496748034631,40052.0,40052.0,0.0
4,14,9f59d01814b9,166806.86647120482,183983.47171592867,0.10297301069251241,4.1647574770599425,4.593615093276957,0.10297301069251241,40052.0,40052.0,0.0
4,15,9f59d01814b9,191053.10465880108,210518.5048354537,0.10188476241417588,4.77012645208232,5.256129652338303,0.10188476241417588,40052.0,40052.0,0.0
4,16,9f59d01814b9,255069.75593924828,258226.77977955883,0.012377099859155694,6.368464894118852,6.4472880200628895,0.012377099859155916,40052.0,40052.0,0.0
4,17,9f59d01814b9,359577.74046033336,377295.6910291177,0.04927432534088938,8.977772407378742,9.42014608581638,0.04927432534088916,40052.0,40052.0,0.0
4,18,9f59d01814b9,324101.8851826552,323284.20590981253,-0.0025229081045975432,8.092027493824407,8.071612052077612,-0.0025229081045975432,40052.0,40052.0,0.0
4,19,9f59d01814b9,233179.92689995863,255729.35012324998,0.09670396385777136,5.821929663935849,6.384933339739589,0.09670396385777136,40052.0,40052.0,0.0
4,20,9f59d01814b9,1.4857042174717858,0.0,-1.0,3.709438273923364e-05,0.0,-1.0,40052.0,40052.0,0.0
4,21,9f59d01814b9,764.6015066931035,0.0,-1.0,0.019090220380832502,0.0,-1.0,40052.0,40052.0,0.0
6,5,649fb95ef150,1558.5768020661592,0.0,-1.0,0.0423664456362444,0.0,-1.0,36788.0,36788.0,0.0
6,6,649fb95ef150,160267.51142947498,80160.23139752857,-0.4998348031827853,4.356516022329972,2.1789776937460195,-0.4998348031827853,36788.0,36788.0,0.0
6,7,649fb95ef150,228140.85765910358,122544.99504508001,-0.4628537987343274,6.20150205662454,3.3311132718571272,-0.4628537987343275,36788.0,36788.0,0.0
6,8,649fb95ef150,320527.43586003844,208712.63110312,-0.3488462834917617,8.712825808960488,5.6733889067935195,-0.3488462834917617,36788.0,36788.0,0.0
6,9,649fb95ef150,352800.37783338514,346393.2822044,-0.01816068244691904,9.590093993513788,9.415931341861477,-0.018160682446919263,36788.0,36788.0,0.0
6,10,649fb95ef150,316206.19541191787,374981.48908985715,0.1858764772188395,8.595362493528267,10.193038194244242,0.1858764772188395,36788.0,36788.0,0.0
6,11,649fb95ef150,248045.59138183217,333637.18204792857,0.34506394646756644,6.742567994504516,9.06918511601415,0.34506394646756666,36788.0,36788.0,0.0
6,12,649fb95ef150,250537.94334251725,462049.0247050625,0.8442277386838077,6.810317042038633,12.559775598158707,0.8442277386838077,36788.0,36788.0,0.0
6,13,649fb95ef150,238247.30423666426,435486.844960625,0.827877324177535,6.476223340128962,11.837741789731027,0.827877324177535,36788.0,36788.0,0.0
6,14,649fb95ef150,210633.0491704,378636.0187941333,0.7976097306924548,5.725591202848755,10.292378460208038,0.7976097306924546,36788.0,36788.0,0.0
6,15,649fb95ef150,257376.3776399,320579.10654632,0.24556538360660318,6.996204676522236,8.714230361702729,0.24556538360660296,36788.0,36788.0,0.0
6,16,649fb95ef150,359776.9793417333,401410.1111271875,0.1157192765963746,9.779737396480735,10.911441533303998,0.1157192765963746,36788.0,36788.0,0.0
6,17,649fb95ef150,339853.9952023334,396443.58376264706,0.16651147068794314,9.23817536159436,10.776437527526559,0.16651147068794336,36788.0,36788.0,0.0
6,18,649fb95ef150,286519.85130107874,412470.4876377188,0.43958781831241955,7.788405221840782,11.212093281442828,0.43958781831241955,36788.0,36788.0,0.0
6,19,649fb95ef150,183991.00908641,208289.080296925,0.1320611878328446,5.001386568620474,5.6618756196837285,0.1320611878328446,36788.0,36788.0,0.0
6,20,649fb95ef150,44.98418416299033,0.0,-1.0,0.0012227950462920065,0.0,-1.0,36788.0,36788.0,0.0
6,21,649fb95ef150,0.0,0.0,,0.0,0.0,,36788.0,36788.0,0.0
7,5,e034b3f5fa92,1369.8139970931636,0.0,-1.0,0.06477274433010988,0.0,-1.0,21148.0,21148.0,0.0
7,6,e034b3f5fa92,151252.76201466363,92322.36453579999,-0.38961534780535423,7.152107150305638,4.3655364353981465,-0.3896153478053541,21148.0,21148.0,0.0
7,7,e034b3f5fa92,160342.11911070909,208969.02810704286,0.3032697164414988,7.581904629785751,9.881266696947364,0.303269716441499,21148.0,21148.0,0.0
7,8,e034b3f5fa92,187383.3693363,240244.54642805713,0.2821017536347439,8.860571653882165,11.360154455648626,0.2821017536347439,21148.0,21148.0,0.0
7,9,e034b3f5fa92,222492.41092320002,210129.30414271427,-0.055566420127261096,10.52073060919236,9.936131272116242,-0.055566420127260985,21148.0,21148.0,0.0
7,10,e034b3f5fa92,186510.03754344,219834.8994057143,0.17867596994350832,8.81927546545489,10.395068063444027,0.1786759699435081,21148.0,21148.0,0.0
7,11,e034b3f5fa92,155755.31880635454,227668.05955614286,0.46170327473179307,7.365014129296129,10.765465271238076,0.46170327473179285,21148.0,21148.0,0.0
7,12,e034b3f5fa92,142879.4772414833,244680.55234127142,0.7124961335611004,6.756169720138232,11.569914523419303,0.7124961335611004,21148.0,21148.0,0.0
7,13,e034b3f5fa92,164390.93755891666,220995.2782511,0.34432762251201776,7.773356230325169,10.449937500052014,0.34432762251201754,21148.0,21148.0,0.0
7,14,e034b3f5fa92,235848.56823255835,225461.08632514285,-0.044043014487045395,11.152287130346053,10.66110678670053,-0.044043014487045506,21148.0,21148.0,0.0
7,15,e034b3f5fa92,285509.32900825,248454.932548,-0.1297834875972801,13.500535701165594,11.748389093436732,-0.1297834875972801,21148.0,21148.0,0.0
7,16,e034b3f5fa92,399781.87117866665,294377.719225625,-0.2636541563084922,18.90400374402623,13.919884586042414,-0.2636541563084923,21148.0,21148.0,0.0
7,17,e034b3f5fa92,408591.4394146667,329008.490858875,-0.19477390096522662,19.32057118472984,15.55742816620366,-0.1947739009652265,21148.0,21148.0,0.0
7,18,e034b3f5fa92,300320.5430030909,317304.04497514287,0.05655124954897661,14.200895734967416,15.003974133494555,0.05655124954897661,21148.0,21148.0,0.0
7,19,e034b3f5fa92,265783.88065360003,199938.090139225,-0.24774185083177713,12.567802187138264,9.454231612408975,-0.24774185083177702,21148.0,21148.0,0.0
7,20,e034b3f5fa92,838.1694478669556,0.0,-1.0,0.039633508978010004,0.0,-1.0,21148.0,21148.0,0.0
7,21,e034b3f5fa92,0.0,0.0,,0.0,0.0,,21148.0,21148.0,0.0
9,5,bc71342f9151,62.1521414190742,0.0,-1.0,0.0016678870067377146,0.0,-1.0,37264.0,37264.0,0.0
9,6,bc71342f9151,212253.04990304072,157988.45340150708,-0.2556599140804914,5.69592770242166,4.239707315411847,-0.2556599140804915,37264.0,37264.0,0.0
9,7,bc71342f9151,363711.2996177333,250940.50233637058,-0.31005579810109474,9.760393398930155,6.734126833844208,-0.31005579810109485,37264.0,37264.0,0.0
9,8,bc71342f9151,412877.398897,307584.34550741175,-0.2550225652236672,11.079792799940963,8.2541956179533,-0.2550225652236672,37264.0,37264.0,0.0
9,9,bc71342f9151,475442.12332324137,354358.3583564706,-0.2546761404320267,12.75875169931412,9.50940205980224,-0.2546761404320266,37264.0,37264.0,0.0
9,10,bc71342f9151,443456.9453143571,383645.4727835882,-0.13487548940826677,11.90041179997738,10.29533793429552,-0.13487548940826666,37264.0,37264.0,0.0
9,11,bc71342f9151,386881.0148545517,481887.5419194706,0.2455704038634119,10.38216549094439,12.93171806353238,0.24557040386341167,37264.0,37264.0,0.0
9,12,bc71342f9151,351490.84012886666,461437.3281434118,0.3128004359209917,9.432450626043009,12.382925293672493,0.3128004359209917,37264.0,37264.0,0.0
9,13,bc71342f9151,367969.915521,373138.92863852944,0.014047379689208439,9.874675706338557,10.013389025293298,0.014047379689208439,37264.0,37264.0,0.0
9,14,bc71342f9151,404580.24037783867,402358.0239116875,-0.005492647055812316,10.85713397321379,10.797499568261257,-0.005492647055812316,37264.0,37264.0,0.0
9,15,bc71342f9151,443999.1068591613,443975.96882082353,-5.211280378791816e-05,11.914961004163839,11.914340082138889,-5.211280378791816e-05,37264.0,37264.0,0.0
9,16,bc71342f9151,569144.9276087742,498323.425623,-0.12443491727726741,15.273318151802656,13.372784071033706,-0.1244349172772673,37264.0,37264.0,0.0
9,17,bc71342f9151,636788.969446,511584.2045752941,-0.19661892852766083,17.088583336356805,13.728644390706691,-0.19661892852766083,37264.0,37264.0,0.0
9,18,bc71342f9151,474345.75964325806,395665.8810735412,-0.1658703107810846,12.72933017505523,10.61791222288378,-0.16587031078108472,37264.0,37264.0,0.0
9,19,bc71342f9151,354877.0751307097,282005.24972901173,-0.20534385145858614,9.52332211063519,7.567766469756649,-0.20534385145858602,37264.0,37264.0,0.0
9,20,bc71342f9151,13277.720577193548,0.0,-1.0,0.3563149575245156,0.0,-1.0,37264.0,37264.0,0.0
9,21,bc71342f9151,31888.235968612906,0.0,-1.0,0.8557384061993587,0.0,-1.0,37264.0,37264.0,0.0
10,5,709a9381d4d7,95.8026832784,0.0,-1.0,0.004649712836264803,0.0,-1.0,20604.0,20604.0,0.0
10,6,709a9381d4d7,39473.128710505414,5311.69393201389,-0.865435193369908,1.9157992967630273,0.2577991619109828,-0.8654351933699082,20604.0,20604.0,0.0
10,7,709a9381d4d7,213470.84417749333,19988.80054862231,-0.90636285425469,10.36065056190513,0.970141746681339,-0.90636285425469,20604.0,20604.0,0.0
10,8,709a9381d4d7,257618.15756164285,47024.43257432539,-0.8174646033516741,12.503307977171561,2.282296281029188,-0.8174646033516741,20604.0,20604.0,0.0
10,9,709a9381d4d7,307466.40508085006,71628.78144749286,-0.7670354215490383,14.922656041586587,3.476450274096916,-0.7670354215490383,20604.0,20604.0,0.0
10,10,709a9381d4d7,322760.75209321425,102865.07157219999,-0.6812962204819368,15.664955935411294,4.992480662599495,-0.6812962204819368,20604.0,20604.0,0.0
10,11,709a9381d4d7,295712.35013442853,90177.08266415601,-0.6950513476249396,14.352181621744737,4.376678444193166,-0.6950513476249396,20604.0,20604.0,0.0
10,12,709a9381d4d7,245227.4335954667,110422.92813005335,-0.5497121732627608,11.901933294285898,5.359295677055588,-0.5497121732627608,20604.0,20604.0,0.0
10,13,709a9381d4d7,246530.31484933334,91946.19353033333,-0.6270389968611929,11.96516767857374,4.462540940124895,-0.6270389968611928,20604.0,20604.0,0.0
10,14,709a9381d4d7,271027.7994677857,94995.46497995713,-0.6494991836022036,13.154135093563664,4.610535089300968,-0.6494991836022036,20604.0,20604.0,0.0
10,15,709a9381d4d7,292046.9225497286,121356.93623206428,-0.584460828511555,14.174282787309677,5.88996972588159,-0.584460828511555,20604.0,20604.0,0.0
10,16,709a9381d4d7,322301.86665057146,142154.21222239285,-0.55894077282366,15.642684267645672,6.899350234051293,-0.55894077282366,20604.0,20604.0,0.0
10,17,709a9381d4d7,370054.28119777335,123676.26991735715,-0.6657888417962685,17.960312618800877,6.002536882030535,-0.6657888417962685,20604.0,20604.0,0.0
10,18,709a9381d4d7,343024.3182504,98907.34693052857,-0.7116608308267858,16.648433229004077,4.800395405286769,-0.7116608308267858,20604.0,20604.0,0.0
10,19,709a9381d4d7,253818.74440873333,98142.10533563572,-0.6133378345864244,12.318906251637223,4.763254966784882,-0.6133378345864244,20604.0,20604.0,0.0
10,20,709a9381d4d7,0.18342243482857143,0.0,-1.0,8.902273093990071e-06,0.0,-1.0,20604.0,20604.0,0.0
10,21,709a9381d4d7,0.0,0.0,,0.0,0.0,,20604.0,20604.0,0.0
11,5,5e23dee816ab,81.79746971303226,0.0,-1.0,0.003963439757390845,0.0,-1.0,20638.0,20638.0,0.0
11,6,5e23dee816ab,60278.82085474188,25121.20459185876,-0.5832499004518503,2.9207685267342707,1.2172305742736098,-0.5832499004518503,20638.0,20638.0,0.0
11,7,5e23dee816ab,126013.48265665259,51002.067150498464,-0.5952649980362563,6.1058960488735625,2.4712698493312564,-0.5952649980362563,20638.0,20638.0,0.0
11,8,5e23dee816ab,170074.96193609433,86808.5774557898,-0.48958637727987186,8.24086451865948,4.206249513314749,-0.4895863772798721,20638.0,20638.0,0.0
11,9,5e23dee816ab,232242.91427889332,81399.067157874,-0.6495089315830562,11.253169603590141,3.9441354374393836,-0.6495089315830562,20638.0,20638.0,0.0
11,10,5e23dee816ab,228838.56417446668,45159.56148425074,-0.8026575562245659,11.088214176493201,2.1881752826945804,-0.8026575562245659,20638.0,20638.0,0.0
11,11,5e23dee816ab,189374.24396577998,58093.09090877563,-0.6932365791027365,9.17599786635236,2.81486049562824,-0.6932365791027366,20638.0,20638.0,0.0
11,12,5e23dee816ab,185491.0076627097,58602.34249805552,-0.6840690918849502,8.987838340086718,2.839535928774858,-0.6840690918849502,20638.0,20638.0,0.0
11,13,5e23dee816ab,173321.29544425677,72845.73819397262,-0.579706936719723,8.398163360997033,3.529689804921631,-0.579706936719723,20638.0,20638.0,0.0
11,14,5e23dee816ab,197735.7543907724,58110.409651316135,-0.7061208791988307,9.581149064384746,2.8156996633063347,-0.7061208791988307,20638.0,20638.0,0.0
11,15,5e23dee816ab,209600.23687159654,89507.74775061212,-0.5729597013506929,10.15603434788238,4.337035941012313,-0.5729597013506929,20638.0,20638.0,0.0
11,16,5e23dee816ab,257642.33725875666,104008.92041530563,-0.5963050113504953,12.483881057212747,5.039680221693267,-0.5963050113504953,20638.0,20638.0,0.0
11,17,5e23dee816ab,302013.3565491,118062.89801808783,-0.6090805407843156,14.633848073897665,5.720655975292558,-0.6090805407843158,20638.0,20638.0,0.0
11,18,5e23dee816ab,263746.50970825803,83959.72155497274,-0.681665089529168,12.779654506650743,4.068210173222829,-0.681665089529168,20638.0,20638.0,0.0
11,19,5e23dee816ab,200542.70535819032,88699.49920414995,-0.557702689580639,9.717157929944293,4.297872817334526,-0.557702689580639,20638.0,20638.0,0.0
11,20,5e23dee816ab,0.0,0.0,,0.0,0.0,,20638.0,20638.0,0.0
11,21,5e23dee816ab,0.0,0.0,,0.0,0.0,,20638.0,20638.0,0.0
12,5,713896fd742b,298.98798461340004,0.0,-1.0,0.015032075646726999,0.0,-1.0,19890.0,19890.0,0.0
12,6,713896fd742b,47528.852155738714,64766.150767399995,0.3626702061976901,2.389585327085908,3.256216730387129,0.3626702061976903,19890.0,19890.0,0.0
12,7,713896fd742b,102764.98110172257,98541.07030977777,-0.041102628022319565,5.166665716527028,4.954302177464946,-0.041102628022319676,19890.0,19890.0,0.0
12,8,713896fd742b,143166.02319448168,128344.43081181111,-0.10352730383895914,7.197889552261521,6.452711453585275,-0.1035273038389588,19890.0,19890.0,0.0
12,9,713896fd742b,156624.34612920534,172881.79536215554,0.1037989918855835,7.8745272060937825,8.691895191661919,0.10379899188558372,19890.0,19890.0,0.0
12,10,713896fd742b,145441.10942599332,137835.20549726667,-0.052295420178961605,7.312272972649238,6.92987458508128,-0.052295420178961716,19890.0,19890.0,0.0
12,11,713896fd742b,146895.06973085,152661.6292918,0.03925631793848394,7.385373038252891,7.6752955903368525,0.03925631793848372,19890.0,19890.0,0.0
12,12,713896fd742b,118505.86436174194,128082.0480440111,0.08080767761026264,5.958062562179082,6.4395197608854255,0.08080767761026286,19890.0,19890.0,0.0
12,13,713896fd742b,100505.02610003225,87175.66919122223,-0.13262378436222044,5.053043041731135,4.382889350991565,-0.13262378436222066,19890.0,19890.0,0.0
12,14,713896fd742b,89433.38623039033,59935.6615529,-0.32982900369556534,4.496399508818015,3.0133565386073404,-0.3298290036955651,19890.0,19890.0,0.0
12,15,713896fd742b,153685.22491310406,75517.01239167777,-0.5086254229424056,7.726758416948418,3.7967326491542366,-0.5086254229424056,19890.0,19890.0,0.0
12,16,713896fd742b,177971.64597880322,111406.8456187889,-0.37401913093472383,8.947795172388297,5.601148598229709,-0.37401913093472383,19890.0,19890.0,0.0
12,17,713896fd742b,215424.65017104193,125264.43186322221,-0.41852322023609967,10.830801919107186,6.297859822183118,-0.41852322023609967,19890.0,19890.0,0.0
12,18,713896fd742b,188184.23059226372,164494.97652025556,-0.12588331125010865,9.461248395790031,8.270235119168202,-0.12588331125010888,19890.0,19890.0,0.0
12,19,713896fd742b,177946.04775886654,113186.25826604445,-0.3639293499824039,8.94650818294955,5.690611275316463,-0.3639293499824039,19890.0,19890.0,0.0
12,20,713896fd742b,4824.2263834795785,0.0,-1.0,0.24254531842531818,0.0,-1.0,19890.0,19890.0,0.0
12,21,713896fd742b,0.0,0.0,,0.0,0.0,,19890.0,19890.0,0.0
14,5,b7cfe5cc458a,430.2297012293239,0.0,-1.0,0.007948376094245565,0.0,-1.0,54128.0,54128.0,0.0
14,6,b7cfe5cc458a,130359.38509062157,254166.31143057143,0.9497354275941341,2.4083539959100935,4.695653108013809,0.9497354275941345,54128.0,54128.0,0.0
14,7,b7cfe5cc458a,333342.1281337452,320299.9577057143,-0.03912547898175689,6.158404672881783,5.917454140291795,-0.039125478981756556,54128.0,54128.0,0.0
14,8,b7cfe5cc458a,321562.9329141931,465792.7237587143,0.44852741433045695,5.940787261938241,8.605393211622715,0.44852741433045695,54128.0,54128.0,0.0
14,9,b7cfe5cc458a,281645.19558527,341830.429382,0.21369167569737058,5.20331797933177,6.315223717521431,0.21369167569737058,54128.0,54128.0,0.0
14,10,b7cfe5cc458a,311630.3940306667,377826.35424157145,0.21241817704209764,5.757286321879003,6.980238587081943,0.21241817704209742,54128.0,54128.0,0.0
14,11,b7cfe5cc458a,257895.27582565,447046.99721671426,0.7334439174408927,4.764544705617241,8.259071039327415,0.7334439174408927,54128.0,54128.0,0.0
14,12,b7cfe5cc458a,201605.0842092258,371018.5923492857,0.8403235900749533,3.7245988067031077,6.8544670475407505,0.8403235900749533,54128.0,54128.0,0.0
14,13,b7cfe5cc458a,185364.58034608708,280152.2344142857,0.5113579621911815,3.424559938406871,5.1757359299121655,0.5113579621911812,54128.0,54128.0,0.0
14,14,b7cfe5cc458a,195190.55399545332,135488.3047946143,-0.3058664877923841,3.6060921149026997,2.5031093850615997,-0.30586648779238435,54128.0,54128.0,0.0
14,15,b7cfe5cc458a,251529.69290539002,189798.72866649998,-0.24542217471759653,4.646942301681016,3.5064796162152674,-0.24542217471759664,54128.0,54128.0,0.0
14,16,b7cfe5cc458a,264320.3226852,232069.335562,-0.12201478416629463,4.883245689572864,4.287417520728643,-0.12201478416629452,54128.0,54128.0,0.0
14,17,b7cfe5cc458a,382602.07346942584,281125.90922271425,-0.26522638344985516,7.06846869401097,5.193724305769921,-0.26522638344985494,54128.0,54128.0,0.0
14,18,b7cfe5cc458a,396902.61404489,353647.8647744286,-0.10898076187920813,7.332667271003731,6.533547605203011,-0.10898076187920813,54128.0,54128.0,0.0
14,19,b7cfe5cc458a,334773.0197561,449180.4325511429,0.3417462162225462,6.184840004361884,8.298485673794392,0.341746216222546,54128.0,54128.0,0.0
14,20,b7cfe5cc458a,9915.808088121417,0.0,-1.0,0.183191843188764,0.0,-1.0,54128.0,54128.0,0.0
14,21,b7cfe5cc458a,0.0,0.0,,0.0,0.0,,54128.0,54128.0,0.0
15,5,5a60ff00b899,0.24277395013258063,0.0,-1.0,1.2842464564778915e-05,0.0,-1.0,18904.0,18904.0,0.0
15,6,5a60ff00b899,42401.26814869664,28371.005689096342,-0.33089251978025025,2.242978636727499,1.5007937838074663,-0.33089251978025025,18904.0,18904.0,0.0
15,7,5a60ff00b899,85394.35848429872,47757.73875721433,-0.4407389480419196,4.517263990917198,2.526329811532709,-0.4407389480419195,18904.0,18904.0,0.0
15,8,5a60ff00b899,133714.23600068066,89631.3122856173,-0.3296801076202459,7.0733303005015165,4.74139400579863,-0.329680107620246,18904.0,18904.0,0.0
15,9,5a60ff00b899,154209.4552589667,98639.67771097667,-0.3603525961146202,8.157503981113345,5.217926243703801,-0.3603525961146202,18904.0,18904.0,0.0
15,10,5a60ff00b899,150730.05692659333,96535.80613200646,-0.35954508277655517,7.973447784944633,5.106633841092173,-0.3595450827765553,18904.0,18904.0,0.0
15,11,5a60ff00b899,168359.96023458667,136700.39522998387,-0.18804687860753533,8.90604952573988,7.231294711700374,-0.18804687860753544,18904.0,18904.0,0.0
15,12,5a60ff00b899,150679.39418139678,123394.18297667097,-0.18108123776950058,7.970767783611763,6.527411287382086,-0.1810812377695007,18904.0,18904.0,0.0
15,13,5a60ff00b899,127449.94145574549,104179.42331116162,-0.18258555381654762,6.741956276753359,5.510972456155397,-0.18258555381654773,18904.0,18904.0,0.0
15,14,5a60ff00b899,119794.27501499033,79934.12468282734,-0.33273835771513394,6.336980269519166,4.228423861766152,-0.3327383577151338,18904.0,18904.0,0.0
15,15,5a60ff00b899,144364.79277450324,106509.6406961929,-0.2622187262613247,7.636732584347398,5.634238293281469,-0.2622187262613247,18904.0,18904.0,0.0
15,16,5a60ff00b899,188445.77184451936,110241.25597655741,-0.41499745577993663,9.968566009549267,5.8316364778119665,-0.4149974557799365,18904.0,18904.0,0.0
15,17,5a60ff00b899,273993.8071022742,120985.14031387758,-0.558438412921073,14.49395932618886,6.399975683129368,-0.5584384129210731,18904.0,18904.0,0.0
15,18,5a60ff00b899,244117.41577724065,95896.50284339536,-0.6071705800339056,12.913532362317005,5.072815427602378,-0.6071705800339056,18904.0,18904.0,0.0
15,19,5a60ff00b899,166918.08432720002,88981.5123777904,-0.46691508750265187,8.829775937748625,4.707020333145916,-0.46691508750265187,18904.0,18904.0,0.0
15,20,5a60ff00b899,180.15165926579357,0.0,-1.0,0.009529816931114767,0.0,-1.0,18904.0,18904.0,0.0
15,21,5a60ff00b899,0.0,0.0,,0.0,0.0,,18904.0,18904.0,0.0
17,5,176c90d03184,59044.67306925439,96807.00328153846,0.6395552426548634,1.5616978700077864,2.5604899302142,0.6395552426548636,37808.0,37808.0,0.0
17,6,176c90d03184,262687.762517675,16857.474097766488,-0.9358269531241211,6.947941243061654,0.4458705590818475,-0.9358269531241211,37808.0,37808.0,0.0
17,7,176c90d03184,68786.62052569333,6686.2146436595,-0.9027977447858184,1.8193668145813937,0.1768465574391531,-0.9027977447858184,37808.0,37808.0,0.0
17,8,176c90d03184,85551.58600801667,3059.6731910537856,-0.9642359267218369,2.2627905736356504,0.08092660788864224,-0.9642359267218369,37808.0,37808.0,0.0
17,9,176c90d03184,268787.69474785833,27740.211621184215,-0.8967950833939534,7.109280965611997,0.7337127491849399,-0.8967950833939535,37808.0,37808.0,0.0
17,10,176c90d03184,98318.106205975,25563.813859234284,-0.7399887483015746,2.6004577392608703,0.6761482717740765,-0.7399887483015746,37808.0,37808.0,0.0
17,11,176c90d03184,93625.14121278461,23623.579914878468,-0.747679099770985,2.4763314963178327,0.6248301924163793,-0.747679099770985,37808.0,37808.0,0.0
17,12,176c90d03184,81343.792134625,184811.81037660243,1.2719841985081857,2.1514968296293113,4.888166800058253,1.2719841985081857,37808.0,37808.0,0.0
17,13,176c90d03184,55010.20573137219,14958.22479561794,-0.7280827330720688,1.4549885138428953,0.3956365000956924,-0.7280827330720688,37808.0,37808.0,0.0
17,14,176c90d03184,68534.54982096875,6780.857304444786,-0.9010592858323536,1.8126996884513529,0.17934980174684687,-0.9010592858323536,37808.0,37808.0,0.0
17,15,176c90d03184,96533.62549560588,7536.439479169857,-0.9219293853258116,2.5532592439591064,0.19933451859844098,-0.9219293853258116,37808.0,37808.0,0.0
17,16,176c90d03184,158579.01956082942,6467.509648756786,-0.9592158554979846,4.1943244699753865,0.1710619352718151,-0.9592158554979846,37808.0,37808.0,0.0
17,17,176c90d03184,170970.22503360588,5756.808998841572,-0.9663285873449017,4.522064775539724,0.1522643091102828,-0.9663285873449017,37808.0,37808.0,0.0
17,18,176c90d03184,160020.5226151875,3669.188999405077,-0.9770705098356126,4.232451402221422,0.09704795279848384,-0.9770705098356126,37808.0,37808.0,0.0
17,19,176c90d03184,117998.40010611874,2763.729459239692,-0.9765782463427114,3.1209902694170215,0.0730990652570803,-0.9765782463427114,37808.0,37808.0,0.0
17,20,176c90d03184,0.0,0.0,,0.0,0.0,,37808.0,37808.0,0.0
17,21,176c90d03184,0.0,0.0,,0.0,0.0,,37808.0,37808.0,0.0
18,5,fc51d81ed949,14572.197518772451,0.0,-1.0,0.7558977860137178,0.0,-1.0,19278.0,19278.0,0.0
18,6,fc51d81ed949,54062.432495374196,55822.25038895555,0.03255158549759907,2.804358984094522,2.8956453153312354,0.03255158549759929,19278.0,19278.0,0.0
18,7,fc51d81ed949,114191.54057117419,72836.77409672222,-0.3621526276605056,5.923412209314981,3.778232912995239,-0.3621526276605057,19278.0,19278.0,0.0
18,8,fc51d81ed949,118556.99979376668,100257.69393161111,-0.15435027787467415,6.149859933279731,5.200627343687681,-0.15435027787467392,19278.0,19278.0,0.0
18,9,fc51d81ed949,141688.72003681,125634.14075096666,-0.11330880314023895,7.349762425397344,6.516969641610471,-0.11330880314023895,19278.0,19278.0,0.0
18,10,fc51d81ed949,132143.62194540334,142512.8972731111,0.07846973751023678,6.854633361624822,7.392514642240434,0.07846973751023678,19278.0,19278.0,0.0
18,11,fc51d81ed949,132703.82557678188,192998.28670166666,0.4543536018108134,6.883692581013688,10.011323098955632,0.45435360181081363,19278.0,19278.0,0.0
18,12,fc51d81ed949,121800.7271982,193466.77371575555,0.5883876735886571,6.318120510333022,10.035624738860648,0.5883876735886573,19278.0,19278.0,0.0
18,13,fc51d81ed949,129049.25205968549,125233.08787472223,-0.0295713777806188,6.694120347530111,6.496165985824371,-0.0295713777806188,19278.0,19278.0,0.0
18,14,fc51d81ed949,109792.79197847549,53249.58648040655,-0.5149992497608955,5.695237679140755,2.762194547173283,-0.5149992497608954,19278.0,19278.0,0.0
18,15,fc51d81ed949,179645.3232155355,131503.50269177777,-0.26798259850047956,9.318670153311313,6.821428711058086,-0.26798259850047945,19278.0,19278.0,0.0
18,16,fc51d81ed949,219591.16029931614,156635.10246793332,-0.2866966855385703,11.390764617663457,8.125070156029325,-0.2866966855385702,19278.0,19278.0,0.0
18,17,fc51d81ed949,254534.06975568712,196285.46967844444,-0.2288440212862357,13.203344213906375,10.181837829569687,-0.2288440212862357,19278.0,19278.0,0.0
18,18,fc51d81ed949,245682.45207903872,216348.10922294445,-0.11939942233504364,12.744187782915173,11.222539123505781,-0.11939942233504364,19278.0,19278.0,0.0
18,19,fc51d81ed949,150423.9893016419,87801.64796806667,-0.4163055482327359,7.802883561657949,4.554499842725732,-0.41630554823273613,19278.0,19278.0,0.0
18,20,fc51d81ed949,3804.0248655988335,0.0,-1.0,0.19732466363724627,0.0,-1.0,19278.0,19278.0,0.0
18,21,fc51d81ed949,14239.890708806452,0.0,-1.0,0.7386601674865885,0.0,-1.0,19278.0,19278.0,0.0
19,5,da511f2da30c,37041.76762333333,0.0,-1.0,1.0297388975684791,0.0,-1.0,35972.0,35972.0,0.0
19,6,da511f2da30c,53913.25475105233,584.9472251590394,-0.9891502149543732,1.4987561089473016,0.01626118161789835,-0.9891502149543732,35972.0,35972.0,0.0
19,7,da511f2da30c,42715.512283217926,1671.481592192492,-0.9608694475882669,1.1874655922166664,0.04646618459336405,-0.9608694475882669,35972.0,35972.0,0.0
19,8,da511f2da30c,73359.63356114458,1803.0217273774688,-0.9754221546666442,2.0393537629585397,0.050122921365992126,-0.9754221546666442,35972.0,35972.0,0.0
19,9,da511f2da30c,6346.589347794167,1261.0475678198343,-0.8013031096366545,0.1764313729510221,0.035056365167903766,-0.8013031096366545,35972.0,35972.0,0.0
19,10,da511f2da30c,27936.5208409168,2865.605216440081,-0.8974244061113359,0.7766185044177917,0.07966210431558104,-0.8974244061113359,35972.0,35972.0,0.0
19,11,da511f2da30c,55086.78790429536,89767.82769372403,0.6295709208836342,1.5313796259394905,2.495491707264651,0.6295709208836344,35972.0,35972.0,0.0
19,12,da511f2da30c,41739.80597533334,32199.80845803678,-0.22855874133517384,1.1603415427369435,0.8951353402100739,-0.22855874133517373,35972.0,35972.0,0.0
19,13,da511f2da30c,66017.39637540831,20690.55282875354,-0.686589384544998,1.8352439779664267,0.5751849446445442,-0.6865893845449978,35972.0,35972.0,0.0
19,14,da511f2da30c,17978.582787430674,8625.473756402056,-0.5202361688690855,0.49979380594436434,0.23978299111536908,-0.5202361688690855,35972.0,35972.0,0.0
19,15,da511f2da30c,4423.916802169067,16838.041089596012,2.806138732387608,0.12298223068411727,0.46808743160224653,2.806138732387608,35972.0,35972.0,0.0
19,16,da511f2da30c,37121.413063060914,41542.71736357587,0.11910387928940525,1.0319529929684452,1.1548625976752995,0.11910387928940547,35972.0,35972.0,0.0
19,17,da511f2da30c,35085.03838189339,1255.3640536389282,-0.9642193906138978,0.9753429996078445,0.03489836688643746,-0.9642193906138978,35972.0,35972.0,0.0
19,18,da511f2da30c,23273.896140064247,1067.3669897924037,-0.9541388780215869,0.6470003374864962,0.029672161397542637,-0.9541388780215869,35972.0,35972.0,0.0
19,19,da511f2da30c,50733.42433159549,566.9663196988163,-0.9888245998142545,1.4103587326697287,0.015761323243045043,-0.9888245998142545,35972.0,35972.0,0.0
19,20,da511f2da30c,0.0,0.0,,0.0,0.0,,35972.0,35972.0,0.0
19,21,da511f2da30c,0.0,0.0,,0.0,0.0,,35972.0,35972.0,0.0
20,5,ac831bb0b003,16024.529454943333,0.0,-1.0,0.8239679892504799,0.0,-1.0,19448.0,19448.0,0.0
20,6,ac831bb0b003,174094.37664,78746.48097143401,-0.5476793536285813,8.951788185931715,4.049078618440662,-0.5476793536285813,19448.0,19448.0,0.0
20,7,ac831bb0b003,190330.09089466665,104363.78559393458,-0.4516695436682576,9.786615122103386,5.36629913584608,-0.45166954366825773,19448.0,19448.0,0.0
20,8,ac831bb0b003,286265.0781466667,96035.83530767143,-0.6645213033688033,14.71951245098039,4.938082852101575,-0.6645213033688031,19448.0,19448.0,0.0
20,9,ac831bb0b003,405358.1427143333,144518.1009287143,-0.6434804541953902,20.843178872600436,7.431000664783745,-0.6434804541953902,19448.0,19448.0,0.0
20,10,ac831bb0b003,239065.69523950003,127528.13743418572,-0.4665560974508455,12.292559401455163,6.557390859429541,-0.4665560974508455,19448.0,19448.0,0.0
20,11,ac831bb0b003,138524.70137999998,151331.15655843334,0.09244889215319652,7.122825040106951,7.7813223240658855,0.0924488921531963,19448.0,19448.0,0.0
20,12,ac831bb0b003,269798.9568255,178706.0587829857,-0.33763250649420107,13.872838174902302,9.188917049721601,-0.33763250649420096,19448.0,19448.0,0.0
20,13,ac831bb0b003,216886.5205125,141928.42277775714,-0.34560975738657185,11.152124666418139,7.297841566112564,-0.34560975738657174,19448.0,19448.0,0.0
20,14,ac831bb0b003,150688.69567195,191509.80854971427,0.2708969819914828,7.748287519125361,9.847275223658695,0.2708969819914828,19448.0,19448.0,0.0
20,15,ac831bb0b003,267323.6683655,231271.973361625,-0.13486159016261556,13.745560899089881,11.891812698561548,-0.13486159016261556,19448.0,19448.0,0.0
20,16,ac831bb0b003,424950.42177200003,270709.69610575,-0.3629616956798911,21.85059758185932,13.919667631928732,-0.3629616956798911,19448.0,19448.0,0.0
20,17,ac831bb0b003,295757.6978605,266878.98130975,-0.09764316114054705,15.207615068927396,13.722695460188708,-0.09764316114054694,19448.0,19448.0,0.0
20,18,ac831bb0b003,264198.4516565,229849.5541859375,-0.13001172889242185,13.58486485276121,11.818673086483829,-0.13001172889242196,19448.0,19448.0,0.0
20,19,ac831bb0b003,184135.37056100002,168522.8350755125,-0.08478835672864615,9.46808774994858,8.665304148267817,-0.08478835672864604,19448.0,19448.0,0.0
20,20,ac831bb0b003,4.93443661392,0.0,-1.0,0.00025372463049773755,0.0,-1.0,19448.0,19448.0,0.0
20,21,ac831bb0b003,0.0,0.0,,0.0,0.0,,19448.0,19448.0,0.0
