device,n,geometry_n,band_min,band_max,mean_band,mean_rate,median_rate,mean_density,median_density,mean_perimeter_density,mean_occupancy,raw_rank,density_rank,rank_change
1,1029,1,39270,39270,39270.0,36193.1583532709,14923.6196322,0.9216490540685229,0.38002596466004585,15.640950023021132,0.015479044105632936,19,19,0
2,677,1,41378,41378,41378.0,298058.75962301844,286690.096036,7.203314795858147,6.928563392044081,122.25543872970403,0.13902551824602424,2,5,-3
3,810,1,38998,38998,38998.0,155316.1199144319,137667.0515145,3.982668852618901,3.530105428855326,67.58751954500953,0.08390517086747878,10,16,-6
4,749,1,40052,40052,40052.0,204877.95025281937,207455.810391,5.115298867792354,5.179661699565565,86.81269078509295,0.10461712831693262,5,13,-8
5,106,1,37230,37230,37230.0,74819.17382872783,69570.908861,2.009647430263976,1.8686787230996509,34.101720067788435,0.04015102265247371,17,17,0
6,753,1,36788,36788,36788.0,235334.7291574211,218601.566572,6.39705146127599,5.942197634337284,108.54922931615366,0.11657620436266128,4,6,-2
7,312,1,21148,21148,21148.0,195452.5621678318,195626.897352,9.242129854730084,9.250373432570456,156.61262994217293,0.17070321182088805,7,1,6
8,457,2,37230,37706,37588.30196936543,193124.30801836704,186314.226669,5.137276570761197,4.941235524028006,87.17600791578086,0.10045024497016637,8,11,-3
9,802,1,37264,37264,37264.0,335210.832465664,361941.78265099996,8.995567638086733,9.712907434816444,152.64609857270676,0.17279761765242613,1,2,-1
10,485,1,20604,20604,20604.0,148502.99786520738,114508.100749,7.207483880081896,5.557566528295477,122.12417587599292,0.1364242603697801,11,4,7
11,912,1,20638,20638,20638.0,118593.35571275851,99994.4003951,5.746358935592524,4.845159433816261,97.3672871204914,0.10111135462523375,12,7,5
12,984,2,19414,19890,19741.0081300813,102747.45667101532,92917.10200245,5.19844315687772,4.689388382428357,88.07050008800643,0.09232097460859846,13,10,3
13,356,2,41752,43554,42258.1797752809,196748.53289241085,157753.891831,4.662722340712263,3.7430261593765195,79.1387035928907,0.08406867628701417,6,15,-9
14,969,2,52972,54128,53727.15789473684,272393.20710653026,242003.282194,5.080691031133943,4.48574948342817,86.26232505987333,0.10889562342597876,3,14,-11
15,1045,1,18904,18904,18904.0,102279.89597306223,97021.5263236,5.410489630398976,5.13232788423614,91.64865230561132,0.10719240449269461,15,8,7
16,818,2,18870,20332,19499.12469437653,102680.13888278353,96448.4505048,5.296065411436387,4.967849428146099,89.71804212660193,0.09809484667984418,14,9,5
17,488,1,37808,37808,37808.0,69766.57187993062,10888.7226227,1.845285968047255,0.2880004925597757,31.313542136414103,0.03226883954164549,18,18,0
18,1029,2,18870,19278,19138.03498542274,98597.06519511544,90308.5043978,5.135299267668171,4.695034478727046,86.99196712232494,0.09104025113131149,16,12,4
19,742,1,35972,35972,35972.0,25991.067671321256,1411.8696703,0.722536074483522,0.03924912905315245,12.259937580811913,0.013547705036007888,20,20,0
20,165,1,19448,19448,19448.0,156412.69426787237,170807.878026,8.042610770663943,8.782799158062526,136.2479915225369,0.14726829108874642,9,3,6
