device,hours,geometry_changed,raw_before,raw_after,density_before,density_after,raw_change,density_change
1,17,False,30894.774958771715,14894.326305571465,0.7867271443537488,0.3792800179671878,-0.5179014469130279,-0.5179014469130279
2,12,False,325874.00047788804,271004.15167439997,7.8755377369106325,6.549474398820629,-0.16837749781517541,-0.16837749781517564
3,17,False,170446.70982736896,126284.75647397652,4.370652593142443,3.2382367422425897,-0.259095370031609,-0.2590953700316092
4,17,False,236905.70459170037,219850.21180002126,5.914953175664145,5.489119439728883,-0.07199274842736991,-0.07199274842737002
6,17,False,209935.71748944442,292111.87772534275,5.706635791275537,7.940412029067702,0.39143486977164876,0.3914348697716481
9,17,False,344858.4242818992,265346.0951846161,9.254466087427522,7.120708866053459,-0.23056513484584895,-0.23056513484584895
11,17,False,117371.35721603614,20165.601513057736,5.687147844560332,0.9771102584096198,-0.8281897560753215,-0.8281897560753215
12,17,True,99250.17243813782,86871.79271475333,4.9899533654166826,4.474698295804747,-0.12471897447936298,-0.10325849399374287
14,17,True,272648.0236442388,283363.8109521832,5.037097687781532,5.3493130512758285,0.039302640689325985,0.06198318612157072
15,17,False,105242.85806506379,86605.98551148357,5.56722693953998,4.581357676231674,-0.1770844397066681,-0.1770844397066681
18,17,True,110312.82729529042,76541.54297980123,5.722213263579749,4.056255589814586,-0.30614104581952806,-0.2911386900534637
19,17,False,4142.743319287178,31212.21845108606,0.11516577669540695,0.8676809310320822,6.534190763345821,6.534190763345819
