device,hour,july_area_adjusted_july,july_area_adjusted_august
1,5,93.09868264739582,0.0
1,6,25063.447301231863,4592.326027709977
1,7,37098.227246798604,9826.46974109743
1,8,66192.29096643934,18411.409810420646
1,9,64889.8042462113,24937.401019747085
1,10,45728.313864438496,21447.329369943665
1,11,45236.37946491333,33639.65970274987
1,12,31001.173042071936,25891.9633181977
1,13,22969.56462850258,16860.01170056445
1,14,23617.481179433547,14755.711114089241
1,15,20179.828037443,16793.151511679
1,16,47426.03370025438,29836.442008868766
1,17,79746.26012844742,39615.40108753277
1,18,106956.52913321667,41267.02137206805
1,19,186870.48027745873,38315.45529925374
1,20,8151.692195616112,39940.022038
1,21,14095.352685483871,25812.018162387096
2,5,41086.134276197954,0.0
2,6,206652.66722077032,228433.9709746182
2,7,263469.5413306207,355502.4195845455
2,8,392218.1682245793,473442.4677953636
2,9,313936.97637201654,455467.05563099997
2,10,359268.32090179314,411983.2555825455
2,11,328850.717662054,273141.6425761091
2,12,263302.0774398,307275.6003998727
2,13,216253.62893017184,337514.45135521004
2,14,311526.0479223214,286501.49380158
2,15,402009.6696041786,480682.43382272724
2,16,509650.0745055714,432474.41580190905
2,17,502792.64637396665,556810.62751
2,18,491492.4569915634,473439.51411770005
2,19,352527.41247093107,316520.1294063
2,20,101.40468640978666,0.0
2,21,0.0,0.0
3,5,135.62504047129644,0.0
3,6,112380.48611206673,84432.62609814706
3,7,153539.66237386418,142705.51662750624
3,8,214496.43906031363,216484.25640287646
3,9,252507.47323812332,251854.45032081765
3,10,192326.26328875,173890.40840271176
3,11,142345.69395054333,116758.42526428706
3,12,115859.67280802259,134607.2914453353
3,13,153151.9113450016,145225.4855490294
3,14,118210.79247617243,147897.183730865
3,15,147816.30199594257,164507.48136540648
3,16,239856.5773757387,222767.2056875647
3,17,306268.5547778613,284873.1998207059
3,18,289026.08634113224,265202.7215151647
3,19,254799.41095714518,203145.38002219354
3,20,0.2731263204803226,0.0
3,21,0.0,0.0
4,5,3878.055632820112,58219.9259367647
4,6,124962.43970602592,148984.5775220253
4,7,166819.17816443846,244705.06952375
4,8,294770.2698641111,353320.1677615625
4,9,303026.6409026704,394669.2879085625
4,10,203885.1312998111,278639.6414296
4,11,201453.39603655555,235357.7717121875
4,12,237523.5791058345,295899.1599879375
4,13,172886.32258648775,246751.94768953125
4,14,166806.86647120482,183983.47171592867
4,15,191053.10465880108,210518.5048354537
4,16,255069.75593924828,258226.77977955883
4,17,359577.74046033336,377295.6910291177
4,18,324101.8851826552,323284.20590981253
4,19,233179.92689995863,255729.35012324998
4,20,1.4857042174717858,0.0
4,21,764.6015066931034,0.0
6,5,1558.5768020661592,0.0
6,6,160267.51142947498,80160.23139752857
6,7,228140.85765910358,122544.99504508001
6,8,320527.43586003844,208712.63110312
6,9,352800.37783338514,346393.2822044
6,10,316206.19541191787,374981.48908985715
6,11,248045.59138183217,333637.18204792857
6,12,250537.94334251725,462049.0247050625
6,13,238247.30423666426,435486.844960625
6,14,210633.0491704,378636.0187941333
6,15,257376.3776399,320579.10654632
6,16,359776.9793417333,401410.1111271875
6,17,339853.9952023334,396443.58376264706
6,18,286519.85130107874,412470.4876377188
6,19,183991.00908641,208289.080296925
6,20,44.98418416299033,0.0
6,21,0.0,0.0
7,5,1369.8139970931636,0.0
7,6,151252.76201466363,92322.36453579999
7,7,160342.11911070909,208969.02810704286
7,8,187383.3693363,240244.54642805713
7,9,222492.41092320002,210129.30414271427
7,10,186510.03754344,219834.8994057143
7,11,155755.31880635454,227668.05955614286
7,12,142879.4772414833,244680.55234127142
7,13,164390.93755891666,220995.2782511
7,14,235848.56823255835,225461.08632514285
7,15,285509.32900825,248454.932548
7,16,399781.87117866665,294377.719225625
7,17,408591.4394146667,329008.490858875
7,18,300320.5430030909,317304.04497514287
7,19,265783.88065360003,199938.090139225
7,20,838.1694478669556,0.0
7,21,0.0,0.0
8,5,17121.18909303435,0.0
8,6,145187.906813,117535.63349012769
8,7,199625.9411560111,161012.90610750156
8,8,244003.96510284833,195873.1180087141
8,9,242215.77692267098,291065.7683096437
8,10,216526.70720342104,174436.9933741668
8,11,160667.1716825,180501.54688605652
8,12,182021.5099525238,201888.40450313708
8,13,179277.2321627462,156835.9797163857
8,14,219195.32610753333,246014.6682158688
8,15,296648.0261946286,333408.52591560304
8,16,343564.44430804765,390205.25211893074
8,17,360825.0169012857,301267.69881128037
8,18,260363.84844287144,296081.9526478154
8,19,259156.14570765998,169460.42804744118
8,20,1602.745898288767,0.0
8,21,0.0,0.0
9,5,62.1521414190742,0.0
9,6,212253.04990304072,157988.45340150708
9,7,363711.2996177333,250940.50233637058
9,8,412877.398897,307584.34550741175
9,9,475442.12332324137,354358.3583564706
9,10,443456.9453143571,383645.4727835882
9,11,386881.0148545517,481887.5419194706
9,12,351490.84012886666,461437.3281434118
9,13,367969.915521,373138.92863852944
9,14,404580.24037783867,402358.0239116875
9,15,443999.1068591613,443975.96882082353
9,16,569144.9276087742,498323.425623
9,17,636788.969446,511584.2045752941
9,18,474345.75964325806,395665.8810735412
9,19,354877.0751307097,282005.24972901173
9,20,13277.720577193548,0.0
9,21,31888.235968612906,0.0
10,5,95.8026832784,0.0
10,6,39473.128710505414,5311.69393201389
10,7,213470.84417749333,19988.80054862231
10,8,257618.15756164285,47024.43257432539
10,9,307466.40508085006,71628.78144749286
10,10,322760.75209321425,102865.07157219999
10,11,295712.35013442853,90177.08266415601
10,12,245227.4335954667,110422.92813005335
10,13,246530.31484933334,91946.19353033333
10,14,271027.7994677857,94995.46497995713
10,15,292046.9225497286,121356.93623206428
10,16,322301.8666505714,142154.21222239285
10,17,370054.28119777335,123676.26991735715
10,18,343024.3182504,98907.34693052857
10,19,253818.74440873333,98142.10533563572
10,20,0.18342243482857143,0.0
10,21,0.0,0.0
11,5,81.79746971303226,0.0
11,6,60278.82085474188,25121.204591858757
11,7,126013.48265665259,51002.067150498464
11,8,170074.96193609433,86808.5774557898
11,9,232242.91427889332,81399.067157874
11,10,228838.56417446668,45159.56148425076
11,11,189374.24396577998,58093.09090877563
11,12,185491.0076627097,58602.34249805552
11,13,173321.29544425677,72845.73819397262
11,14,197735.7543907724,58110.409651316135
11,15,209600.23687159654,89507.74775061212
11,16,257642.33725875666,104008.92041530563
11,17,302013.3565491,118062.89801808783
11,18,263746.50970825803,83959.72155497274
11,19,200542.70535819032,88699.49920414995
11,20,0.0,0.0
11,21,0.0,0.0
12,5,298.98798461340004,0.0
12,6,47528.852155738714,37899.625270262055
12,7,102764.98110172257,67762.38593669652
12,8,143166.02319448168,85780.92817886654
12,9,156624.34612920534,113194.57635032626
12,10,145441.10942599332,109471.76062632387
12,11,146895.06973085,122115.82566184609
12,12,118505.86436174194,129667.70223954847
12,13,100505.02610003225,107910.94129831057
12,14,89433.38623039033,105806.01642110036
12,15,153685.22491310406,115187.12521019613
12,16,177971.64597880322,148376.61108575625
12,17,215424.65017104193,133986.72536006794
12,18,188184.23059226372,140274.34916870366
12,19,177946.04775886654,97394.08935889334
12,20,4824.2263834795785,0.0
12,21,0.0,0.0
13,5,4750.160684177486,0.0
13,6,119154.8292118143,139898.3719856636
13,7,165305.13721403334,157416.28529450268
13,8,223770.83658924,212458.0060090536
13,9,141183.59920902,221119.308609719
13,10,171484.1553954,246007.39110936772
13,11,174702.30715960002,271677.6389356662
13,12,156618.90518786665,258953.98748685556
13,13,197711.94955461667,285912.40055693535
13,14,170645.36626188332,214050.22817915434
13,15,197115.11360623335,267684.4813295519
13,16,396008.09624383337,316306.81341829523
13,17,207506.28592795003,571886.0943191751
13,18,434509.35638355,223671.33103724426
13,19,302534.6234915,162308.76334080417
13,20,4196.499963589733,838.2099136523209
13,21,0.0,0.0
14,5,430.22970122932384,0.0
14,6,130359.38509062157,264152.53725035995
14,7,333342.1281337452,284376.3582117694
14,8,321562.9329141931,368139.4168449013
14,9,281645.19558527,408753.2448599006
14,10,311630.3940306667,451050.7440076313
14,11,257895.27582565,454872.5432172171
14,12,201605.0842092258,418842.29613207735
14,13,185364.5803460871,429884.29439898767
14,14,195190.55399545332,394806.7079517474
14,15,251529.69290539002,427214.96286811377
14,16,264320.3226852,447394.5619717321
14,17,382602.07346942584,429810.83002093836
14,18,396902.61404489,482358.69256714435
14,19,334773.0197561,354660.21602061903
14,20,9915.808088121417,0.0
14,21,0.0,0.0
15,5,0.24277395013258063,0.0
15,6,42401.26814869664,28371.005689096342
15,7,85394.35848429872,47757.73875721434
15,8,133714.23600068066,89631.3122856173
15,9,154209.4552589667,98639.67771097667
15,10,150730.05692659333,96535.80613200646
15,11,168359.96023458667,136700.39522998387
15,12,150679.39418139678,123394.18297667097
15,13,127449.94145574549,104179.42331116162
15,14,119794.27501499033,79934.12468282734
15,15,144364.79277450324,106509.6406961929
15,16,188445.77184451936,110241.25597655741
15,17,273993.8071022742,120985.14031387758
15,18,244117.41577724065,95896.50284339536
15,19,166918.08432720002,88981.5123777904
15,20,180.15165926579357,0.0
15,21,0.0,0.0
16,5,1495.208911185043,0.0
16,6,101596.05659341071,69265.54561132628
16,7,108988.45891939642,91801.46078823964
16,8,135662.76288147926,97800.72248217152
16,9,106703.66685429629,117268.84854456848
16,10,99196.58486519259,95169.76862127951
16,11,59604.38247648626,79033.72867186517
16,12,78638.01755123821,82997.22868503329
16,13,111662.29332370369,79758.44145121967
16,14,130511.55533951428,96918.21413970509
16,15,151492.62821162143,131395.1242407666
16,16,203123.06618294813,148766.42281255889
16,17,244161.3081473889,135600.53810886072
16,18,226653.32029973,98009.45558618664
16,19,161814.73946178216,73382.86492960739
16,20,966.8381376887519,0.0
16,21,0.0,0.0
17,5,59044.67306925439,96807.00328153846
17,6,262687.762517675,16857.474097766488
17,7,68786.62052569333,6686.2146436595
17,8,85551.58600801667,3059.6731910537856
17,9,268787.69474785833,27740.211621184215
17,10,98318.106205975,25563.813859234284
17,11,93625.14121278461,23623.579914878468
17,12,81343.792134625,184811.81037660243
17,13,55010.20573137219,14958.22479561794
17,14,68534.54982096875,6780.857304444786
17,15,96533.62549560588,7536.439479169857
17,16,158579.01956082942,6467.509648756786
17,17,170970.22503360588,5756.808998841572
17,18,160020.5226151875,3669.188999405077
17,19,117998.40010611876,2763.729459239692
17,20,0.0,0.0
17,21,0.0,0.0
18,5,14572.197518772451,0.0
18,6,54062.432495374196,24594.212880694897
18,7,114191.54057117419,41687.64491902441
18,8,118556.99979376668,64380.6090712067
18,9,141688.72003681,75209.04475704156
18,10,132143.62194540334,90371.08955649819
18,11,132703.82557678188,111604.86764198546
18,12,121800.7271982,110252.73154940753
18,13,129049.25205968549,95734.26406384262
18,14,109792.79197847549,68981.3063602195
18,15,179645.3232155355,90499.00912455456
18,16,219591.16029931614,123383.42983831084
18,17,254534.06975568712,132301.23370926833
18,18,245682.45207903872,123183.25126873083
18,19,150423.9893016419,60125.33988810501
18,20,3804.0248655988335,0.0
18,21,14239.890708806452,0.0
19,5,37041.76762333334,0.0
19,6,53913.254751052336,584.9472251590394
19,7,42715.512283217926,1671.481592192492
19,8,73359.63356114458,1803.0217273774688
19,9,6346.589347794167,1261.0475678198343
19,10,27936.5208409168,2865.605216440081
19,11,55086.78790429536,89767.82769372403
19,12,41739.80597533334,32199.80845803678
19,13,66017.39637540831,20690.55282875354
19,14,17978.582787430674,8625.473756402054
19,15,4423.916802169067,16838.041089596012
19,16,37121.413063060914,41542.71736357587
19,17,35085.03838189339,1255.3640536389282
19,18,23273.89614006425,1067.3669897924037
19,19,50733.42433159549,566.9663196988163
19,20,0.0,0.0
19,21,0.0,0.0
20,5,16024.529454943333,0.0
20,6,174094.37664,78746.48097143401
20,7,190330.09089466665,104363.78559393458
20,8,286265.0781466667,96035.83530767143
20,9,405358.1427143333,144518.1009287143
20,10,239065.69523950003,127528.13743418572
20,11,138524.70137999998,151331.15655843334
20,12,269798.9568255,178706.0587829857
20,13,216886.5205125,141928.42277775714
20,14,150688.69567195,191509.80854971427
20,15,267323.66836550005,231271.973361625
20,16,424950.42177200003,270709.69610575
20,17,295757.6978605,266878.98130975
20,18,264198.4516565,229849.5541859375
20,19,184135.37056100002,168522.8350755125
20,20,4.93443661392,0.0
20,21,0.0,0.0
