hour,month,linear_predicted_in_count_per_min,linear_predicted_out_count_per_min,linear_predicted_traffic_count_per_min
5,7,6.143098565066478,6.284286232582495,12.427384797648974
5,8,5.603134791691282,5.638728847510852,11.241863639202133
6,7,34.271024135957425,32.67073377227331,66.94175790823074
6,8,25.59554412414761,24.518263508350252,50.11380763249787
7,7,45.86963846310664,45.290765300992575,91.16040376409921
7,8,35.962085141439815,34.74868947876394,70.71077462020375
8,7,58.262699978677226,58.65777498728884,116.92047496596605
8,8,46.50454187740872,45.536712173993095,92.04125405140182
9,7,62.91208073557085,63.367974833859186,126.28005556943002
9,8,53.471329352604094,52.57472542849434,106.04605478109843
10,7,56.32754940691941,55.491036227059304,111.81858563397873
10,8,50.281516673951565,48.76201268764376,99.04352936159533
11,7,50.06104596057502,48.05783003225105,98.11887599282608
11,8,50.39690912435217,49.64846254487882,100.04537166923099
12,7,47.74625516174325,46.176180432060896,93.92243559380414
12,8,55.58865279862018,53.933729957104156,109.52238275572434
13,7,46.507880415273874,44.689320802860856,91.19720121813474
13,8,48.917157059591545,48.5935753055473,97.51073236513885
14,7,47.62829396047238,45.911334235706306,93.53962819617867
14,8,46.89258310270039,46.06836152378866,92.96094462648905
15,7,57.675311434740884,56.858557484913455,114.53386891965434
15,8,55.14618825333164,54.407830761847904,109.55401901517955
16,7,76.29283079827,75.43616020969634,151.72899100796633
16,8,63.045821504558575,61.606840924580325,124.65266242913889
17,7,81.69234171119002,80.06733826095109,161.7596799721411
17,8,69.35177123379911,67.1772887943832,136.5290600281823
18,7,77.20252353606888,73.20879782425953,150.4113213603284
18,8,59.927295153334015,57.22657562644951,117.15387077978353
19,7,61.536454484552344,58.43076066074624,119.96721514529858
19,8,43.03198065097019,41.00671154801542,84.03869219898561
20,7,4.181003459501093,4.178571285084375,8.359574744585467
20,8,4.040653265848685,4.124584703853752,8.165237969702437
21,7,4.3202055772484655,4.3901259534235235,8.710331530671988
21,8,3.841238956259675,3.922180677873812,7.763419634133487
