device,hour,month,linear_predicted_in_count_per_min,linear_predicted_out_count_per_min,linear_predicted_traffic_count_per_min
1,5,7,3.49634075830045,3.619286433514784,7.115627191815234
1,5,8,3.481351935672799,3.5869544655843955,7.068306401257194
1,6,7,10.090316365705153,9.801127647155662,19.891444012860813
1,6,8,4.773680447476919,4.646831641051468,9.420512088528389
1,7,7,13.28863929931786,12.760933051233941,26.049572350551802
1,7,8,6.1859037434201785,5.913580018171739,12.099483761591918
1,8,7,20.697153090295583,20.229164252746266,40.92631734304185
1,8,8,8.445485924907059,8.046149574560198,16.491635499467257
1,9,7,20.669845813748804,19.60036883561914,40.27021464936795
1,9,8,10.217482619684414,9.614690910384676,19.832173530069092
1,10,7,15.78990477359056,14.682392616476129,30.47229739006669
1,10,8,9.264252886253246,8.781234147617432,18.045487033870682
1,11,7,15.517252847618236,14.698707698308167,30.215960545926404
1,11,8,12.56103070531753,11.725043106422415,24.286073811739943
1,12,7,11.543612910432595,11.382075032983922,22.925687943416516
1,12,8,10.534430933765103,9.788244874928854,20.322675808693955
1,13,7,9.53595368731831,9.284130826361153,18.820084513679465
1,13,8,8.132428753166163,7.568593534004649,15.701022287170812
1,14,7,9.671317115580715,9.479104632965846,19.15042174854656
1,14,8,7.537128032926687,7.085962249279589,14.623090282206276
1,15,7,8.670447934309502,8.718106588092585,17.38855452240209
1,15,8,8.107404506025413,7.559169762388098,15.66657426841351
1,16,7,15.82366688380224,15.503764718836443,31.327431602638686
1,16,8,11.701406519833531,10.643498218623794,22.344904738457327
1,17,7,24.404912350366,23.460332460685304,47.865244811051305
1,17,8,14.103412174237759,13.23892738147945,27.34233955571721
1,18,7,31.526981543500526,30.258049099387637,61.78503064288816
1,18,8,14.746444612819824,13.447659477265649,28.19410409008547
1,19,7,51.703546512346655,50.93847821251472,102.64202472486139
1,19,8,13.361537225062692,13.30273169606714,26.66426892112983
1,20,7,5.8136849255278715,5.431195117459375,11.244880042987248
1,20,8,13.90359691350174,13.595542466567279,27.49913938006902
1,21,7,7.183359542423991,7.096029529677729,14.27938907210172
1,21,8,10.319205326823447,9.956252499083307,20.27545782590676
2,5,7,14.085467806506745,13.996138505194082,28.08160631170083
2,5,8,3.4813519356727984,3.5869544655843955,7.068306401257194
2,6,7,57.714068199286984,55.074894218789375,112.78896241807637
2,6,8,62.936466501128685,60.979447806586364,123.91591430771506
2,7,7,71.50224939197095,70.31692551586787,141.8191749078388
2,7,8,95.2687677434777,93.6206001443454,188.88936788782306
2,8,7,103.53391041188485,104.09414933160735,207.6280597434922
2,8,8,126.93386087681343,122.315224556491,249.24908543330446
2,9,7,84.05554577974047,83.55959112641776,167.61513690615823
2,9,8,121.16833800682585,118.85067580531403,240.01901381213983
2,10,7,97.05436796165628,93.78752068462448,190.84188864628078
2,10,8,112.79906704100318,105.07320751684065,217.87227455784384
2,11,7,89.63004095245118,85.66878334483809,175.29882429728926
2,11,8,76.4252903146227,70.41957845728821,146.8448687719109
2,12,7,71.78653793041347,69.95764288380163,141.7441808142151
2,12,8,82.78355205328157,81.43920766747479,164.22275972075636
2,13,7,59.6585002766747,58.02346992144658,117.68197019812129
2,13,8,89.63798173320455,90.0193814493492,179.65736318255375
2,14,7,85.32449944464497,81.11910418908334,166.44360363372832
2,14,8,77.75599853584006,75.85281722950603,153.6088157653461
2,15,7,107.19800536302922,105.47485658975549,212.6728619527847
2,15,8,127.96958452173747,124.95525082641326,252.92483534815074
2,16,7,133.22132396524495,134.4464957281341,267.66781969337904
2,16,8,114.3707392577287,113.86071748066871,228.23145673839738
2,17,7,132.08143955097532,132.09967690998,264.18111646095525
2,17,8,139.84729587707992,151.7601365040014,291.6074323810813
2,18,7,131.23865643842606,127.23049645015212,258.4691528885782
2,18,8,127.68045897945265,121.59142877039548,249.27188774984816
2,19,7,95.77908140301666,91.63031423089879,187.40939563391547
2,19,8,86.22697565846099,82.75825366312704,168.98522932158806
2,20,7,3.5071773493670935,3.612980700930473,7.120158050297567
2,20,8,3.481351935672799,3.5869544655843955,7.068306401257194
2,21,7,3.481351935672799,3.5869544655843955,7.068306401257195
2,21,8,3.481351935672799,3.5869544655843955,7.068306401257194
3,5,7,3.5238061049307055,3.6141074152147694,7.137913520145474
3,5,8,3.481351935672799,3.5869544655843955,7.068306401257194
3,6,7,33.78835441275894,30.79875757402252,64.58711198678147
3,6,8,25.74737136321781,24.519016646159344,50.26638800937715
3,7,7,43.78036845777594,41.83687436235401,85.61724282012996
3,7,8,40.42872109665471,39.6293830246001,80.05810412125481
3,8,7,57.348002852742574,59.37485056806382,116.72285342080639
3,8,8,58.95142751643264,58.82355721674264,117.77498473317529
3,9,7,67.66238166688498,68.51742068915568,136.17980235604068
3,9,8,67.90890162920792,67.95041808460167,135.85931971380955
3,10,7,53.79880346472727,51.65590860506497,105.45471206979225
3,10,8,48.93150226986621,47.090733779153624,96.02223604901984
3,11,7,41.477909049034544,38.43331866275219,79.91122771178672
3,11,8,34.09572347129971,32.70370467145523,66.79942814275493
3,12,7,34.52178936644037,31.839383139920972,66.36117250636136
3,12,8,38.66460871119977,37.26230350750163,75.92691221870142
3,13,7,43.87164999021046,41.553504702853054,85.4251546930635
3,13,8,41.75503211880404,39.61388651264408,81.36891863144811
3,14,7,34.5880619420972,32.95799438036897,67.54605632246616
3,14,8,42.08286238647769,40.640715622831884,82.72357800930958
3,15,7,42.37705925553751,40.315402042616036,82.69246129815353
3,15,8,46.74443008700533,44.486586742099156,91.23101682910449
3,16,7,65.97856622308024,63.782441057095284,129.7610072801755
3,16,8,61.62836690809371,59.39433330579906,121.02270021389276
3,17,7,82.36351451737511,81.33898757831409,163.70250209568917
3,17,8,77.21717955838972,75.55499618959176,152.77217574798146
3,18,7,79.24840963112068,75.67895007974026,154.92735971086097
3,18,8,72.92128267975997,69.81593005338357,142.73721273314354
3,19,7,70.16187060162818,67.25220100727032,137.4140716088985
3,19,8,56.98364935355022,54.01721474107071,111.00086409462092
3,20,7,3.481458909312743,3.5869883678456027,7.068447277158346
3,20,8,3.481351935672799,3.5869544655843955,7.068306401257194
3,21,7,3.4813519356727993,3.5869544655843955,7.068306401257194
3,21,8,3.481351935672799,3.5869544655843955,7.068306401257194
4,5,7,4.51696526051404,4.5358825857908815,9.052847846304921
4,5,8,18.48084270333793,18.362885728804457,36.84372843214239
4,6,7,36.797165622771615,34.21716457878948,71.01433020156108
4,6,8,42.37425111046669,40.905818397376216,83.28006950784291
4,7,7,46.85612235126186,45.54142425121628,92.39754660247814
4,7,8,67.07838907508108,65.15742539302529,132.23581446810638
4,8,7,77.99379346173822,79.7823558024494,157.77614926418767
4,8,8,94.45990099306563,93.3053739345547,187.7652749276203
4,9,7,80.67623614745925,81.34053501085047,162.01677115830972
4,9,8,103.02890910623394,105.81575478561197,208.8446638918459
4,10,7,56.47230220848226,54.88405782517658,111.35636003365883
4,10,8,75.33649776742827,74.23871219985232,149.57520996728059
4,11,7,56.51728360998606,53.61725832102693,110.13454193101299
4,11,8,63.907913800759424,63.522612838958494,127.43052663971793
4,12,7,66.17389952326143,62.41985039096819,128.59374991422962
4,12,8,79.66069346754952,78.7375697957167,158.39826326326622
4,13,7,48.99976786843316,46.51958484909413,95.5193527175273
4,13,8,66.8237136437954,66.43349531969416,133.25720896348955
4,14,7,47.630505668754736,44.78603961426105,92.4165452830158
4,14,8,50.546509546657354,50.60556861472299,101.15207816138035
4,15,7,54.24147814110665,50.58717404116198,104.82865218226864
4,15,8,57.70393663707003,57.029401031363406,114.73333766843342
4,16,7,70.50765643254212,67.0536609127006,137.5613173452427
4,16,8,71.72788398695285,67.46126647700099,139.18915046395384
4,17,7,98.43912741712981,92.60346303763548,191.04259045476527
4,17,8,102.13201229983551,97.94370744827683,200.0757197481123
4,18,7,88.39204471323593,84.47761104427356,172.8696557575095
4,18,8,88.78663727690487,83.68452272594362,172.4711600028485
4,19,7,65.87991914842281,60.519198173565194,126.399117321988
4,19,8,70.57434653171403,67.32094840219656,137.89529493391058
4,20,7,3.481595482940994,3.5874662230164525,7.069061705957447
4,20,8,3.481351935672799,3.5869544655843955,7.068306401257194
4,21,7,3.6802389910434736,3.7791694045284308,7.459408395571905
4,21,8,3.481351935672799,3.5869544655843955,7.068306401257194
6,5,7,3.929708545885158,3.937223830611379,7.866932376496536
6,5,8,3.481351935672799,3.5869544655843955,7.068306401257194
6,6,7,43.82164217469842,45.18137952904849,89.0030217037469
6,6,8,24.07924041548798,23.983657446731577,48.062897862219565
6,7,7,60.41336044776008,63.27302245330623,123.68638290106631
6,7,8,35.262173756944456,34.48612787942908,69.74830163637354
6,8,7,82.35827302241627,88.51697111463538,170.87524413705162
6,8,8,57.547464585144574,56.272340214311235,113.81980479945581
6,9,7,92.21199111000014,95.21867563976645,187.43066674976657
6,9,8,91.97652512207002,92.22339994119667,184.1999250632667
6,10,7,82.62987822174259,86.0804070320002,168.7102852537428
6,10,8,99.97974631038838,98.86179997454545,198.84154628493386
6,11,7,65.41585630972634,68.44631842310902,133.86217473283537
6,11,8,88.23008642802111,89.43101987659155,177.6611063046127
6,12,7,66.76337379480363,68.39641265398045,135.15978644878408
6,12,8,117.87281245967438,125.35004349349616,243.22285595317055
6,13,7,62.973962161990144,65.87975715020033,128.8537193121905
6,13,8,111.17033321701247,118.47240741331228,229.64274063032477
6,14,7,55.88508675458935,58.84670188804282,114.73178864263217
6,14,8,98.08339584561593,102.53486545974769,200.61826130536363
6,15,7,68.19406624054358,70.45232911670288,138.64639535724646
6,15,8,82.44870434626648,88.45547455726411,170.90417890353058
6,16,7,92.85670995067578,98.10450143759323,190.961211388269
6,16,8,104.7562813650993,107.53553982262892,212.2918211877282
6,17,7,90.06612586249211,90.78207025708778,180.8481961195799
6,17,8,104.31052138231132,105.46839297254428,209.77891435485557
6,18,7,78.3537630581381,75.28373376468853,153.63749682282665
6,18,8,110.19695062662791,107.83577395451644,218.03272458114435
6,19,7,51.826775649517415,49.37074350357419,101.1975191530916
6,19,8,58.068078680621404,55.55559590753052,113.62367458815191
6,20,7,3.496123496417457,3.5952926883143737,7.09141618473183
6,20,8,3.481351935672799,3.5869544655843955,7.068306401257194
6,21,7,3.481351935672799,3.5869544655843955,7.068306401257194
6,21,8,3.481351935672799,3.5869544655843955,7.068306401257194
7,5,7,3.8775055839264936,3.892771641218923,7.770277225145417
7,5,8,3.481351935672799,3.5869544655843955,7.068306401257194
7,6,7,43.19610007213273,41.25171305373058,84.44781312586332
7,6,8,27.636963626346283,26.65981936866459,54.29678299501087
7,7,7,45.05900244374832,44.02180408603793,89.08080652978626
7,7,8,57.67057824702005,56.28221185508694,113.95279010210699
7,8,7,51.576627841450374,51.31927620291382,102.89590404436419
7,8,8,65.37620351670817,64.56037519005783,129.936578706766
7,9,7,61.27755245757542,59.59549997245838,120.8730524300338
7,9,8,57.088172300344795,57.42934653334362,114.51751883368841
7,10,7,54.085138199991114,48.45304365300899,102.53818185300011
7,10,8,61.160752935713894,58.37164190489697,119.53239484061086
7,11,7,44.36464289168878,42.386190649824485,86.75083354151326
7,11,8,61.748362364544,61.74361001339538,123.49197237793939
7,12,7,42.16147893331913,38.04050554575317,80.2019844790723
7,12,8,65.30018678069126,66.86544627485415,132.1656330555454
7,13,7,46.57621039382273,44.5907067320236,91.16691712584633
7,13,8,59.544798694433446,60.51875343707639,120.06355213150984
7,14,7,64.52379442888899,63.17366248464478,127.69745691353377
7,14,8,60.80950057441573,61.54171380049604,122.35121437491178
7,15,7,77.79170798992442,75.31916219067482,153.11087018059922
7,15,8,67.7614796802463,66.38292090983465,134.14440059008095
7,16,7,105.55682641983992,105.94195381885514,211.49878023869505
7,16,8,81.22299906092005,76.46072987339144,157.6837289343115
7,17,7,108.07745718977179,107.93496608274337,216.01242327251518
7,17,8,89.4345619527935,85.93727067811538,175.37183263090887
7,18,7,82.9649865140754,77.76494253897786,160.72992905305327
7,18,8,85.99252753054047,83.37942253850728,169.37195006904776
7,19,7,71.42226852832326,71.5585300045934,142.98079853291668
7,19,8,56.44847980323098,52.92155105360334,109.37003085683432
7,20,7,3.7163164291826742,3.7812738915801223,7.4975903207627965
7,20,8,3.481351935672799,3.5869544655843955,7.068306401257194
7,21,7,3.481351935672799,3.5869544655843955,7.068306401257194
7,21,8,3.481351935672799,3.5869544655843955,7.068306401257194
8,5,7,7.986794497431398,7.840875014553024,15.827669511984421
8,5,8,3.481351935672799,3.5869544655843955,7.068306401257194
8,6,7,40.11172069403811,41.18483416556734,81.29655485960545
8,6,8,33.54939580142106,32.87682523862775,66.42622104004882
8,7,7,53.086099655069205,56.0175208513223,109.1036205063915
8,7,8,45.11717930016145,43.280449096045366,88.39762839620683
8,8,7,64.59244885045308,67.20980385846138,131.80225270891447
8,8,8,52.05918551163608,53.8792862031923,105.9384717148284
8,9,7,64.27458221195717,66.61778387124427,130.89236608320144
8,9,8,78.98610803815644,75.11037058489505,154.09647862305152
8,10,7,59.35710125220418,58.4524355899434,117.8095368421476
8,10,8,48.568934895033976,46.60870638567547,95.17764128070944
8,11,7,45.55615254347647,43.70434445639331,89.26049699986977
8,11,8,47.94955990431081,50.22018535199711,98.16974525630792
8,12,7,51.18804848621905,48.997937627361146,100.18598611358021
8,12,8,54.14645144410952,54.84770523239104,108.99415667650057
8,13,7,50.23433060823204,48.54012381112551,98.77445441935755
8,13,8,44.90709615972086,41.40902567475996,86.31612183448082
8,14,7,60.58680619056221,58.60518058511339,119.19198677567559
8,14,8,65.9263446219993,65.36847248020742,131.29481710220674
8,15,7,79.57600540782872,79.19621902505159,158.7722244328803
8,15,8,89.06097727458263,86.39482989313187,175.45580716771448
8,16,7,92.14686440012181,90.63555868421376,182.7824230843356
8,16,8,101.38329182847667,102.68421871232117,204.06751054079783
8,17,7,97.0065893373755,94.61683898972299,191.62342832709848
8,17,8,81.77606708944802,77.47845525649896,159.25452234594698
8,18,7,72.3863466311179,67.89927454786319,140.28562117898107
8,18,8,79.91555446380357,76.70269086919076,156.61824533299432
8,19,7,71.3029167108435,68.339925198737,139.6428419095805
8,19,8,47.03851672061494,45.61748586853014,92.65600258914507
8,20,7,3.9184291165328466,3.9703555295491313,7.888784646081978
8,20,8,3.481351935672799,3.5869544655843955,7.068306401257194
8,21,7,3.481351935672799,3.5869544655843955,7.068306401257194
8,21,8,3.481351935672799,3.5869544655843955,7.068306401257194
9,5,7,3.502851818705298,3.5974195700237517,7.10027138872905
9,5,8,3.481351935672799,3.5869544655843955,7.068306401257194
9,6,7,58.34494851959652,57.28180316088587,115.62675168048239
9,6,8,45.055212493726756,42.84146210779524,87.89667460152201
9,7,7,96.53653405357976,96.52354350508709,193.06007755866685
9,7,8,68.84554713231834,66.5844829134927,135.43003004581104
9,8,7,108.06921686896396,110.09898496712258,218.16820183608652
9,8,8,82.60453129870218,81.76771840527464,164.37224970397682
9,9,7,124.72594081031473,125.45724131663374,250.18318212694848
9,9,8,94.95481170153725,93.34882404855973,188.303635750097
9,10,7,116.81176170923979,117.0238537556324,233.8356154648722
9,10,8,101.7452493175393,101.51213823138062,203.25738754891992
9,11,7,103.61059409325043,101.33511188079859,204.94570597404902
9,11,8,125.19818423108076,128.24272069371764,253.44090492479845
9,12,7,93.70480889237923,93.11566053879916,186.8204694311784
9,12,8,122.17479976058254,120.8802942672811,243.05509402786367
9,13,7,99.01915150440234,96.26398148480644,195.28313298920878
9,13,8,98.80656726069346,99.0699156648278,197.87648292552126
9,14,7,107.99307224704911,105.99877710133208,213.99184934838118
9,14,8,107.72431288397908,105.14090999089736,212.86522287487645
9,15,7,118.44119636991137,115.7201611911328,234.16135756104418
9,15,8,116.71452913518597,117.37901731697046,234.09354645215646
9,16,7,148.21846484735653,149.8660509708794,298.08451581823596
9,16,8,130.3670307412148,131.51007696962887,261.87710771084363
9,17,7,166.21289895729026,166.48525960025748,332.69815855754774
9,17,8,135.82236984784606,132.90302822900213,268.7253980768482
9,18,7,127.62785019229291,122.09821179503399,249.72606198732691
9,18,8,106.6293531195212,102.8337745646546,209.4631276841758
9,19,7,95.99995454368629,92.59862139058218,188.59857593426847
9,19,8,77.49763723058977,73.84094354350852,151.3385807740983
9,20,7,6.9286920743769915,6.931103388878078,13.859795463255072
9,20,8,3.481351935672799,3.5869544655843955,7.068306401257194
9,21,7,11.779054818463942,11.600528379791198,23.37958319825514
9,21,8,3.481351935672799,3.5869544655843955,7.068306401257194
10,5,7,3.5153566008636767,3.602249454218786,7.117606055082463
10,5,8,3.481351935672799,3.5869544655843955,7.068306401257194
10,6,7,13.580454623347453,13.673302251832297,27.25375687517975
10,6,8,4.881058799880433,4.904823634635503,9.785882434515935
10,7,7,57.704063231277836,58.51444922318714,116.21851245446497
10,7,8,9.026422928938514,8.277615948493205,17.304038877431722
10,8,7,69.65996015553216,69.15575042215183,138.815710577684
10,8,8,15.69855525741832,15.422781290618527,31.121336548036844
10,9,7,81.20513821052761,83.06225696837544,164.26739517890306
10,9,8,21.956530205449685,21.745576745430174,43.70210695087986
10,10,7,85.24429211001745,86.84830632508057,172.09259843509804
10,10,8,30.719674070535387,28.980890744622894,59.70056481515827
10,11,7,80.57265427177789,77.76130222719597,158.3339564989739
10,11,8,27.380625551775047,25.828636909158103,53.20926246093315
10,12,7,67.12178258077404,65.37821815750527,132.5000007382793
10,12,8,32.26724530196431,31.285635177324863,63.552880479289165
10,13,7,67.69572278152599,65.47836205852376,133.17408484004974
10,13,8,27.420908960308857,26.679613032448014,54.100521992756875
10,14,7,73.12724535598922,72.54696599385892,145.67421134984812
10,14,8,28.449257453888077,27.21865078405813,55.66790823794621
10,15,7,78.60377945399703,77.82223722607888,156.42601668007595
10,15,8,34.99882347202414,34.14325939068929,69.14208286271344
10,16,7,86.0357256994973,85.85177771737135,171.88750341686864
10,16,8,40.335704942971596,39.44204019622109,79.77774513919269
10,17,7,98.19943726435963,98.1055665519782,196.30500381633783
10,17,8,35.855351957826485,34.481333247779865,70.33668520560636
10,18,7,93.0795629858557,89.46149268986932,182.541055675725
10,18,8,29.39232777490045,28.27412760754797,57.66645538244842
10,19,7,70.30509007819997,66.62031761556665,136.92540769376663
10,19,8,29.520327692618316,27.76533791288316,57.285665605501485
10,20,7,3.481351935672799,3.5870467360141967,7.068398671686995
10,20,8,3.481351935672799,3.5869544655843955,7.068306401257194
10,21,7,3.481351935672799,3.5869544655843955,7.068306401257194
10,21,8,3.481351935672799,3.5869544655843955,7.068306401257194
11,5,7,3.5082507898878093,3.6020787951370483,7.110329585024858
11,5,8,3.4813519356727993,3.586954465584396,7.0683064012571934
11,6,7,18.709044165575303,19.17783261605744,37.88687678163274
11,6,8,10.194435009381147,9.729450901488555,19.923885910869704
11,7,7,34.053429063457,37.400368383021394,71.45379744647839
11,7,8,16.68438667960188,16.46996488464734,33.15435156424922
11,8,7,44.57366706424913,49.38744523405259,93.96111229830171
11,8,8,25.751989569135503,25.70976808112903,51.46175765026454
11,9,7,60.1412638641352,65.59980177994451,125.74106564407971
11,9,8,24.62158653345757,24.082149612328614,48.70373614578619
11,10,7,60.760567523847506,63.288091041949265,124.04865856579677
11,10,8,14.980890258071653,15.17897827111499,30.159868529186642
11,11,7,51.967932009715966,51.94220888220359,103.91014089191957
11,11,8,18.600500878460426,18.183316041830036,36.78381692029047
11,12,7,50.11004019526612,51.786202944291624,101.89624313955775
11,12,8,18.636904281872585,18.40427529010385,37.041179571976436
11,13,7,47.86117757609621,47.839947339998545,95.70112491609476
11,13,8,22.379656110426144,21.94840446812592,44.32806057855206
11,14,7,53.32766082712232,54.832961969671004,108.16062279679332
11,14,8,18.731067475318763,18.0657091799983,36.79677665531707
11,15,7,56.75744748706051,57.48316564318203,114.24061313024255
11,15,8,26.93959902417892,25.918607958313206,52.85820698249213
11,16,7,69.069282268359,69.73937607698979,138.8086583453488
11,16,8,30.978564815008045,29.305833926066096,60.284398741074135
11,17,7,80.5775187091649,80.92630955040765,161.50382825957254
11,17,8,34.195579518342335,33.2633105299082,67.45889004825054
11,18,7,72.05143047208655,69.92493887122846,141.976369343315
11,18,8,25.37656562451705,24.639865368881992,50.01643099339905
11,19,7,55.998559332346545,53.66098575449774,109.65954508684429
11,19,8,26.391293096855808,26.042488086176128,52.433781183031925
11,20,7,3.4813519356727993,3.5869544655843955,7.068306401257194
11,20,8,3.481351935672799,3.5869544655843955,7.068306401257194
11,21,7,3.4813519356727993,3.5869544655843955,7.068306401257194
11,21,8,3.481351935672799,3.5869544655843955,7.068306401257194
12,5,7,3.5664795174470987,3.6550017722176436,7.221481289664743
12,5,8,3.481351935672799,3.5869544655843955,7.068306401257194
12,6,7,16.090382827467813,15.297448215110132,31.38783104257794
12,6,8,13.345935191621217,12.922276264450893,26.268211456072112
12,7,7,30.090161624133398,29.53957364684026,59.62973527097366
12,7,8,21.106682287628594,20.217663100246288,41.324345387874885
12,8,7,39.183913188308686,41.06535238508465,80.24926557339333
12,8,8,25.44856876622796,24.988508789651803,50.43707755587976
12,9,7,41.93014103603844,45.17865696652659,87.10879800256504
12,9,8,32.05211237864336,32.219081369139786,64.27119374778314
12,10,7,39.06229321857064,42.32749516659325,81.3897883851639
12,10,8,30.586481048414505,31.668454063601295,62.2549351120158
12,11,7,40.67089703525392,41.50263502438919,82.17353205964312
12,11,8,34.108413608067586,34.50707655932233,68.61549016738992
12,12,7,33.58576165685299,34.07612360818494,67.66188526503794
12,12,8,35.307010839150784,36.96040540012566,72.26741623927646
12,13,7,29.64486091725176,28.833520353481813,58.478381270733564
12,13,8,30.682555568811203,30.593340320844753,61.27589588965595
12,14,7,26.36389724658432,26.438173664951947,52.80207091153627
12,14,8,30.382883647410544,29.744316138022054,60.127199785432595
12,15,7,41.149755747323525,44.45513363208535,85.60488937940889
12,15,8,32.37337954612648,32.485086455822824,64.8584660019493
12,16,7,47.71874923637827,50.31709533884739,98.03584457522567
12,16,8,41.050937974339654,40.54103984312008,81.59197781745972
12,17,7,59.270194890971624,57.98212630111485,117.25232119208648
12,17,8,37.88303463552307,36.59591741757745,74.47895205310051
12,18,7,52.90922237176984,50.43290560387228,103.34212797564211
12,18,8,40.24745091818912,37.55313513597079,77.8005860541599
12,19,7,49.653119339983334,48.43277657219138,98.0858959121747
12,19,8,28.573731876617277,27.586553274299316,56.160285150916586
12,20,7,4.85714770124685,4.682736913259308,9.539884614506159
12,20,8,3.481351935672799,3.5869544655843955,7.068306401257194
12,21,7,3.4813519356727993,3.5869544655843955,7.068306401257194
12,21,8,3.481351935672799,3.5869544655843955,7.068306401257194
13,5,7,4.801200737277718,4.699605164509557,9.500805901787276
13,5,8,3.481351935672799,3.5869544655843955,7.068306401257194
13,6,7,35.545779402964335,32.506329683477894,68.05210908644223
13,6,8,39.4499434623082,36.252469436405725,75.70241289871393
13,7,7,48.62262336784111,43.07075421126811,91.69337757910921
13,7,8,43.20213967083694,41.070101396194424,84.27224106703137
13,8,7,64.24449851666367,57.36818438635271,121.61268290301636
13,8,8,57.05043560709881,54.21539586945298,111.2658314765518
13,9,7,42.23959352854649,37.11182280256423,79.35141633111073
13,9,8,59.52059818626978,56.00238107790248,115.52297926417226
13,10,7,49.472386720648686,45.35698264874124,94.82936936938992
13,10,8,65.28863972934306,62.423905166722975,127.71254489606602
13,11,7,50.439331223202956,46.04038184470893,96.47971306791189
13,11,8,72.0498736379402,68.26173521532542,140.3116088532656
13,12,7,45.42406697015955,41.795657580488786,87.21972455064834
13,12,8,68.2296630421237,65.82186906979707,134.05153211192078
13,13,7,56.19379140823585,52.048096705676045,108.2418881139119
13,13,8,73.17284135787804,74.0398093613525,147.21265071923054
13,14,7,48.992772076807235,45.39904273768612,94.39181481449337
13,14,8,57.43234729889562,54.61373475916315,112.04608205805877
13,15,7,55.10762225847591,52.79869325843952,107.90631551691541
13,15,8,69.92730902935104,68.38960601991946,138.3169150492705
13,16,7,105.49468497492002,104.10368086212121,209.59836583704123
13,16,8,83.41486340574356,78.78824834851383,162.20311175425738
13,17,7,58.42303041247701,54.8184076423204,113.24143805479741
13,17,8,153.53002911710385,134.20349777180894,287.7335268889128
13,18,7,116.96364593881704,112.37583700458799,229.33948294340507
13,18,8,61.00644033645468,55.79555223995341,116.8019925764081
13,19,7,85.48579303760444,76.43993278335797,161.9257258209624
13,19,8,45.34625074727599,41.35506945899433,86.70132020627032
13,20,7,4.6378484636797905,4.5791249557596885,9.216973419439478
13,20,8,3.6858322311856972,3.7933409917192784,7.479173222904976
13,21,7,3.4813519356727993,3.586954465584396,7.068306401257195
13,21,8,3.481351935672799,3.5869544655843955,7.068306401257194
14,5,7,3.614533481846664,3.6745320723087844,7.2890655541554485
14,5,8,3.481351935672799,3.5869544655843955,7.068306401257194
14,6,7,37.85003213679045,35.91347640445676,73.76350854124719
14,6,8,71.72752092512305,68.33981035496949,140.06733128009253
14,7,7,90.3083125236853,87.27197565348034,177.58028817716564
14,7,8,76.99098798858077,73.39515709173642,150.3861450803172
14,8,7,87.8885534508934,83.68750603322295,171.57605948411634
14,8,8,97.88909899391592,94.88862043510868,192.77771942902461
14,9,7,76.74898442261596,74.38411655464385,151.13310097725983
14,9,8,108.90749139130746,103.77400670229602,212.6814980936035
14,10,7,83.3263244034807,83.10476623381697,166.43109063729767
14,10,8,119.5527269303851,114.39862238274112,233.95134931312623
14,11,7,71.32258405602808,67.68661862692868,139.00920268295675
14,11,8,120.88962073986039,115.17951588289363,236.06913662275403
14,12,7,56.31217131245329,53.89200450008342,110.2041758125367
14,12,8,111.72572235987893,106.09565016612743,217.82137252600637
14,13,7,52.2561321153336,49.64632809453247,101.90246020986606
14,13,8,114.34540315017037,108.74413123909109,223.08953438926144
14,14,7,54.809024204489056,52.11943004774664,106.9284542522357
14,14,8,105.40941308522055,99.71759716162214,205.1270102468427
14,15,7,68.14149174950965,67.56202571574863,135.70351746525827
14,15,8,113.73695645993395,107.70889760855185,221.4458540684858
14,16,7,72.33652259280994,69.93777721372857,142.27429980653852
14,16,8,118.5880879952322,113.125937514193,231.71402550942523
14,17,7,102.84085822764719,99.92729068298807,202.76814891063526
14,17,8,114.04022919325017,109.00592247386075,223.04615166711093
14,18,7,108.04440622181974,102.08689264644299,210.13129886826272
14,18,8,127.60806684713937,121.95105921010541,249.55912605724478
14,19,7,91.69083678445068,86.65423562602845,178.34507241047913
14,19,8,95.53627376639182,90.3789597077642,185.91523347415603
14,20,7,6.241493748894381,5.904739999536277,12.146233748430658
14,20,8,3.481351935672799,3.5869544655843955,7.068306401257194
14,21,7,3.481351935672799,3.5869544655843955,7.068306401257194
14,21,8,3.481351935672799,3.5869544655843955,7.068306401257194
15,5,7,3.4813849553988345,3.58704464718504,7.068429602583874
15,5,8,3.481351935672799,3.5869544655843955,7.068306401257194
15,6,7,14.674049308563784,14.088281077052333,28.76233038561612
15,6,8,10.892087603016533,10.68930262106157,21.581390224078103
15,7,7,26.062742485256308,24.697703397649658,50.76044588290596
15,7,8,15.965309720609433,15.533593594816216,31.498903315425647
15,8,7,38.2127526838614,37.25020941602328,75.46296209988469
15,8,8,27.021012760696745,25.902001742068663,52.92301450276541
15,9,7,43.51112971959728,42.43429277236249,85.94542249195976
15,9,8,29.13016726685382,28.39310889827933,57.52327616513315
15,10,7,42.55925789972036,41.6048914705036,84.16414937022395
15,10,8,28.547842155686926,27.898139935756397,56.44598209144333
15,11,7,46.885998740431546,46.28760831559603,93.17360705602758
15,11,8,39.14952100617512,37.84609954887158,76.9956205550467
15,12,7,42.876643817741744,41.27234484776604,84.14898866550777
15,12,8,35.729437655694085,34.46124784645089,70.19068550214497
15,13,7,37.24856637502671,35.031783383258244,72.28034975828496
15,13,8,31.26240549700463,29.116998356449184,60.379403853453816
15,14,7,35.311599318818296,33.05456389738632,68.36616321620463
15,14,8,24.802914115787708,23.16978343110757,47.972697546895276
15,15,7,40.95779829889129,39.95221446297232,80.91001276186361
15,15,8,31.251804957893807,30.29946702511953,61.551271983013336
15,16,7,52.724126578980496,50.74354790691601,103.46767448589651
15,16,8,32.63351422252867,30.839891681413146,63.47340590394181
15,17,7,75.08269901173482,72.1471731988118,147.22987221054663
15,17,8,35.878730727816226,33.10494559996665,68.98367632778289
15,18,7,67.22770860777443,64.71734499654013,131.94505360431455
15,18,8,28.801205299380626,27.331418412976202,56.13262371235683
15,19,7,47.14888338643006,45.30794187499099,92.45682526142103
15,19,8,26.679504281950233,25.905519301502977,52.585023583453214
15,20,7,3.532191322179025,3.628394044666697,7.160585366845721
15,20,8,3.481351935672799,3.5869544655843955,7.068306401257194
15,21,7,3.4813519356727993,3.5869544655843955,7.068306401257194
15,21,8,3.481351935672799,3.5869544655843955,7.068306401257194
16,5,7,3.8818656557650892,3.9516331672528824,7.833498823017972
16,5,8,3.481351935672799,3.5869544655843955,7.068306401257194
16,6,7,31.912458734147258,27.188533060147723,59.100991794294984
16,6,8,23.42017967967863,21.840340656069095,45.26052033574773
16,7,7,32.77399415484718,30.073763794699623,62.8477579495468
16,7,8,29.75389156090616,27.927676170017758,57.681567730923916
16,8,7,39.87234847176179,36.62480726840019,76.49715574016199
16,8,8,31.473633238744537,29.515622862771778,60.98925610151632
16,9,7,32.06140619339686,29.613808173304232,61.67521436670109
16,9,8,36.25773602224678,35.43934148280618,71.69707750505296
16,10,7,30.11896818797373,27.716626882320867,57.8355950702946
16,10,8,30.318940868002485,29.20671165138493,59.525652519387414
16,11,7,19.736996167140482,17.8440463210901,37.58104248823059
16,11,8,25.446322288577107,25.174698952503725,50.621021241080825
16,12,7,24.477933255754948,22.832186992102223,47.31012024785718
16,12,8,26.52298982174533,26.281368333939575,52.80435815568491
16,13,7,33.342476371005844,30.86884441520045,64.21132078620629
16,13,8,26.20344711401695,24.83501625493448,51.03846336895143
16,14,7,37.9896621981672,35.85493781279755,73.84460001096475
16,14,8,30.813616245498057,29.67582788046527,60.489444125963324
16,15,7,43.76810931299165,40.81897668274758,84.58708599573923
16,15,8,39.18746499112002,40.26169825636786,79.44916324748787
16,16,7,58.08826493284277,52.93730931618341,111.02557424902618
16,16,8,46.427685571670075,42.67267071626629,89.10035628793636
16,17,7,67.36429777436811,64.60727932046159,131.97157709482968
16,17,8,42.55032630306284,39.28767084396815,81.83799714703099
16,18,7,63.193072708250234,59.83543532685075,123.02850803510098
16,18,8,31.435640647445645,29.6655177806752,61.10115842812084
16,19,7,47.55119614393344,42.351485719512006,89.90268186344544
16,19,8,24.610776574152375,22.92016071194319,47.530937286095565
16,20,7,3.7818427196215767,3.782605913427198,7.564448633048776
16,20,8,3.481351935672799,3.5869544655843955,7.068306401257194
16,21,7,3.481351935672799,3.5869544655843955,7.068306401257194
16,21,8,3.481351935672799,3.5869544655843955,7.068306401257194
17,5,7,18.25816266931649,18.993209615060714,37.251372284377204
17,5,8,28.795735432358846,27.794736458967012,56.590471891325855
17,6,7,72.96641967353511,68.50711442157505,141.47353409511015
17,6,8,7.739057760600037,7.947890932590828,15.686948693190864
17,7,7,21.227190652849426,21.02144403976064,42.24863469261007
17,7,8,5.193741801822586,5.293763715376262,10.487505517198848
17,8,7,25.84189668631549,24.99045780310078,50.832354489416275
17,8,8,4.3077095410473785,4.326644566799645,8.634354107847024
17,9,7,72.249603790295,72.2691744040112,144.5187781943062
17,9,8,10.666598208448931,10.590136267226795,21.256734475675724
17,10,7,28.318154382229782,29.016939414394326,57.33509379662411
17,10,8,10.080332086220027,10.062495900714168,20.142827986934197
17,11,7,27.45864768748013,27.48769457562997,54.946342263110104
17,11,8,9.493011469399105,9.654677641626089,19.147689111025194
17,12,7,24.501683252129638,24.170346194941413,48.672029447071054
17,12,8,65.82459082575718,36.24120515678298,102.06579598254017
17,13,7,17.626793433881314,17.574505467094593,35.20129890097591
17,13,8,7.496868267673779,7.226786550899385,14.723654818573163
17,14,7,21.31657347435165,20.808165142581153,42.1247386169328
17,14,8,5.284883760829773,5.253196639809954,10.538080400639727
17,15,7,28.501362025772636,27.94201101813666,56.4433730439093
17,15,8,5.455246760274766,5.468470532722782,10.923717292997548
17,16,7,43.71855824382396,44.43171620315549,88.15027444697945
17,16,8,5.193217128017794,5.184252042447433,10.377469170465229
17,17,7,47.20173151891409,47.295237374713054,94.49696889362714
17,17,8,5.045868988065275,4.96928959998219,10.015158588047466
17,18,7,44.55751199568991,44.345201439716824,88.90271343540672
17,18,8,4.490217076651705,4.4566905012511215,8.946907577902827
17,19,7,32.213347523516404,35.14861140747826,67.36195893099467
17,19,8,4.264224488090168,4.219840844280794,8.484065332370962
17,20,7,3.481351935672799,3.586954465584396,7.068306401257194
17,20,8,3.4813519356727993,3.586954465584396,7.0683064012571934
17,21,7,3.481351935672799,3.586954465584396,7.068306401257194
17,21,8,3.4813519356727993,3.586954465584396,7.0683064012571934
18,5,7,7.333640727198823,7.190513464109204,14.524154191308027
18,5,8,3.481351935672799,3.5869544655843955,7.068306401257194
18,6,7,18.32602147879356,16.421248392131723,34.74726987092528
18,6,8,10.111848183943916,9.466847487530384,19.5786956714743
18,7,7,34.189615502875164,31.32159893257439,65.51121443544955
18,7,8,14.37031994873536,13.819973101509582,28.190293050244946
18,8,7,35.30581510950065,32.437750160865825,67.74356527036649
18,8,8,20.091240939163825,19.54983141488785,39.64107235405168
18,9,7,40.9179990314859,38.64452389676707,79.56252292825296
18,9,8,23.00231615053036,22.1492507949105,45.15156694544086
18,10,7,39.65686968388165,35.06297663810622,74.71984632198787
18,10,8,26.652328277007594,26.123877917985187,52.77620619499278
18,11,7,39.118271131108806,35.86586337115805,74.98413450226685
18,11,8,32.29395237726287,31.282593932908362,63.57654631017123
18,12,7,36.536504804661874,32.87885005746148,69.41535486212335
18,12,8,32.04683334611247,30.85737524155582,62.90420858766829
18,13,7,38.78191105746072,34.352852351016814,73.13476340847754
18,13,8,28.42779226232304,26.991821000173005,55.41961326249604
18,14,7,33.344704408686226,29.926238511679507,63.270942920365734
18,14,8,21.534238510482837,20.257986658390895,41.792225168873735
18,15,7,51.21523270410784,47.776299950495016,98.99153265460285
18,15,8,27.111225443273657,25.707733800661796,52.81895924393545
18,16,7,60.4554158517378,58.93142046557085,119.38683631730865
18,16,8,35.69218807295627,33.67855662511469,69.37074469807096
18,17,7,70.38677549465466,66.90113310486566,137.28790859952034
18,17,8,38.1251640827605,35.84251788208708,73.96768196484757
18,18,7,70.32388812829768,62.50917926965071,132.83306739794838
18,18,8,36.23965810469271,33.24104937047845,69.48070747517116
18,19,7,44.528094357699864,39.54613781261829,84.07423217031815
18,19,8,19.443152785226125,18.0307059084529,37.473858693679034
18,20,7,4.637099921078518,4.38241503256771,9.01951495364623
18,20,8,3.481351935672799,3.5869544655843955,7.068306401257194
18,21,7,7.220973580697464,7.132348817283645,14.35332239798111
18,21,8,3.481351935672799,3.5869544655843955,7.068306401257194
19,5,7,12.288719193377345,13.699922038866081,25.988641232243427
19,5,8,3.481351935672799,3.5869544655843955,7.068306401257194
19,6,7,17.081064122123635,17.550661397684056,34.63172551980769
19,6,8,3.6490821751731897,3.7189377689946785,7.368019944167869
19,7,7,14.657273277846608,14.26259147843147,28.91986475627808
19,7,8,3.9487126614328103,3.9756345681831964,7.924347229616007
19,8,7,23.21873997044105,21.395131925324264,44.61387189576532
19,8,8,3.978510733780562,4.012976982874847,7.99148771665541
19,9,7,5.428075143039229,4.896205566779369,10.324280709818598
19,9,8,3.817596117372017,3.8960173283724764,7.713613445744493
19,10,7,10.926976070052756,10.43698207028719,21.363958140339946
19,10,8,4.249399755693285,4.2854317759558445,8.53483153164913
19,11,7,18.151358642303567,17.10552986283446,35.25688850513803
19,11,8,26.463242847890314,26.510300318123498,52.97354316601381
19,12,7,14.600358806602483,13.8268265651621,28.427185371764583
19,12,8,11.575647050429943,11.954055089253092,23.52970213968304
19,13,7,20.887299569681396,19.957223067039216,40.84452263672061
19,13,8,8.846653880463112,8.804552410729492,17.651206291192604
19,14,7,8.063202943009948,8.198263112580499,16.261466055590446
19,14,8,5.661490832750686,5.816773296792488,11.478264129543172
19,15,7,4.783191280274774,4.552912159142731,9.336103439417503
19,15,8,7.636479314587639,8.037356569044704,15.673835883632341
19,16,7,13.095722357514047,12.959237659110453,26.054960016624502
19,16,8,13.56999676454169,14.724523919452395,28.294520683994087
19,17,7,12.501733212281001,12.509507510191472,25.011240722472472
19,17,8,3.8137864330464186,3.896843992105809,7.710630425152228
19,18,7,9.658402522287805,9.318759061000367,18.97716158328817
19,18,8,3.772452473460545,3.8422615933921147,7.61471406685266
19,19,7,16.563507750643957,16.451770968723352,33.015278719367316
19,19,8,3.6209884553099494,3.737072277995196,7.3580607333051455
19,20,7,3.481351935672799,3.5869544655843955,7.068306401257194
19,20,8,3.481351935672799,3.5869544655843955,7.068306401257194
19,21,7,3.481351935672799,3.5869544655843955,7.068306401257194
19,21,8,3.481351935672799,3.5869544655843955,7.068306401257194
20,5,7,7.549838031683248,7.711943232080088,15.261781263763334
20,5,8,3.481351935672799,3.5869544655843955,7.068306401257194
20,6,7,50.54943604889391,45.62804022567811,96.17747627457203
20,6,8,24.751607808806106,22.621977947465513,47.373585756271616
20,7,7,51.311348814472886,53.05826988152021,104.3696186959931
20,7,8,31.17976234318538,29.28969620109756,60.469458544282936
20,8,7,72.81972789739491,80.50957362590886,153.32930152330377
20,8,8,28.497480040126383,27.695353975320444,56.19283401544682
20,9,7,103.34212303848714,110.88974549589966,214.2318685343868
20,9,8,40.69327671483739,40.28525216879268,80.97852888363006
20,10,7,64.77809073941143,64.54601066040618,129.3241013998176
20,10,8,36.585558202493296,35.712559114669226,72.29811731716254
20,11,7,42.745469989250076,35.28484812398419,78.03031811323427
20,11,8,41.550037737326974,42.88366234030872,84.43370007763569
20,12,7,73.78835158345609,71.28919894760101,145.07755053105708
20,12,8,47.18082303820055,51.20696729987334,98.38779033807388
20,13,7,61.24146979362038,56.810372540623575,118.05184233424396
20,13,8,38.40950038233287,41.19199880468238,79.60149918701525
20,14,7,46.08809940278235,38.17004271166777,84.25814211445012
20,14,8,51.99091409731293,52.99426757486559,104.98518167217851
20,15,7,70.35516023948097,73.36551167913865,143.72067191861962
20,15,8,62.64824162641712,62.68594981843177,125.3341914448489
20,16,7,116.51665330760272,107.99967789592793,224.51633120353065
20,16,8,72.82784802528369,72.6766018941553,145.50444991943897
20,17,7,81.65415081326141,76.73780080379149,158.39195161705288
20,17,8,72.12213230344412,71.43232307472556,143.55445537816968
20,18,7,77.10005651075214,65.26790243105407,142.3679589418062
20,18,8,63.37937352108399,61.26305672745059,124.64243024853458
20,19,7,53.977874373901045,47.36224469747772,101.34011907137878
20,19,8,47.42188740010062,45.85108705236683,93.27297445246745
20,20,7,3.4825563274707623,3.5882715170452473,7.07082784451601
20,20,8,3.481351935672799,3.5869544655843955,7.068306401257194
20,21,7,3.4813519356727993,3.586954465584396,7.068306401257195
20,21,8,3.481351935672799,3.5869544655843955,7.068306401257194
