device,n,duration_sec,total_in_count,mean_in_count_per_video,mean_in_count_per_min,pooled_in_count_per_min,total_out_count,mean_out_count_per_video,mean_out_count_per_min,pooled_out_count_per_min,total_traffic_count,mean_traffic_count_per_video,mean_traffic_count_per_min,pooled_traffic_count_per_min
1,1029,123437.12499999997,26842.780473600575,26.08627840000056,13.047669640847797,13.047669640847799,25795.82814519722,25.06883201671256,12.538769747852061,12.538769747852063,52638.60861879779,51.155110416713114,25.586439388699855,25.586439388699862
2,677,81211.79166666667,109042.6271667394,161.06739611039794,80.56167085758008,80.56167085758007,106864.27769616336,157.849745489163,78.95228673303049,78.95228673303048,215906.90486290277,318.917141599561,159.51395759061054,159.51395759061054
3,810,97166.24999999999,71212.94945993586,87.91722155547637,43.973879485893015,43.973879485893015,68896.22084761056,85.05706277482786,42.54330336774995,42.54330336774996,140109.17030754642,172.97428433030422,86.51718285364298,86.51718285364296
4,749,89848.79166666666,85177.1705272774,113.7211889549765,56.88034459714003,56.88034459714004,82344.5099677047,109.93926564446555,54.98872612991678,54.98872612991678,167521.6804949821,223.66045459944206,111.86907072705682,111.86907072705684
5,106,12715.583333333332,4895.911715972839,46.18784637710226,23.101944697126516,23.101944697126523,4713.740401812336,44.469249073701285,22.242347574202796,22.242347574202796,9609.652117785174,90.65709545080352,45.34429227132932,45.344292271329316
6,753,90328.62499999999,94685.69885127975,125.74461998841933,62.89414824012638,62.89414824012639,97090.93792172492,128.938828581308,64.49180727929266,64.49180727929266,191776.63677300466,254.68344856972732,127.38595551941901,127.38595551941901
7,312,37427.0,33822.37791464395,108.4050574187306,54.22135556893785,54.22135556893785,32948.100722765594,105.602886931941,52.81978366863323,52.81978366863322,66770.47863740954,214.0079443506716,107.04113923757107,107.04113923757107
8,457,54820.958333333314,48721.454059324504,106.61149684753721,53.324263793141235,53.32426379314124,47983.38331068463,104.99646238661845,52.516466077363866,52.51646607736388,96704.83737000915,211.6079592341557,105.8407298705051,105.84072987050514
9,802,96206.58333333331,143855.41581467044,179.37084266168384,89.71657291866092,89.71657291866092,142360.91294498096,177.5073727493528,88.78451433104135,88.78451433104136,286216.3287596514,356.87821541103665,178.50108724970224,178.5010872497023
10,485,58179.79166666666,40611.537152618024,83.73512814972788,41.88210647294483,41.882106472944834,39891.64772716055,82.25082005600113,41.13969464419646,41.13969464419647,80503.18487977856,165.985948205729,83.0218011171413,83.0218011171413
11,912,109401.99999999997,61375.46011085843,67.29765363032723,33.6605144938073,33.660514493807305,62081.65099839223,68.07198574385113,34.04781502992207,34.04781502992207,123457.11110925068,135.36963937417838,67.70832952372936,67.70832952372939
12,984,118038.99999999997,58490.086582447606,59.44114490086139,29.730895678096697,29.730895678096708,58780.149154797706,59.735923937802546,29.87833639125935,29.878336391259356,117270.23573724531,119.17706883866393,59.609232069356054,59.60923206935606
13,356,42705.166666666664,39553.552612299376,111.10548486600948,55.5720382796296,55.572038279629616,37128.567665250215,104.29372939677027,52.16497753780799,52.164977537807985,76682.12027754959,215.39921426277976,107.73701581743761,107.7370158174376
14,969,116239.62499999997,144907.01607920707,149.54284425098768,74.79739344266144,74.79739344266146,138747.52479544608,143.18630009849957,71.61801741640828,71.61801741640828,283654.54087465315,292.7291443494872,146.4154108590697,146.41541085906974
15,1045,125356.4583333333,63228.51741346992,60.505758290401836,30.263387265779315,30.263387265779322,60856.30230057918,58.23569598141548,29.12796186635578,29.127961866355786,124084.8197140491,118.74145427181732,59.39134913213509,59.39134913213511
16,818,98125.91666666664,50323.68646977538,61.52039910730486,30.770883888335884,30.77088388833589,47163.10437390157,57.6566068140606,28.838316711443998,28.838316711444005,97486.79084367695,119.17700592136546,59.60920059977989,59.60920059977989
17,488,58539.66666666665,21342.296153785574,43.73421342988847,21.87470209761702,21.874702097617025,20379.570859258733,41.761415695202324,20.887960611702443,20.88796061170245,41721.867013044306,85.49562912509079,42.762662709319464,42.76266270931947
18,1029,123437.12499999997,61270.03543417537,59.54328030532106,29.78198111832662,29.781981118326623,57071.28545081552,55.462862440053954,27.741063533753973,27.741063533753984,118341.3208849909,115.00614274537503,57.52304465208059,57.52304465208061
19,742,89009.08333333331,15175.702630266926,20.452429420844915,10.229766712753273,10.229766712753275,15031.931358901962,20.258667599598333,10.13285215124057,10.132852151240572,30207.633989168888,40.71109702044325,20.36261886399384,20.362618863993845
20,165,19793.125,14439.398550097938,87.51150636422993,43.770951429138975,43.77095142913897,14281.15540648729,86.55245700901388,43.29126019207363,43.291260192073636,28720.55395658523,174.0639633732438,87.06221162121261,87.06221162121261
