device,hour,july,august,difference,relative_change
1,5,93.0986826474,0,-93.0986826474,-1
1,6,25063.4473012,4592.32602771,-20471.1212735,-0.816771971847
1,7,37098.2272468,9826.46974109,-27271.7575057,-0.735122929844
1,8,66192.2909665,18411.4098104,-47780.8811561,-0.72184963624
1,9,64889.8042462,24937.4010198,-39952.4032264,-0.615696158904
1,10,45728.3138645,21447.3293699,-24280.9844945,-0.53098359512
1,11,45236.3794649,33639.6597027,-11596.7197622,-0.256358265169
1,12,31001.1730421,25891.9633182,-5109.20972388,-0.164806980592
1,13,22969.5646285,16860.0117006,-6109.55292794,-0.265984707449
1,14,23617.4811794,14755.7111141,-8861.77006535,-0.375220795055
1,15,20179.8280375,16793.1515117,-3386.67652578,-0.167824845657
1,16,47426.0337003,29836.4420089,-17589.5916914,-0.370884729737
1,17,79746.2601285,39615.4010876,-40130.8590409,-0.503231862864
1,18,106956.529133,41267.0213721,-65689.5077611,-0.614170152056
1,19,186870.480277,38315.4552993,-148555.024978,-0.794962504284
1,20,8151.69219562,39940.0220382,31788.3298425,3.8995988906
1,21,14095.3526855,25812.0181624,11716.6654769,0.831243157824
2,5,41086.1342762,0,-41086.1342762,-1
2,6,206652.667221,228433.970975,21781.3037537,0.105400545014
2,7,263469.541331,355502.419585,92032.878254,0.349311263037
2,8,392218.168225,473442.467795,81224.2995707,0.207089589802
2,9,313936.976372,455467.055631,141530.079259,0.45082322221
2,10,359268.320902,411983.255583,52714.9346808,0.146728591456
2,11,328850.717662,273141.642576,-55709.075086,-0.169405362658
2,12,263302.07744,307275.6004,43973.5229601,0.167007884585
2,13,216253.62893,337514.451355,121260.822425,0.560734277731
2,14,311526.047922,286501.493802,-25024.5541206,-0.0803289300768
2,15,402009.669604,480682.433823,78672.7642184,0.195698686292
2,16,509650.074506,432474.415802,-77175.6587039,-0.151428720537
2,17,502792.646374,556810.62751,54017.9811356,0.107435901311
2,18,491492.456992,473439.514118,-18052.9428736,-0.0367308645673
2,19,352527.412471,316520.129406,-36007.2830647,-0.102140377715
2,20,101.40468641,0,-101.40468641,-1
2,21,0,0,0,
3,5,135.625040471,0,-135.625040471,-1
3,6,112380.486112,84432.6260982,-27947.8600139,-0.248689616683
3,7,153539.662374,142705.516628,-10834.1457463,-0.0705625216232
3,8,214496.43906,216484.256403,1987.81734253,0.00926736756673
3,9,252507.473238,251854.450321,-653.022917288,-0.00258615283308
3,10,192326.263289,173890.408403,-18435.8548859,-0.0958571885641
3,11,142345.693951,116758.425264,-25587.2686863,-0.179754427241
3,12,115859.672808,134607.291445,18747.6186374,0.161813150193
3,13,153151.911345,145225.485549,-7926.42579594,-0.0517553174905
3,14,118210.792476,147897.183731,29686.3912546,0.251130972332
3,15,147816.301996,164507.481365,16691.1793695,0.112918393601
3,16,239856.577376,222767.205688,-17089.3716882,-0.0712482929388
3,17,306268.554778,284873.199821,-21395.3549572,-0.0698581510358
3,18,289026.086341,265202.721515,-23823.3648261,-0.0824263481809
3,19,254799.410957,203145.380022,-51654.0309349,-0.20272429493
3,20,0.27312632048,0,-0.27312632048,-1
3,21,0,0,0,
4,5,3878.05563282,58219.9259367,54341.8703039,14.0126587778
4,6,124962.439706,148984.577522,24022.1378159,0.192234865711
4,7,166819.178164,244705.069524,77885.8913593,0.466888113323
4,8,294770.269864,353320.167762,58549.8978976,0.198628911676
4,9,303026.640903,394669.287909,91642.6470059,0.302424389924
4,10,203885.1313,278639.64143,74754.5101299,0.366650131146
4,11,201453.396037,235357.771712,33904.3756756,0.168298853942
4,12,237523.579106,295899.159988,58375.5808822,0.245767519595
4,13,172886.322587,246751.94769,73865.6251029,0.427249674803
4,14,166806.866471,183983.471716,17176.6052447,0.102973010692
4,15,191053.104659,210518.504836,19465.4001767,0.101884762414
4,16,255069.755939,258226.77978,3157.02384038,0.0123770998594
4,17,359577.74046,377295.691029,17717.9505687,0.0492743253408
4,18,324101.885183,323284.20591,-817.679272844,-0.0025229081046
4,19,233179.9269,255729.350123,22549.4232233,0.096703963858
4,20,1.48570421747,0,-1.48570421747,-1
4,21,764.601506691,0,-764.601506691,-1
6,5,1558.57680206,0,-1558.57680206,-1
6,6,160267.511429,80160.2313976,-80107.2800319,-0.499834803182
6,7,228140.857659,122544.995045,-105595.862614,-0.462853798734
6,8,320527.43586,208712.631103,-111814.804757,-0.348846283492
6,9,352800.377833,346393.282205,-6407.0956288,-0.0181606824464
6,10,316206.195412,374981.48909,58775.2936779,0.185876477219
6,11,248045.591382,333637.182048,85591.5906662,0.345063946468
6,12,250537.943343,462049.024705,211511.081363,0.844227738684
6,13,238247.304237,435486.844961,197239.540724,0.827877324178
6,14,210633.04917,378636.018794,168002.969624,0.797609730693
6,15,257376.37764,320579.106546,63202.7289066,0.245565383607
6,16,359776.979342,401410.111127,41633.1317851,0.115719276595
6,17,339853.995202,396443.583763,56589.5885603,0.166511470688
6,18,286519.851301,412470.487638,125950.636337,0.439587818313
6,19,183991.009086,208289.080297,24298.0712105,0.132061187833
6,20,44.9841841628,0,-44.9841841628,-1
6,21,0,0,0,
7,5,1369.81399709,0,-1369.81399709,-1
7,6,151252.762015,92322.364536,-58930.3974786,-0.389615347804
7,7,160342.119111,208969.028107,48626.9089964,0.303269716442
7,8,187383.369336,240244.546428,52861.177092,0.282101753636
7,9,222492.410923,210129.304143,-12363.1067803,-0.0555664201263
7,10,186510.037544,219834.899406,33324.8618622,0.178675969943
7,11,155755.318806,227668.059556,71912.7407498,0.461703274732
7,12,142879.477241,244680.552341,101801.0751,0.712496133562
7,13,164390.937559,220995.278251,56604.3406922,0.344327622513
7,14,235848.568233,225461.086325,-10387.4819072,-0.0440430144861
7,15,285509.329008,248454.932548,-37054.3964603,-0.129783487597
7,16,399781.871179,294377.719226,-105404.151953,-0.263654156308
7,17,408591.439415,329008.490859,-79582.9485559,-0.194773900965
7,18,300320.543003,317304.044975,16983.5019721,0.0565512495492
7,19,265783.880654,199938.090139,-65845.7905146,-0.247741850833
7,20,838.169447866,0,-838.169447866,-1
7,21,0,0,0,
8,5,17121.189093,0,-17121.189093,-1
8,6,145187.906813,116051.865349,-29136.0414641,-0.200678156354
8,7,199625.941156,158980.281504,-40645.6596522,-0.203609107197
8,8,244003.965103,193400.418593,-50603.5465096,-0.20738821391
8,9,242215.776923,287391.35825,45175.581327,0.186509656394
8,10,216526.707203,172234.903286,-44291.8039169,-0.204555846662
8,11,160667.171683,178222.897962,17555.7262799,0.109267662436
8,12,182021.509953,199339.768198,17318.2582451,0.0951440203392
8,13,179277.232163,154856.084571,-24421.1475917,-0.136220016881
8,14,219195.326108,242908.982594,23713.6564862,0.10818504622
8,15,296648.026195,329199.581495,32551.5553,0.109731238457
8,16,343564.444308,385279.306646,41714.8623378,0.121417867969
8,17,360825.016901,297464.499728,-63360.5171731,-0.175599013941
8,18,260363.848443,292344.218349,31980.3699064,0.12282953297
8,19,259156.145708,167321.162049,-91834.9836588,-0.354361589258
8,20,1602.74589829,0,-1602.74589829,-1
8,21,0,0,0,
9,5,62.1521414191,0,-62.1521414191,-1
9,6,212253.049903,157988.453402,-54264.5965016,-0.255659914081
9,7,363711.299618,250940.502336,-112770.797281,-0.310055798101
9,8,412877.398897,307584.345507,-105293.05339,-0.255022565224
9,9,475442.123323,354358.358357,-121083.764967,-0.254676140432
9,10,443456.945314,383645.472784,-59811.4725307,-0.134875489408
9,11,386881.014855,481887.541919,95006.5270648,0.245570403863
9,12,351490.840129,461437.328143,109946.488015,0.312800435921
9,13,367969.915521,373138.928639,5169.01311751,0.0140473796892
9,14,404580.240378,402358.023912,-2222.21646622,-0.00549264705597
9,15,443999.106859,443975.968821,-23.1380382031,-5.21128034845e-05
9,16,569144.927609,498323.425623,-70821.5019857,-0.124434917277
9,17,636788.969446,511584.204575,-125204.764871,-0.196618928528
9,18,474345.759643,395665.881073,-78679.8785696,-0.165870310781
9,19,354877.075131,282005.249729,-72871.8254018,-0.205343851459
9,20,13277.7205772,0,-13277.7205772,-1
9,21,31888.2359686,0,-31888.2359686,-1
10,5,95.8026832785,0,-95.8026832785,-1
10,6,39473.1287105,5311.69393202,-34161.4347785,-0.86543519337
10,7,213470.844178,19988.8005486,-193482.043629,-0.906362854255
10,8,257618.157562,47024.4325743,-210593.724987,-0.817464603352
10,9,307466.405081,71628.7814475,-235837.623633,-0.767035421549
10,10,322760.752093,102865.071572,-219895.680521,-0.681296220482
10,11,295712.350135,90177.0826641,-205535.26747,-0.695051347625
10,12,245227.433595,110422.92813,-134804.505465,-0.549712173263
10,13,246530.314849,91946.1935303,-154584.121319,-0.627038996861
10,14,271027.799468,94995.46498,-176032.334488,-0.649499183602
10,15,292046.92255,121356.936232,-170689.986318,-0.584460828512
10,16,322301.866651,142154.212222,-180147.654428,-0.558940772824
10,17,370054.281198,123676.269917,-246378.01128,-0.665788841796
10,18,343024.31825,98907.3469306,-244116.97132,-0.711660830827
10,19,253818.744409,98142.1053357,-155676.639073,-0.613337834586
10,20,0.183422434829,0,-0.183422434829,-1
10,21,0,0,0,
11,5,81.7974697131,0,-81.7974697131,-1
11,6,60278.8208547,25121.2045919,-35157.6162629,-0.583249900452
11,7,126013.482657,51002.0671505,-75011.4155062,-0.595264998036
11,8,170074.961936,86808.5774558,-83266.3844803,-0.48958637728
11,9,232242.914279,81399.0671579,-150843.847121,-0.649508931583
11,10,228838.564174,45159.5614843,-183679.00269,-0.802657556224
11,11,189374.243966,58093.0909088,-131281.153057,-0.693236579103
11,12,185491.007663,58602.3424981,-126888.665165,-0.684069091885
11,13,173321.295444,72845.738194,-100475.55725,-0.57970693672
11,14,197735.754391,58110.4096513,-139625.344739,-0.706120879199
11,15,209600.236872,89507.7477507,-120092.489121,-0.572959701351
11,16,257642.337259,104008.920415,-153633.416843,-0.59630501135
11,17,302013.356549,118062.898018,-183950.458531,-0.609080540785
11,18,263746.509708,83959.721555,-179786.788153,-0.681665089529
11,19,200542.705358,88699.4992042,-111843.206154,-0.55770268958
11,20,0,0,0,
11,21,0,0,0,
12,5,298.987984613,0,-298.987984613,-1
12,6,47528.8521557,37529.150017,-9999.70213869,-0.210392249868
12,7,102764.981102,66957.0385586,-35807.9425431,-0.34844498738
12,8,143166.023194,84791.2595678,-58374.7636267,-0.40774174154
12,9,156624.346129,111864.760355,-44759.5857741,-0.285776680831
12,10,145441.109426,107951.463721,-37489.6457053,-0.257765124683
12,11,146895.069731,120367.715871,-26527.3538595,-0.180587094639
12,12,118505.864362,127549.790077,9043.9257152,0.0763162714682
12,13,100505.0261,105999.039304,5494.01320372,0.0546640642454
12,14,89433.3862303,103734.950177,14301.5639465,0.159913031915
12,15,153685.224913,113011.410343,-40673.8145699,-0.264656635619
12,16,177971.645979,145714.433407,-32257.2125722,-0.181249166937
12,17,215424.650171,131779.465862,-83645.184309,-0.388280469494
12,18,188184.230592,138229.566836,-49954.6637561,-0.265456162819
12,19,177946.047759,95966.2009615,-81979.8467973,-0.46070057655
12,20,4824.22638348,0,-4824.22638348,-1
12,21,0,0,0,
13,5,4750.16068417,0,-4750.16068417,-1
13,6,119154.829212,134110.227009,14955.3977971,0.125512309455
13,7,165305.137214,150903.355458,-14401.7817562,-0.0871224088913
13,8,223770.836589,203667.784059,-20103.0525309,-0.0898376787488
13,9,141183.599209,211970.734561,70787.135352,0.501383558349
13,10,171484.155395,235829.099362,64344.9439662,0.375223843963
13,11,174702.307159,260437.268238,85734.9610785,0.490748877176
13,12,156618.905188,248240.044211,91621.1390228,0.584994122599
13,13,197711.949554,274083.081876,76371.1323221,0.386274742089
13,14,170645.366262,205194.129746,34548.7634837,0.202459429403
13,15,197115.113606,256609.323242,59494.2096356,0.301824698001
13,16,396008.096244,303219.958531,-92788.1377135,-0.234308688619
13,17,207506.285928,548224.921018,340718.63509,1.64196777735
13,18,434509.356384,214417.1698,-220092.186584,-0.506530373513
13,19,302534.623491,155593.412477,-146941.211015,-0.485700477251
13,20,4196.49996358,803.529878196,-3392.97008539,-0.808523797172
13,21,0,0,0,
14,5,430.229701228,0,-430.229701228,-1
14,6,130359.385091,259972.520319,129613.135229,0.994275441992
14,7,333342.128134,280144.687582,-53197.4405522,-0.15958811102
14,8,321562.932914,363062.536542,41499.6036275,0.129055930829
14,9,281645.195585,401916.286071,120271.090486,0.427030506364
14,10,311630.394031,443509.754088,131879.360058,0.423191583953
14,11,257895.275826,447633.202781,189737.926955,0.735716954673
14,12,201605.084209,411951.480878,210346.396669,1.04335859135
14,13,185364.580346,422254.535641,236889.955294,1.27796774795
14,14,195190.553995,387125.097554,191934.543558,0.983318811435
14,15,251529.692905,419026.446089,167496.753184,0.665912446554
14,16,264320.322685,439124.607895,174804.28521,0.66133501743
14,17,382602.07347,422188.031408,39585.9579387,0.103465089929
14,18,396902.614045,474015.190614,77112.5765691,0.19428588737
14,19,334773.019756,349572.901314,14799.8815576,0.0442087046572
14,20,9915.80808812,0,-9915.80808812,-1
14,21,0,0,0,
15,5,0.242773950133,0,-0.242773950133,-1
15,6,42401.2681487,28371.0056891,-14030.2624596,-0.33089251978
15,7,85394.3584843,47757.7387572,-37636.6197271,-0.440738948042
15,8,133714.236001,89631.3122856,-44082.923715,-0.32968010762
15,9,154209.455259,98639.677711,-55569.777548,-0.360352596115
15,10,150730.056927,96535.806132,-54194.2507945,-0.359545082776
15,11,168359.960235,136700.39523,-31659.5650046,-0.188046878608
15,12,150679.394181,123394.182977,-27285.2112047,-0.181081237769
15,13,127449.941456,104179.423311,-23270.5181446,-0.182585553817
15,14,119794.275015,79934.1246829,-39860.1503321,-0.332738357714
15,15,144364.792775,106509.640696,-37855.1520784,-0.262218726262
15,16,188445.771844,110241.255977,-78204.5158679,-0.41499745578
15,17,273993.807102,120985.140314,-153008.666788,-0.558438412921
15,18,244117.415777,95896.5028434,-148220.912934,-0.607170580034
15,19,166918.084327,88981.5123778,-77936.5719494,-0.466915087503
15,20,180.151659266,0,-180.151659266,-1
15,21,0,0,0,
16,5,1495.20891118,0,-1495.20891118,-1
16,6,101596.056593,74632.0653613,-26963.991232,-0.265403915626
16,7,108988.458919,98914.0063989,-10074.4525205,-0.0924359571686
16,8,135662.762881,105378.075756,-30284.6871258,-0.223235075584
16,9,106703.666854,126354.543116,19650.8762622,0.184163083065
16,10,99196.5848652,102543.282226,3346.697361,0.0337380300496
16,11,59604.3824765,85157.062605,25552.6801285,0.428704720473
16,12,78638.0175512,89427.6446012,10789.62705,0.137206244332
16,13,111662.293324,85937.9243024,-25724.3690213,-0.230376506299
16,14,130511.55534,104427.192893,-26084.3624466,-0.19986247485
16,15,151492.628212,141575.28702,-9917.34119181,-0.0654641833658
16,16,203123.066183,160292.469985,-42830.5961975,-0.210860327201
16,17,244161.308147,146106.525746,-98054.7824012,-0.401598366036
16,18,226653.3203,105602.980974,-121050.339326,-0.53407706168
16,19,161814.739462,79068.3841944,-82746.3552674,-0.511364759123
16,20,966.838137689,0,-966.838137689,-1
16,21,0,0,0,
17,5,59044.6730693,96807.0032818,37762.3302125,0.639555242658
17,6,262687.762517,16857.4740977,-245830.28842,-0.935826953124
17,7,68786.6205257,6686.21464365,-62100.4058821,-0.902797744786
17,8,85551.586008,3059.67319106,-82491.9128169,-0.964235926722
17,9,268787.694747,27740.2116212,-241047.483126,-0.896795083394
17,10,98318.106206,25563.8138592,-72754.2923467,-0.739988748301
17,11,93625.1412128,23623.5799149,-70001.5612979,-0.747679099771
17,12,81343.7921346,184811.810377,103468.018242,1.27198419851
17,13,55010.2057314,14958.2247956,-40051.9809358,-0.728082733072
17,14,68534.549821,6780.85730445,-61753.6925166,-0.901059285832
17,15,96533.6254956,7536.43947917,-88997.1860164,-0.921929385326
17,16,158579.019561,6467.50964875,-152111.509912,-0.959215855498
17,17,170970.225034,5756.80899884,-165213.416035,-0.966328587345
17,18,160020.522615,3669.1889994,-156351.333616,-0.977070509836
17,19,117998.400106,2763.72945924,-115234.670647,-0.976578246343
17,20,0,0,0,
17,21,0,0,0,
18,5,14572.1975188,0,-14572.1975188,-1
18,6,54062.4324954,24440.3490456,-29622.0834498,-0.547923615023
18,7,114191.540571,41283.7691768,-72907.7713944,-0.638469111019
18,8,118556.999794,63676.5635191,-54880.4362747,-0.462903382931
18,9,141688.720037,74442.5021325,-67246.2179043,-0.474605302997
18,10,132143.621945,89363.3176967,-42780.3042487,-0.323740969249
18,11,132703.825577,110468.245809,-22235.5797682,-0.167557940938
18,12,121800.727198,109147.700874,-12653.0263247,-0.103883011339
18,13,129049.25206,94503.2727898,-34545.9792698,-0.26769608284
18,14,109792.791978,67859.4771451,-41933.3148334,-0.381931400757
18,15,179645.323216,89418.6290544,-90226.6941612,-0.502249056898
18,16,219591.160299,121766.648905,-97824.5113943,-0.445484742013
18,17,254534.069756,130747.464549,-123786.605206,-0.486326271863
18,18,245682.452079,121949.837121,-123732.614959,-0.503628215656
18,19,150423.989302,59410.316703,-91013.6725987,-0.605047592616
18,20,3804.0248656,0,-3804.0248656,-1
18,21,14239.8907088,0,-14239.8907088,-1
19,5,37041.7676234,0,-37041.7676234,-1
19,6,53913.254751,584.947225159,-53328.3075259,-0.989150214954
19,7,42715.5122833,1671.48159219,-41044.0306911,-0.960869447588
19,8,73359.6335612,1803.02172738,-71556.6118338,-0.975422154667
19,9,6346.5893478,1261.04756782,-5085.54177998,-0.801303109637
19,10,27936.5208409,2865.60521644,-25070.9156245,-0.897424406111
19,11,55086.7879042,89767.8276935,34681.0397893,0.629570920882
19,12,41739.8059753,32199.8084581,-9539.99751728,-0.228558741335
19,13,66017.3963754,20690.5528288,-45326.8435467,-0.686589384545
19,14,17978.5827874,8625.47375642,-9353.10903102,-0.520236168868
19,15,4423.91680217,16838.0410896,12414.1242874,2.80613873239
19,16,37121.4130631,41542.7173636,4421.30430052,0.11910387929
19,17,35085.0383819,1255.36405364,-33829.6743283,-0.964219390614
19,18,23273.8961401,1067.36698979,-22206.5291503,-0.954138878022
19,19,50733.4243317,566.966319699,-50166.458012,-0.988824599814
19,20,0,0,0,
19,21,0,0,0,
20,5,16024.529455,0,-16024.529455,-1
20,6,174094.37664,78746.4809714,-95347.8956687,-0.547679353629
20,7,190330.090895,104363.785594,-85966.305301,-0.451669543669
20,8,286265.078146,96035.8353076,-190229.242839,-0.664521303369
20,9,405358.142715,144518.100929,-260840.041786,-0.643480454196
20,10,239065.69524,127528.137434,-111537.557806,-0.466556097452
20,11,138524.70138,151331.156558,12806.4551785,0.0924488921535
20,12,269798.956826,178706.058783,-91092.8980426,-0.337632506494
20,13,216886.520512,141928.422778,-74958.0977344,-0.345609757385
20,14,150688.695672,191509.80855,40821.1128776,0.27089698199
20,15,267323.668365,231271.973362,-36051.6950037,-0.134861590162
20,16,424950.421772,270709.696106,-154240.725666,-0.36296169568
20,17,295757.69786,266878.98131,-28878.7165507,-0.0976431611402
20,18,264198.451656,229849.554186,-34348.8974704,-0.130011728892
20,19,184135.370561,168522.835075,-15612.5354856,-0.0847883567291
20,20,4.93443661392,0,-4.93443661392,-1
20,21,0,0,0,
