device,july,august,relative_change,hours
1,48547.9974577,23643.6348991,-0.512984342563,17
2,291478.702642,317011.145786,0.0875962563043,17
3,158395.366133,150255.978368,-0.0513865270447,17
4,190574.140007,227387.385463,0.193170203754,17
6,220854.590581,263634.945219,0.193703714851,17
7,192297.061616,192905.199814,0.00316249345214,17
8,195764.879626,186764.431093,-0.0459758080766,17
9,349590.986783,312052.569695,-0.107378103289,17
10,222389.959108,71682.1952951,-0.677673418428,17
11,164529.293446,60081.2262374,-0.634829610101,17
12,115835.274836,87732.1320622,-0.242612993439,17
13,180423.366005,200194.355263,0.109581090827,17
14,227004.075928,324793.957575,0.43078469515,17
15,126514.894821,78103.3952343,-0.382654545581,17
16,113074.758127,88553.9673635,-0.21685468242,17
17,108575.995576,25475.4435101,-0.76536762684,17
18,125675.471729,70498.7114424,-0.439041600782,17
19,33692.5611864,12984.7189342,-0.614611698339,17
20,207259.254831,140111.81335,-0.323978012641,17
