date,devices,median_relative,mean_relative
2026-07-01,18,1.13362677844,1.09844402284
2026-07-02,17,1.18163768286,1.18633585667
2026-07-03,16,1.15019490209,1.43191553782
2026-07-05,13,1.18366069086,1.68189399506
2026-07-06,14,1.25690630448,3.6185708633
2026-07-07,11,1.20285268339,1.17459516804
2026-07-08,17,1.00521027637,1.13868695588
2026-07-09,6,0.772798448482,0.783513089095
2026-07-10,16,1.18001934514,1.3803503274
2026-07-11,17,1.43457092256,1.3455573827
2026-07-12,17,1.1864773958,1.20716663868
2026-07-13,16,1.33274961525,1.38176865141
2026-07-14,16,1.10860989062,1.21961363948
2026-07-15,13,0.898241584494,0.932533324199
2026-07-16,15,0.866919737246,0.933923425915
2026-07-17,9,1.03404554801,1.04496126101
2026-07-18,8,0.98015966718,0.99623845778
2026-07-19,6,0.535151513819,0.60947558416
2026-07-20,11,1.11667843537,1.07737403157
2026-07-21,13,1.23465519829,1.48632523663
2026-07-22,14,1.25826937023,1.41093050587
2026-07-23,11,1.25732994285,1.4063555168
2026-07-24,12,1.09416974287,1.20986441956
2026-07-25,13,1.16981335924,1.19921162154
2026-07-26,13,1.07186365637,1.14595063121
2026-07-27,13,0.996881996556,1.09055141867
2026-07-28,12,1.02984023577,1.03744393376
2026-07-29,12,0.943020993922,0.953506475065
2026-07-30,12,0.973994656453,0.994149975152
2026-07-31,12,0.881347913713,0.892793904736
2026-08-01,11,1.02571520443,1.05145486152
2026-08-02,12,0.993302576254,0.930678161153
2026-08-03,12,0.932131361352,0.981613891514
2026-08-04,12,1.04861673055,1.00560643636
2026-08-05,12,1.07692859123,1.08356095659
2026-08-06,12,1.00748664467,1.0247905078
2026-08-07,12,0.967749699136,0.983715250307
2026-08-08,11,0.997174753279,1.00614018129
2026-08-09,10,1.00246886955,0.955207900427
2026-08-11,19,0.822355421404,0.721840242959
2026-08-12,19,0.748014533518,0.71897782219
2026-08-13,19,0.885956113338,0.812003767108
2026-08-14,15,0.796234641778,0.785660241033
2026-08-15,18,0.860499872383,0.759545825428
2026-08-16,13,0.602717368551,0.567515605846
2026-08-17,12,0.950403582664,1.00561462368
2026-08-18,10,0.887713056883,0.949531960456
2026-08-19,10,0.874151486398,0.92707377692
2026-08-20,10,0.893276212132,0.825571133706
2026-08-21,10,0.773704170339,0.828485255657
2026-08-23,6,0.769710469157,0.81190256472
2026-08-24,6,0.866585728596,0.906951946865
2026-08-25,5,0.498863261545,0.513197279798
2026-08-26,5,0.399650171488,0.505591786115
2026-08-27,5,0.278906520587,0.503937115065
2026-08-28,4,0.431369298076,1.28770065255
2026-08-29,6,0.781707656183,0.854123633917
2026-08-30,7,0.696468215232,0.740728008306
2026-08-31,5,0.125751655778,0.317090720789
