hour,equal_device_relative_rate,matched_july_rate,matched_august_rate
5,0.12017791262810211,10481.065449491593,8159.312064131578
6,0.6745015391532155,117030.02303522105,84139.1333456152
7,0.8521480519472877,164423.68324332105,124413.01199634369
8,1.14115629017284,214830.13399461578,166133.64817826526
9,1.2497853089151225,233135.1743686316,193522.95844766946
10,1.1184027549871842,204813.34084061053,179809.0690601863
11,1.177758017547597,177985.22786544208,181793.14784278945
12,1.1592020812875317,169792.9085234316,200296.55160013685
13,1.0600745976762795,164455.5575117,176850.28642460526
14,1.024280811075931,169039.56225774213,167936.7872856984
15,1.235490102745775,210123.8363005405,200388.05448966156
16,1.5752584873591595,282859.25186838943,229891.46507138156
17,1.7361791836373222,302449.8640158631,253092.50366142523
18,1.535124885693764,280181.0551360579,215186.4485157521
19,1.2674961324142788,220674.97316035265,150450.09265714942
20,0.038543201470854424,2521.6390935195,2144.3974692839997
21,0.034420641287754655,3209.8989931363685,1358.527271705263
