video,device,date,hour,window,start_sec,end_sec,filtered_in_flux_sum,filtered_out_flux_sum,flux,balance
ANU-25-summer-13_20260831_170000.mp4,13,2026-08-31,17,38,114,117,10484030.8994,12511693.5649,22995724.4644,-0.0881756375482
ANU-25-summer-13_20260831_170000.mp4,13,2026-08-31,17,39,117,120,9601540.15649,12173895.5444,21775435.7009,-0.118131063978
ANU-25-summer-13_20260831_170000.mp4,13,2026-08-31,17,37,111,114,10359051.1089,9154205.83789,19513256.9468,0.0617449600691
ANU-25-summer-13_20260831_170000.mp4,13,2026-08-31,17,36,108,111,9084151.02637,7965386.04297,17049537.0693,0.0656184962001
ANU-25-summer-14_20260719_070000.mp4,14,2026-07-19,7,4,12,15,8328948.88037,7567919.9375,15896868.8179,0.0478728831187
ANU-25-summer-14_20260719_070000.mp4,14,2026-07-19,7,12,36,39,7835920.39673,7980676.64062,15816597.0374,-0.00915217372957
ANU-25-summer-14_20260719_070000.mp4,14,2026-07-19,7,7,21,24,7429555.65625,8229242.30664,15658797.9629,-0.0510694787867
ANU-25-summer-14_20260719_070000.mp4,14,2026-07-19,7,11,33,36,7309310.60889,7557389.33887,14866699.9478,-0.0166868727325
ANU-25-summer-14_20260719_070000.mp4,14,2026-07-19,7,6,18,21,7463983.7627,7337419.51489,14801403.2776,0.00855082760932
ANU-25-summer-14_20260719_070000.mp4,14,2026-07-19,7,9,27,30,7573975.78516,6895477.57812,14469453.3633,0.0468917650167
ANU-25-summer-14_20260719_070000.mp4,14,2026-07-19,7,5,15,18,7434372.69702,6941411.43555,14375784.1326,0.0342910867977
ANU-25-summer-13_20260831_170000.mp4,13,2026-08-31,17,1,3,6,8068771.23145,6277832.59021,14346603.8217,0.124833630558
ANU-25-summer-14_20260719_070000.mp4,14,2026-07-19,7,3,9,12,7213774.52832,7075625.32715,14289399.8555,0.00966794984878
ANU-25-summer-14_20260719_070000.mp4,14,2026-07-19,7,10,30,33,7116315.11426,6977978.12109,14094293.2354,0.009815106785
ANU-25-summer-14_20260719_070000.mp4,14,2026-07-19,7,8,24,27,7571616.82227,6497790.33008,14069407.1523,0.0763235067804
ANU-25-summer-14_20260719_070000.mp4,14,2026-07-19,7,1,3,6,7075433.89648,6913649.5918,13989083.4883,0.0115650396127
ANU-25-summer-14_20260719_070000.mp4,14,2026-07-19,7,15,45,48,7375718.2168,6515027.34326,13890745.5601,0.0619614598665
ANU-25-summer-13_20260831_170000.mp4,13,2026-08-31,17,0,0,3,8324007.82373,5528604.64871,13852612.4724,0.201796100236
ANU-25-summer-14_20260719_070000.mp4,14,2026-07-19,7,0,0,3,7107827.0166,6667057.72705,13774884.7437,0.031998038296
ANU-25-summer-13_20260831_170000.mp4,13,2026-08-31,17,31,93,96,7245390.52344,6376975.17969,13622365.7031,0.0637492314239
ANU-25-summer-14_20260719_070000.mp4,14,2026-07-19,7,27,81,84,6601224.80518,6901681.02124,13502905.8264,-0.0222512265083
ANU-25-summer-14_20260719_070000.mp4,14,2026-07-19,7,29,87,90,6215160.73975,7177342.75781,13392503.4976,-0.0718448211152
ANU-25-summer-14_20260719_070000.mp4,14,2026-07-19,7,2,6,9,6955784.58887,6390735.61572,13346520.2046,0.0423368012398
ANU-25-summer-14_20260719_070000.mp4,14,2026-07-19,7,14,42,45,6613193.98486,6729683.34473,13342877.3296,-0.00873045273413
ANU-25-summer-13_20260831_170000.mp4,13,2026-08-31,17,3,9,12,7615904.20312,5673151.04284,13289055.246,0.146191969582
ANU-25-summer-14_20260719_070000.mp4,14,2026-07-19,7,26,78,81,6447246.5835,6786142.97949,13233389.563,-0.0256091906297
ANU-25-summer-14_20260719_070000.mp4,14,2026-07-19,7,13,39,42,6123361.39209,7024578.54614,13147939.9382,-0.0685443619523
ANU-25-summer-13_20260831_170000.mp4,13,2026-08-31,17,34,102,105,7394580.11401,5628221.49487,13022801.6089,0.135635838753
ANU-25-summer-14_20260719_070000.mp4,14,2026-07-19,7,28,84,87,6229883.74152,6715877.8667,12945761.6082,-0.0375407905607
ANU-25-summer-13_20260831_170000.mp4,13,2026-08-31,17,7,21,24,7140076.50977,5772455.18286,12912531.6926,0.105914266811
