hour,n,mean_flux,median_flux,p90_flux,zero_fraction
5,32720,24616.5578646,0,227.610571289,0.898502444988
6,32000,285593.692673,172767.512473,715009.388106,0.19434375
7,31680,422305.151354,306696.371117,960133.309937,0.0788825757576
8,31080,554797.366201,418129.210133,1292599.77871,0.0603281853282
9,31360,608128.566513,475029.659309,1334969.32229,0.0430484693878
10,31480,560820.973744,439486.080629,1233102.60527,0.0406925031766
11,31920,529850.178258,413721.19267,1140315.24223,0.0441102756892
12,32680,519951.258949,416862.794655,1128454.63511,0.0476438188494
13,32560,482868.188886,375366.460036,1054088.55461,0.0529791154791
14,32200,475527.539649,356318.022678,1109588.555,0.0842546583851
15,32600,574773.66009,450021.448261,1265055.2137,0.0737423312883
16,32720,713203.234021,586804.091805,1494547.68946,0.0506112469438
17,33000,808335.533497,671796.064364,1617678.1151,0.0426060606061
18,32560,719369.438239,611976.576113,1477065.79125,0.0433968058968
19,32480,550274.590101,474520.952156,1116856.83502,0.0611761083744
20,32240,9449.44553327,0,0,0.90452853598
21,32240,10006.2286278,0,0,0.993703473945
