experiment,device,roi_width,roi_height,roi_pixels,videos,segments,measured_pairs,flow_ms_mean,flow_ms_mean_sd,flow_ms_mean_ci95_low,flow_ms_mean_ci95_high,flow_ms_p95_mean,flow_ms_p95_sd,flow_ms_p95_ci95_low,flow_ms_p95_ci95_high,flow_only_fps,flow_mpix_per_sec,temperature_max_c,frequency_min_mhz,scale
native,ANU-25-summer-1,1229,252,309708,1,3,1653,207.15551018753777,0.2998234230741128,206.84896119056262,207.44812193647917,212.42014633333335,0.48287289671955513,211.98649,212.94049200000003,4.827291338254534,1.4950528338696714,43.816,1200.0,
native,ANU-25-summer-14,1602,273,437346,3,9,4959,313.6468913462392,0.8239209227165626,313.14056630513716,314.1262798739665,324.92960377777774,0.8281656830274126,324.40288324305556,325.42525096944445,3.18829877671603,1.3943982775535433,42.842,1100.0,
native,ANU-25-summer-16,773,245,189385,3,9,4959,114.94532723230492,0.5176280921911981,114.67283250291389,115.30183244594171,118.96656344444445,2.067987057527631,117.94487372222223,120.39592911388888,8.699788186943836,1.6476389039198807,44.79,1800.0,
native,ANU-25-summer-6,1236,260,321360,2,6,3306,230.7455985217786,1.0462244505435725,229.89336890108893,231.3712461614943,236.70227891666664,1.118962509544328,235.86123741666665,237.48123216666667,4.333777139873012,1.3927265993823335,44.303,1800.0,
controlled,,561,96,53856,3,9,4959,29.541987933252667,0.10789056047826072,29.480843019746924,29.611309619000803,30.402945666666668,0.2613907199396383,30.2454141625,30.570501944444445,33.850125531816126,1.823053913467386,44.303,1800.0,0.35
controlled,,801,136,108936,3,9,4959,65.23128868199234,0.18180221929935025,65.12498970098306,65.34758686892519,67.37756255555557,0.39212861469241417,67.14856456249998,67.62346804861112,15.33006660155188,1.6700076487676554,44.79,1800.0,0.5
controlled,,1041,177,184257,3,9,4959,110.42814449647106,0.5365523426795111,110.12712657702662,110.77303238086309,113.96188988888889,1.1924835739218733,113.28971090972223,114.75322133333333,9.055662436055483,1.6686041126648048,45.277,1800.0,0.65
controlled,,1282,218,279476,3,9,4959,189.1489350681589,0.6083264182724638,188.7680153449032,189.48881438241077,194.6616712222222,1.1225518816194295,193.967345175,195.3450078152778,5.2868391759100035,1.4775582758887171,44.79,1800.0,0.8
controlled,,1602,273,437346,3,9,4959,312.59916012563025,1.5868478219747644,311.6204657014318,313.6150914505697,323.5590017777778,2.4513306580544447,321.97801300000003,325.0042961902777,3.1989849224102547,1.3990953348127717,44.303,1800.0,1.0
