experiment,video,device,segment,scale,native_roi_width,native_roi_height,native_roi_pixels,roi_width,roi_height,roi_pixels,roi_aspect_ratio,effective_pyramid_pixels,processed_pairs,pipeline_fps,flow_only_fps,flow_mpix_per_sec,flow_deadline_miss_24fps_pct,flow_deadline_miss_headroom_pct,flow_checksum_mean,decode_ms_mean,decode_ms_median,decode_ms_p95,decode_ms_p99,decode_ms_max,resize_ms_mean,resize_ms_median,resize_ms_p95,resize_ms_p99,resize_ms_max,preprocess_ms_mean,preprocess_ms_median,preprocess_ms_p95,preprocess_ms_p99,preprocess_ms_max,flow_ms_mean,flow_ms_median,flow_ms_p95,flow_ms_p99,flow_ms_max,wall_time_sec,process_cpu_time_sec,process_cpu_percent_one_core,system_cpu_percent,temperature_start_c,temperature_end_c,temperature_max_c,frequency_mean_mhz,frequency_min_mhz,rss_max_mib,source_frames,segment_start_frame,segment_end_frame,yaml_start,yaml_end,yaml_roi,yaml_entrance
controlled,ANU-25-summer-14_20260816_140000.mp4,ANU-25-summer-14,1,1.0,1602,273,437346,1602,273,437346,5.868131868131868,580850.15625,551,3.0246719878035413,3.2135204845952723,1.405420329855804,100.0,100.0,0.9038013115984991,12.134794778584393,11.679007,15.708451,16.733859,24.540796,1.5070543702359347,0.013982,3.2424425,4.2703865,9.445955,1.7219898257713249,1.621997,2.4562644999999996,5.0840625,8.454977,311.18519542468243,314.757349,322.232898,336.80539999999996,539.372961,182.16851355182007,220.936729739,121.28151316124773,33.21586388227358,37.485,40.894,40.894,1800.0,1800.0,230.54296875,600,0,599,2026-08-11 00:00:00,2026-08-31 23:59:59,"[0, 959, 1602, 1232]","[10, 1048, 1480, 1138]"
controlled,ANU-25-summer-14_20260816_140000.mp4,ANU-25-summer-14,3,0.5,1602,273,437346,801,136,108936,5.889705882352941,144680.625,551,12.065684022831528,15.362932390631673,1.673576402905852,100.0,100.0,0.5421459755966754,12.12047944646098,11.651982,15.236881,16.6464925,22.801606,3.7967958185117965,3.235758,6.821209,7.153140499999999,14.004954,0.4972195970961887,0.432441,0.5421914999999999,2.7701675,5.9255,65.09173994736842,64.824024,67.3973535,69.184363,70.15623,45.66670227376744,74.97706555299999,164.1832272090062,43.78655777508001,41.381,40.894,42.355,1800.0,1800.0,225.39453125,600,2280,2879,2026-08-11 00:00:00,2026-08-31 23:59:59,"[0, 959, 1602, 1232]","[10, 1048, 1480, 1138]"
native,ANU-25-summer-16_20260817_140000.mp4,ANU-25-summer-16,2,1.0,773,245,189385,773,245,189385,3.1551020408163266,251526.953125,551,7.621078048734231,8.610275456014948,1.6306570172373909,100.0,100.0,1.0538853883959638,11.846721513611614,11.110068,15.487435999999999,20.0663625,22.630947,0.05263369509981851,0.0105,0.0142495,2.4800104999999997,2.882701,1.0357108493647913,0.811532,2.565667,4.927197,8.830644,116.14030295644282,114.399267,124.03603050000001,138.291319,224.351009,72.29948262916878,100.66717735200001,139.23637305723466,40.895998889544366,40.407,41.868,43.329,1800.0,1800.0,232.78515625,600,1140,1739,2026-08-11 00:00:00,2026-08-31 23:59:59,"[807, 987, 1580, 1232]","[935, 1077, 1449, 1163]"
controlled,ANU-25-summer-14_20260816_140000.mp4,ANU-25-summer-14,1,0.65,1602,273,437346,1041,177,184257,5.88135593220339,244716.328125,551,7.580045194556206,9.09336031953141,1.675515292395899,100.0,100.0,0.5913486588888289,12.15435988384755,11.744242,15.3731475,17.1234975,18.517003,7.078607765880218,6.945611,7.9235875,9.549963,12.425846,0.6804873393829401,0.67805,0.772022,0.8745115,1.698357,109.97034812885663,109.508501,113.348513,116.385771,122.153138,72.69085946818814,104.54563609299998,143.82225888903204,38.24067363771267,40.407,42.842,43.329,1800.0,1800.0,230.94140625,600,0,599,2026-08-11 00:00:00,2026-08-31 23:59:59,"[0, 959, 1602, 1232]","[10, 1048, 1480, 1138]"
native,ANU-25-summer-16_20260817_160000.mp4,ANU-25-summer-16,1,1.0,773,245,189385,773,245,189385,3.1551020408163266,251526.953125,551,7.685401555776925,8.677773756191884,1.6434401828164003,100.0,100.0,1.0997609331690033,11.754351916515425,11.330976,14.9014125,19.0540945,21.869667,0.06398162068965517,0.010556,0.013323999999999999,2.4404515,2.61559,0.9978049945553538,0.793901,1.4098585,4.928190000000001,4.969661,115.23692920508168,114.422895,120.05693,129.1194825,135.821732,71.69436704134569,102.01603689800004,142.29295983486128,38.293921877736906,39.92,41.381,42.355,1800.0,1800.0,237.09375,600,0,599,2026-08-11 00:00:00,2026-08-31 23:59:59,"[807, 987, 1580, 1232]","[935, 1077, 1449, 1163]"
controlled,ANU-25-summer-14_20260816_140000.mp4,ANU-25-summer-14,1,0.5,1602,273,437346,801,136,108936,5.889705882352941,144680.625,551,12.112763251504568,15.284194636850108,1.6649990269599033,100.0,100.0,0.44341343733230215,11.855603459165154,11.692006,13.628314,15.4972335,17.655176,3.44393624137931,3.222583,5.9246605,7.108954499999999,8.380407,0.4675214337568058,0.432107,0.520986,0.761984,5.681245,65.4270652631579,65.213188,67.424172,69.9274495,75.976751,45.48920742189512,75.68324409399997,166.37626457648875,43.835313622547666,40.894,41.381,42.355,1800.0,1800.0,231.19140625,600,0,599,2026-08-11 00:00:00,2026-08-31 23:59:59,"[0, 959, 1602, 1232]","[10, 1048, 1480, 1138]"
controlled,ANU-25-summer-14_20260817_140000.mp4,ANU-25-summer-14,1,0.5,1602,273,437346,801,136,108936,5.889705882352941,144680.625,551,12.035535866831252,15.255118326098685,1.6618315699718864,100.0,100.0,0.6864676033087521,12.105942219600726,11.771873,15.108536,17.2939965,19.276712,3.570984718693285,3.205656,6.1121015,7.1814715,9.172194,0.4845327912885663,0.429255,0.5615045000000001,0.8119365000000001,5.709263,65.55176948638838,65.129785,67.8128615,70.7947485,122.486858,45.781094094738364,77.5805045410001,169.45969963159192,45.14445787103153,41.868,42.355,43.329,1800.0,1800.0,231.74609375,600,0,599,2026-08-11 00:00:00,2026-08-31 23:59:59,"[0, 959, 1602, 1232]","[10, 1048, 1480, 1138]"
controlled,ANU-25-summer-14_20260817_160000.mp4,ANU-25-summer-14,2,0.5,1602,273,437346,801,136,108936,5.889705882352941,144680.625,551,12.069031450362676,15.344785313762543,1.6715995329400364,100.0,100.0,0.5932811853998153,12.383975582577134,11.444521,14.423224,16.4922135,365.48929,3.4810410108892924,3.208321,5.999905999999999,7.09471,8.824879,0.44388422504537206,0.439551,0.525513,0.6325215,0.938899,65.16871885480944,64.942501,67.0802795,69.345326,71.379294,45.65403630491346,77.51648814400005,169.79109497851218,44.790346575568904,41.381,40.894,43.816,1800.0,1800.0,232.1015625,600,1140,1739,2026-08-11 00:00:00,2026-08-31 23:59:59,"[0, 959, 1602, 1232]","[10, 1048, 1480, 1138]"
controlled,ANU-25-summer-14_20260816_140000.mp4,ANU-25-summer-14,2,0.35,1602,273,437346,561,96,53856,5.84375,71527.5,551,19.943430948877634,33.96030610502929,1.8289662455924574,0.0,0.18148820326678766,0.352789616628048,12.66764908892922,11.811163,15.480191999999999,16.6517645,19.625496,6.936031718693285,6.773231,7.0088665,10.8649865,21.217349,0.3061228039927405,0.301349,0.342302,0.42140350000000004,0.532958,29.446142119782213,29.318365,30.3666485,31.804662999999998,34.643479,27.62814489705488,52.43829868399996,189.80028836315321,49.36778957083526,41.868,42.355,43.816,1800.0,1800.0,231.3671875,600,1140,1739,2026-08-11 00:00:00,2026-08-31 23:59:59,"[0, 959, 1602, 1232]","[10, 1048, 1480, 1138]"
native,ANU-25-summer-6_20260716_130000.mp4,ANU-25-summer-6,2,1.0,1236,260,321360,1236,260,321360,4.753846153846154,426806.25,551,4.02935482708015,4.342996050406656,1.3956652107586829,100.0,100.0,0.8604712717762444,13.575216960072595,14.764942,16.613352,21.078618,25.387171,0.019419181488203267,0.01087,0.013444,0.0157225,4.46303,1.193141110707804,1.127599,1.3883095,3.783174,6.944021,230.25579309618877,229.418692,235.95244200000002,239.59150899999997,383.264605,136.7464578440413,171.514841424,125.42543633533228,33.85086898273046,40.407,39.433,41.868,1800.0,1800.0,249.46875,600,1140,1739,2026-07-01 00:00:00,2026-08-31 23:59:59,"[355, 970, 1591, 1230]","[487, 1053, 1469, 1155]"
native,ANU-25-summer-16_20260816_140000.mp4,ANU-25-summer-16,3,1.0,773,245,189385,773,245,189385,3.1551020408163266,251526.953125,551,7.742226048003207,8.727733281702742,1.6529017675552737,100.0,100.0,1.0613541927614576,11.483553156079854,11.242435,14.230457999999999,15.895959999999999,21.042462,0.016353990925589836,0.010741,0.012528000000000001,0.014463,2.976931,1.0060291125226861,0.812046,1.3075975,4.925725,4.958835,114.577286876588,114.12545,118.210904,120.08155099999999,129.135078,71.16816230677068,100.250203607,140.86383624024327,38.07392790443638,40.407,39.433,41.868,1800.0,1800.0,239.41015625,600,2280,2879,2026-08-11 00:00:00,2026-08-31 23:59:59,"[807, 987, 1580, 1232]","[935, 1077, 1449, 1163]"
native,ANU-25-summer-14_20260816_140000.mp4,ANU-25-summer-14,1,1.0,1602,273,437346,1602,273,437346,5.868131868131868,580850.15625,551,3.0122240192014766,3.19734236829928,1.3983448954062168,100.0,100.0,0.9038013115984991,11.901090658802179,11.61337,14.688872,16.17058,18.948748,1.5786815444646098,0.016574,3.3486935,3.4395550000000004,7.189196,1.7786222431941923,1.629149,2.5103334999999998,5.2107375,8.541239,312.75975007078046,313.060284,324.4992535,326.349517,387.165816,182.92132208216935,221.91188055299995,121.31548035352368,32.8735758257126,39.433,39.92,41.381,1800.0,1800.0,264.96484375,600,0,599,2026-08-11 00:00:00,2026-08-31 23:59:59,"[0, 959, 1602, 1232]","[10, 1048, 1480, 1138]"
controlled,ANU-25-summer-14_20260816_140000.mp4,ANU-25-summer-14,2,0.5,1602,273,437346,801,136,108936,5.889705882352941,144680.625,551,12.029469703851824,15.382218044351253,1.675677304879448,100.0,100.0,0.529870035806282,12.088394272232307,11.711143,15.2389835,16.831891,20.601357,4.1684337840290375,3.234815,6.949142999999999,7.152279,10.010978,0.4774995099818511,0.434439,0.519068,0.8001945,5.752712,65.01013034119782,64.762893,67.30851150000001,69.5734215,71.60661,45.80418036412448,75.34167025400006,164.4864500468399,43.76819555067289,40.894,41.381,42.355,1800.0,1800.0,234.34765625,600,1140,1739,2026-08-11 00:00:00,2026-08-31 23:59:59,"[0, 959, 1602, 1232]","[10, 1048, 1480, 1138]"
controlled,ANU-25-summer-14_20260817_160000.mp4,ANU-25-summer-14,1,0.5,1602,273,437346,801,136,108936,5.889705882352941,144680.625,551,12.15980831290566,15.3666417263673,1.673980483103548,100.0,100.0,0.593271646006354,11.683249575317603,11.389073,14.417159,16.225545,19.145761,3.626232092558984,3.214389,6.090911,7.151946000000001,10.173457,0.4719065099818512,0.438162,0.5303455,0.7195845,6.023635,65.07602752813068,64.827346,66.92370149999999,68.889282,70.905074,45.31321430578828,77.00685743899999,169.94348915381,45.087057779749365,40.407,41.381,42.355,1800.0,1800.0,234.9921875,600,0,599,2026-08-11 00:00:00,2026-08-31 23:59:59,"[0, 959, 1602, 1232]","[10, 1048, 1480, 1138]"
native,ANU-25-summer-14_20260816_140000.mp4,ANU-25-summer-14,2,1.0,1602,273,437346,1602,273,437346,5.868131868131868,580850.15625,551,3.010573219732533,3.195825911022725,1.3976816788821447,100.0,100.0,1.056391688635042,12.010319638838476,11.65605,15.2287205,16.5433335,21.500787,1.6266308457350271,0.04874,3.3750165,3.663086,7.012621,1.6915599709618874,1.597833,2.1646875000000003,5.235901999999999,6.858957,312.90815827949183,317.205213,325.924437,330.808495,333.750139,183.02162405103445,222.3084956780001,121.46569938424913,32.37117077585498,40.894,38.946,41.868,1800.0,1800.0,260.58984375,600,1140,1739,2026-08-11 00:00:00,2026-08-31 23:59:59,"[0, 959, 1602, 1232]","[10, 1048, 1480, 1138]"
native,ANU-25-summer-16_20260816_140000.mp4,ANU-25-summer-16,1,1.0,773,245,189385,773,245,189385,3.1551020408163266,251526.953125,551,7.7161646476769326,8.683849337507917,1.644590806783937,100.0,100.0,1.0739308757920447,11.371315392014518,11.032257,14.362384500000001,16.166233,25.910544,0.015912985480943737,0.010629,0.0124445,0.017055,2.669486,0.9658840526315788,0.802157,1.0559875,4.7553045,4.969274,115.15630466787658,114.166544,118.5376065,128.3541115,214.362336,71.40853327512741,99.633465032,139.5259928503583,37.86813804737471,40.407,40.407,41.868,1800.0,1800.0,241.36328125,600,0,599,2026-08-11 00:00:00,2026-08-31 23:59:59,"[807, 987, 1580, 1232]","[935, 1077, 1449, 1163]"
native,ANU-25-summer-14_20260817_140000.mp4,ANU-25-summer-14,3,1.0,1602,273,437346,1602,273,437346,5.868131868131868,580850.15625,551,3.0164636817644426,3.202117130665643,1.4004331186280965,100.0,100.0,1.5380782282720245,12.041135967332124,11.67797,15.291973,16.912398,20.135665,1.529304110707804,0.04561,3.2444145,3.5785215,8.2349,1.5863419528130671,1.565981,2.033244,4.1936255,5.155456,312.2933856551725,316.222929,323.4206295,331.5855695,345.924585,182.66422477783635,224.2590317160002,122.7711841159664,33.17071830037516,40.407,39.433,41.868,1800.0,1800.0,264.30078125,600,2280,2879,2026-08-11 00:00:00,2026-08-31 23:59:59,"[0, 959, 1602, 1232]","[10, 1048, 1480, 1138]"
controlled,ANU-25-summer-14_20260816_140000.mp4,ANU-25-summer-14,1,0.35,1602,273,437346,561,96,53856,5.84375,71527.5,551,20.13625561508068,33.71096912807116,1.8155379533614007,0.0,0.7259528130671506,0.2934496137440313,12.016775836660615,11.457953,15.1278905,16.731908,20.680156,6.878947809437387,6.791825,7.066414,10.205228000000002,14.847839,0.30811729219600725,0.300218,0.364384,0.4440225,0.61553,29.66393508892922,29.442087,30.82707,32.481763,35.069537,27.36357794282958,51.75191209100012,189.12699281915843,49.90257028857753,41.381,41.381,42.355,1800.0,1800.0,239.76953125,600,0,599,2026-08-11 00:00:00,2026-08-31 23:59:59,"[0, 959, 1602, 1232]","[10, 1048, 1480, 1138]"
controlled,ANU-25-summer-14_20260817_140000.mp4,ANU-25-summer-14,3,0.5,1602,273,437346,801,136,108936,5.889705882352941,144680.625,551,12.126004116947438,15.295411079370595,1.666220901342315,100.0,100.0,0.7351667453719137,11.671210197822141,11.398806,14.502499499999999,16.1172665,18.615051,3.6032494736842104,3.186424,6.128045999999999,7.140895,8.878428,0.4456531288566243,0.431791,0.5188364999999999,0.6363905000000001,4.952773,65.37908623774955,65.134078,67.4443095,69.631273,73.099887,45.43953594984487,77.21073394399991,169.91972371642038,45.47967929223113,40.894,41.868,43.329,1800.0,1800.0,241.55859375,600,2280,2879,2026-08-11 00:00:00,2026-08-31 23:59:59,"[0, 959, 1602, 1232]","[10, 1048, 1480, 1138]"
controlled,ANU-25-summer-14_20260817_160000.mp4,ANU-25-summer-14,3,0.65,1602,273,437346,1041,177,184257,5.88135593220339,244716.328125,551,7.58579906290961,9.069903947122812,1.671193291585008,100.0,100.0,0.9703415976245693,11.706412263157896,11.393916,14.733876500000001,16.779331499999998,19.38319,7.10078787477314,6.911138,8.5399055,9.7469275,13.560964,0.7186606225045371,0.67127,0.8232865,1.5871840000000002,5.519488,110.25475085843921,109.853213,113.69701,116.525329,120.597489,72.63572307024151,106.10497958299993,146.0782313413365,38.93227366966137,42.355,39.92,42.842,1800.0,1800.0,245.6640625,600,2280,2879,2026-08-11 00:00:00,2026-08-31 23:59:59,"[0, 959, 1602, 1232]","[10, 1048, 1480, 1138]"
native,ANU-25-summer-16_20260817_160000.mp4,ANU-25-summer-16,2,1.0,773,245,189385,773,245,189385,3.1551020408163266,251526.953125,551,7.692439933117321,8.70346916648423,1.6483065080946158,100.0,100.0,1.0216887082681465,11.97005834845735,11.341861,15.292202,18.150267999999997,34.799944,0.011259764065335754,0.010907,0.0126665,0.018139,0.059481,1.0210562831215972,0.789342,2.0472245,4.8983194999999995,8.892762,114.89671312341197,114.21199,118.88767200000001,123.880696,163.10239,71.62876860797405,101.72646892500006,142.01901121845532,38.4062291747045,40.894,40.407,43.329,1800.0,1800.0,245.40234375,600,1140,1739,2026-08-11 00:00:00,2026-08-31 23:59:59,"[807, 987, 1580, 1232]","[935, 1077, 1449, 1163]"
controlled,ANU-25-summer-14_20260816_140000.mp4,ANU-25-summer-14,2,0.8,1602,273,437346,1282,218,279476,5.8807339449541285,371179.0625,551,4.642873310461239,5.312557867925418,1.484732422696324,100.0,100.0,0.8601792371424486,14.081085343012706,15.316923,18.3457375,21.727186500000002,27.04726,7.432830992740472,6.761324,12.026194499999999,17.870196999999997,18.814769,0.9078326406533574,0.889841,1.0625795,1.179652,1.521333,188.23324373321233,189.613578,193.8524215,198.223411,202.713122,118.67650981526822,153.41699393499994,129.27326070998274,34.33514519574459,39.433,38.459,42.355,1800.0,1800.0,257.24609375,600,1140,1739,2026-08-11 00:00:00,2026-08-31 23:59:59,"[0, 959, 1602, 1232]","[10, 1048, 1480, 1138]"
controlled,ANU-25-summer-14_20260817_160000.mp4,ANU-25-summer-14,1,0.35,1602,273,437346,561,96,53856,5.84375,71527.5,551,20.190997782779366,33.873216200356225,1.824275931686385,0.0,0.3629764065335753,0.38282637744330666,12.031638259528131,11.43847,15.230728500000001,17.298175999999998,21.749973,6.895525050816697,6.784231,6.9876635,10.824283000000001,18.873694,0.30355996914700545,0.296588,0.34147700000000003,0.4245875,0.767027,29.521849773139746,29.406156,30.3187655,32.06091,37.71148,27.289389356970787,53.789180767999824,197.10657524940163,51.081005845782684,40.894,41.868,43.329,1800.0,1800.0,241.890625,600,0,599,2026-08-11 00:00:00,2026-08-31 23:59:59,"[0, 959, 1602, 1232]","[10, 1048, 1480, 1138]"
native,ANU-25-summer-14_20260817_140000.mp4,ANU-25-summer-14,1,1.0,1602,273,437346,1602,273,437346,5.868131868131868,580850.15625,551,2.998160290862489,3.1808533038814573,1.3911334690393398,100.0,100.0,1.4677314981142102,11.964032274047186,11.473062,15.22213,17.448996,22.950719,1.5861497368421054,0.015241,3.319718,3.7418769999999997,6.968908,1.6754371016333938,1.603501,2.1726859999999997,5.2705649999999995,5.526553,314.3810495063521,318.710266,324.738207,334.7655065,494.449892,183.7793668601662,224.28584822999983,122.04082104638773,32.75765560364247,39.92,38.946,41.868,1800.0,1800.0,268.85546875,600,0,599,2026-08-11 00:00:00,2026-08-31 23:59:59,"[0, 959, 1602, 1232]","[10, 1048, 1480, 1138]"
native,ANU-25-summer-14_20260817_160000.mp4,ANU-25-summer-14,3,1.0,1602,273,437346,1602,273,437346,5.868131868131868,580850.15625,551,3.0006009553515374,3.183522166934952,1.3923006856203333,100.0,100.0,1.5119192660828467,12.147026352087114,11.716908,15.677995,17.6378515,23.055004,1.5711777223230492,0.023796,3.2788994999999996,3.399787,7.031256,1.4879349038112522,1.401707,1.998802,2.556259,5.236924,314.1174923756806,318.336439,325.1334405,334.174569,339.833814,183.62988221319392,224.26744755799973,122.13014834787384,32.825656772432616,39.92,39.433,41.381,1798.0926430517711,1100.0,269.26953125,600,2280,2879,2026-08-11 00:00:00,2026-08-31 23:59:59,"[0, 959, 1602, 1232]","[10, 1048, 1480, 1138]"
controlled,ANU-25-summer-14_20260816_140000.mp4,ANU-25-summer-14,3,0.65,1602,273,437346,1041,177,184257,5.88135593220339,244716.328125,551,7.565873837213042,9.09099354010442,1.6750791967190202,100.0,100.0,0.7133397542197129,12.361791618874772,11.713591,16.3128535,18.5789945,21.059968,7.059990332123411,6.925515,8.087798,8.9106405,10.98934,0.6922423974591652,0.677141,0.7717784999999999,0.9443505,5.210756,109.99897817422867,109.627956,113.5312155,115.92448300000001,118.616313,72.82701401785016,104.26949581200006,143.17420152148932,38.01647196664254,39.92,39.92,41.381,1800.0,1800.0,247.8984375,600,2280,2879,2026-08-11 00:00:00,2026-08-31 23:59:59,"[0, 959, 1602, 1232]","[10, 1048, 1480, 1138]"
controlled,ANU-25-summer-14_20260816_140000.mp4,ANU-25-summer-14,1,0.8,1602,273,437346,1282,218,279476,5.8807339449541285,371179.0625,551,4.600657478419139,5.267369114684069,1.4721032506954448,100.0,100.0,0.7301671982027874,14.511280736842105,15.614506,19.280324999999998,22.704213000000003,29.318389,7.08283758076225,6.74722,9.7452225,14.933598499999999,17.703205,0.9240866569872959,0.889823,1.0918855,1.381688,5.05972,189.84809650272229,190.393555,196.54681599999998,234.0612255,368.044971,119.76549060316756,154.28303467500018,128.82094324332832,36.0257566541519,41.868,39.433,42.355,1800.0,1800.0,259.92578125,600,0,599,2026-08-11 00:00:00,2026-08-31 23:59:59,"[0, 959, 1602, 1232]","[10, 1048, 1480, 1138]"
controlled,ANU-25-summer-14_20260817_160000.mp4,ANU-25-summer-14,3,1.0,1602,273,437346,1602,273,437346,5.868131868131868,580850.15625,551,3.0258745278531247,3.210440721353269,1.4040734077209664,100.0,100.0,1.5119192660828467,11.885131540834845,11.644902,14.895457,15.777687499999999,16.943619,1.481660735027223,0.017963,3.1443525,3.3872665,3.623179,1.5460688130671507,1.403724,1.936385,5.117913,7.516042,311.4837141669692,315.810312,322.71199,330.66089550000004,335.592751,182.0961163220927,223.5186530709998,122.74762229175643,32.78699814062392,39.433,39.433,41.381,1800.0,1800.0,270.51953125,600,2280,2879,2026-08-11 00:00:00,2026-08-31 23:59:59,"[0, 959, 1602, 1232]","[10, 1048, 1480, 1138]"
controlled,ANU-25-summer-14_20260817_160000.mp4,ANU-25-summer-14,2,1.0,1602,273,437346,1602,273,437346,5.868131868131868,580850.15625,551,3.0282553911107613,3.215204523615869,1.4061568375853057,100.0,100.0,1.2706261985747653,12.022719379310345,11.601751,15.5510565,16.889366000000003,23.193634,1.4094550852994556,0.01524,3.014233,3.3423214999999997,6.793901,1.6702027386569875,1.57924,2.1822795,5.087329,8.444826,311.02220485662434,315.450841,322.35632350000003,329.7728065,341.125311,181.95294941682369,222.64367377900044,122.3633222174163,33.27497070379817,39.92,39.92,41.868,1800.0,1800.0,270.94921875,600,1140,1739,2026-08-11 00:00:00,2026-08-31 23:59:59,"[0, 959, 1602, 1232]","[10, 1048, 1480, 1138]"
controlled,ANU-25-summer-14_20260817_140000.mp4,ANU-25-summer-14,2,0.35,1602,273,437346,561,96,53856,5.84375,71527.5,551,19.868927164127324,33.61719071536313,1.8104874231665966,0.9074410163339384,1.8148820326678767,0.4812186837412701,12.538633274047186,11.890488,15.8554785,20.5169325,36.132219,6.928842615245009,6.788512,7.1155729999999995,10.7995755,15.375299,0.30717787658802176,0.2917,0.349922,0.452393,4.392059,29.74668551179673,29.306523,30.4218795,36.488234,63.827576,27.73174391593784,54.17046978200051,195.3374080844153,53.11445508435933,41.381,42.842,43.329,1800.0,1800.0,244.90625,600,1140,1739,2026-08-11 00:00:00,2026-08-31 23:59:59,"[0, 959, 1602, 1232]","[10, 1048, 1480, 1138]"
controlled,ANU-25-summer-14_20260816_140000.mp4,ANU-25-summer-14,3,0.35,1602,273,437346,561,96,53856,5.84375,71527.5,551,20.00869287815973,33.92210933149657,1.8269091201570795,0.18148820326678766,0.5444646098003629,0.3637726197387692,12.51365250090744,11.793471,15.6480085,18.3859115,21.225415,6.925639862068966,6.798679,6.9713519999999995,10.8711305,14.896138,0.3037846751361162,0.298292,0.343663,0.418208,0.698732,29.479298891107078,29.328967,30.100799000000002,31.9246485,48.504646,27.53803076269105,52.10192851800002,189.19990672894636,49.220326545587966,43.329,42.355,43.329,1800.0,1800.0,244.7734375,600,2280,2879,2026-08-11 00:00:00,2026-08-31 23:59:59,"[0, 959, 1602, 1232]","[10, 1048, 1480, 1138]"
controlled,ANU-25-summer-14_20260817_140000.mp4,ANU-25-summer-14,3,0.35,1602,273,437346,561,96,53856,5.84375,71527.5,551,19.938661748240012,33.93746902630832,1.8277363318808606,0.18148820326678766,0.3629764065335753,0.47933930888799053,12.584410288566243,11.92334,15.404538500000001,17.193101,24.267193,7.026796226860254,6.793882,7.5057995,11.4212615,14.90773,0.30168620689655173,0.296441,0.3399035,0.4079395,0.702455,29.465956911070776,29.319374,30.3487965,31.8118435,42.597919,27.63475337298587,54.06502659299986,195.64142970007717,51.54743318945725,43.329,42.842,44.303,1800.0,1800.0,244.73046875,600,2280,2879,2026-08-11 00:00:00,2026-08-31 23:59:59,"[0, 959, 1602, 1232]","[10, 1048, 1480, 1138]"
controlled,ANU-25-summer-14_20260817_160000.mp4,ANU-25-summer-14,3,0.35,1602,273,437346,561,96,53856,5.84375,71527.5,551,20.112430810394866,33.974281099991344,1.829718882921134,0.0,0.18148820326678766,0.47006403491198473,12.292454551724138,11.735472,15.2934475,16.1449735,19.912929,6.929139987295825,6.807938,6.947177,10.900027999999999,14.908378,0.29813220689655173,0.293534,0.3403755,0.3946895,0.513994,29.43402973139746,29.330947,30.035725499999998,31.3146545,37.147242,27.395992319099605,54.18114117100049,197.77031815426207,51.51290830017581,42.842,42.842,44.303,1800.0,1800.0,245.94921875,600,2280,2879,2026-08-11 00:00:00,2026-08-31 23:59:59,"[0, 959, 1602, 1232]","[10, 1048, 1480, 1138]"
native,ANU-25-summer-14_20260817_160000.mp4,ANU-25-summer-14,2,1.0,1602,273,437346,1602,273,437346,5.868131868131868,580850.15625,551,3.0079536969816445,3.1880027476854362,1.394260249689235,100.0,100.0,1.2706261985747653,11.804829430127043,11.548418,14.521724,16.463118,18.911108,1.5521322940108893,0.041962,3.2792019999999997,3.5141805,6.940657,1.561653119782214,1.478705,2.067614,2.486813,7.72474,313.67601572050813,317.586395,325.7105375,332.6205225,338.166994,183.18101124791428,224.73624394699982,122.68533862543501,32.835984340350976,40.894,38.946,42.355,1800.0,1800.0,272.83984375,600,1140,1739,2026-08-11 00:00:00,2026-08-31 23:59:59,"[0, 959, 1602, 1232]","[10, 1048, 1480, 1138]"
controlled,ANU-25-summer-14_20260817_140000.mp4,ANU-25-summer-14,1,0.65,1602,273,437346,1041,177,184257,5.88135593220339,244716.328125,551,7.530683294896393,9.054392703177175,1.6683352363093167,100.0,100.0,0.9341676692780911,12.488218709618874,11.81721,16.0293165,18.537174999999998,20.888027,7.102310317604355,6.911269,8.3534455,9.2127965,11.608564,0.7026611470054447,0.663437,0.7809444999999999,1.232522,5.325139,110.44363026678766,109.977161,113.708976,116.152993,127.773873,73.16733135934919,106.64188018000004,145.75067615387826,38.589994170695746,40.407,40.894,42.842,1800.0,1800.0,251.8828125,600,0,599,2026-08-11 00:00:00,2026-08-31 23:59:59,"[0, 959, 1602, 1232]","[10, 1048, 1480, 1138]"
controlled,ANU-25-summer-14_20260817_160000.mp4,ANU-25-summer-14,2,0.65,1602,273,437346,1041,177,184257,5.88135593220339,244716.328125,551,7.504860667770843,9.004415258184544,1.6591265422273094,100.0,100.0,0.8056197298416857,12.101146404718692,11.627435,15.555831,19.224195,21.832145,7.235305468239565,6.938194,8.670294,9.5950605,14.587639,0.7649008094373865,0.67864,0.877906,4.9283945,5.327936,111.05662847912886,109.942492,115.8618835,119.356646,237.238628,73.41908456292003,106.47348827099995,145.02154161259304,41.43296853625171,42.355,42.355,42.842,1800.0,1800.0,252.05078125,600,1140,1739,2026-08-11 00:00:00,2026-08-31 23:59:59,"[0, 959, 1602, 1232]","[10, 1048, 1480, 1138]"
controlled,ANU-25-summer-14_20260817_140000.mp4,ANU-25-summer-14,3,1.0,1602,273,437346,1602,273,437346,5.868131868131868,580850.15625,551,3.0012084887884685,3.1819268519174497,1.391602980978689,100.0,100.0,1.5380782282720245,11.893302751361162,11.642193,14.5753795,16.2633505,17.007813,1.5456409981851182,2.542562,3.2274235,3.475708,6.905194,1.5879556424682397,1.515408,2.1209559999999996,3.229628,5.221363,314.274980707804,318.804839,326.02142849999996,330.7700165,338.409196,183.59271008940414,224.6883446060001,122.384131971571,32.63147826799842,40.894,39.433,41.868,1800.0,1800.0,274.2421875,600,2280,2879,2026-08-11 00:00:00,2026-08-31 23:59:59,"[0, 959, 1602, 1232]","[10, 1048, 1480, 1138]"
native,ANU-25-summer-16_20260816_140000.mp4,ANU-25-summer-16,2,1.0,773,245,189385,773,245,189385,3.1551020408163266,251526.953125,551,7.707785208204567,8.725703175622519,1.6525172959152705,100.0,100.0,1.0602320869691575,11.97071942649728,11.394233,15.7527815,17.069377,29.615197,0.016493931034482757,0.010981,0.013111,0.034944,2.64032,1.086889771324864,0.823786,4.763748,4.949884000000001,5.822189,114.60394421778585,113.94827,117.235648,122.143625,197.300725,71.48616432817653,99.59575627899994,139.32172360203683,37.64610902453578,39.433,40.407,42.355,1800.0,1800.0,251.94921875,600,1140,1739,2026-08-11 00:00:00,2026-08-31 23:59:59,"[807, 987, 1580, 1232]","[935, 1077, 1449, 1163]"
native,ANU-25-summer-6_20260716_140000.mp4,ANU-25-summer-6,1,1.0,1236,260,321360,1236,260,321360,4.753846153846154,426806.25,551,4.053447690193346,4.370199907201156,1.4044074421781636,100.0,100.0,0.8513230357434053,13.443087609800362,14.731266,16.203850000000003,18.764273,21.167522,0.011238197822141562,0.011036,0.0127035,0.0147225,0.059592,1.2192874264972777,1.116061,1.375641,4.9830595,6.572772,228.82248437931034,228.604161,234.9192405,238.592807,245.609508,135.93366489792243,174.28528185100004,128.2134797012037,34.33772755806654,39.92,40.407,41.868,1800.0,1800.0,266.1875,600,0,599,2026-07-01 00:00:00,2026-08-31 23:59:59,"[355, 970, 1591, 1230]","[487, 1053, 1469, 1155]"
controlled,ANU-25-summer-14_20260817_160000.mp4,ANU-25-summer-14,2,0.8,1602,273,437346,1282,218,279476,5.8807339449541285,371179.0625,551,4.638050373604716,5.3118519165138744,1.4845351262196316,100.0,100.0,1.0112124862125695,14.342386767695098,15.302629,18.860456499999998,21.0010045,24.482593,7.389320092558983,6.777566,12.0310115,16.6284,18.516924,0.912871108892922,0.887064,1.091625,1.19555,1.517519,188.25826015426497,189.931198,193.829521,198.0010915,203.054965,118.79991712374613,155.71704419100024,131.0750444621943,34.87296458214534,39.92,39.92,41.381,1800.0,1800.0,264.8984375,600,1140,1739,2026-08-11 00:00:00,2026-08-31 23:59:59,"[0, 959, 1602, 1232]","[10, 1048, 1480, 1138]"
native,ANU-25-summer-14_20260817_160000.mp4,ANU-25-summer-14,1,1.0,1602,273,437346,1602,273,437346,5.868131868131868,580850.15625,551,2.9944743785077135,3.18439266486104,1.3926813944063163,100.0,100.0,1.2848363527368936,12.684636912885662,11.697858,16.499541999999998,19.511771000000003,83.318045,1.5769834736842103,0.14324,3.319345,3.4592020000000003,3.756492,1.6821042141560798,1.594484,2.1477815,5.2681355,7.700111,314.03162399999997,318.23072,324.4790835,331.3852035,429.923175,184.00558173237368,224.69453669499944,122.11289167401763,32.858837485172,40.407,40.407,41.868,1800.0,1800.0,276.01953125,600,0,599,2026-08-11 00:00:00,2026-08-31 23:59:59,"[0, 959, 1602, 1232]","[10, 1048, 1480, 1138]"
controlled,ANU-25-summer-14_20260817_160000.mp4,ANU-25-summer-14,2,0.35,1602,273,437346,561,96,53856,5.84375,71527.5,551,20.057304566636656,33.77385378910265,1.8189246696659123,0.18148820326678766,0.3629764065335753,0.38555376277644926,12.155777252268601,11.685081,15.518078,17.0400795,21.464534,7.003993560798548,6.866039,7.079157,10.964504999999999,14.948842,0.30757870961887473,0.301664,0.349274,0.407986,0.72927,29.60870282214156,29.436282,30.759149,32.45101,41.993356,27.471288485918194,54.22563250900021,197.39020445581323,51.810994668137525,40.894,41.381,43.816,1800.0,1800.0,249.73046875,600,1140,1739,2026-08-11 00:00:00,2026-08-31 23:59:59,"[0, 959, 1602, 1232]","[10, 1048, 1480, 1138]"
controlled,ANU-25-summer-14_20260817_140000.mp4,ANU-25-summer-14,2,0.5,1602,273,437346,801,136,108936,5.889705882352941,144680.625,551,11.999303193475159,15.333737456757625,1.6703960235893487,100.0,100.0,0.7360471979243353,12.399725700544465,11.852022,15.491752,17.763347500000002,22.042488,3.8712101070780403,3.221614,6.472709,7.35607,11.305435,0.4684181143375681,0.431699,0.5415125000000001,0.704668,5.70905,65.21567248820325,64.811238,68.09622300000001,71.1798825,75.131162,45.91933307424188,76.55974414699995,166.72660298271097,45.344307270233195,42.355,40.407,44.303,1800.0,1800.0,251.5703125,600,1140,1739,2026-08-11 00:00:00,2026-08-31 23:59:59,"[0, 959, 1602, 1232]","[10, 1048, 1480, 1138]"
controlled,ANU-25-summer-14_20260817_140000.mp4,ANU-25-summer-14,2,0.65,1602,273,437346,1041,177,184257,5.88135593220339,244716.328125,551,7.484349747574169,8.980214262592954,1.65466733938259,100.0,100.0,0.9980665880192863,12.26812561524501,11.819483,15.6554055,19.2185885,25.473243,7.235193379310345,6.943314,8.6427495,10.144761500000001,24.511845,0.6713778112522686,0.665178,0.81213,0.97073,1.680482,111.35591766061707,110.049254,116.04243299999999,142.40227149999998,167.799052,73.62029014993459,107.0768382489996,145.44473817058807,41.15039721777081,41.868,42.355,43.816,1800.0,1800.0,255.42578125,600,1140,1739,2026-08-11 00:00:00,2026-08-31 23:59:59,"[0, 959, 1602, 1232]","[10, 1048, 1480, 1138]"
native,ANU-25-summer-1_20260702_120000.mp4,ANU-25-summer-1,1,1.0,1229,252,309708,1229,252,309708,4.876984126984127,411330.9375,551,4.431366252357341,4.826966584013279,1.4949501668015848,100.0,100.0,0.14040410316493462,14.161934379310345,15.265664,17.676436000000002,20.9527415,27.61318,0.012070791288566245,0.011648,0.014463,0.0174905,0.057481,1.226219778584392,1.169691,1.431197,1.672834,5.041668,207.16944743557167,207.344948,212.333457,216.7360015,222.266796,124.3408846440725,152.3788986970003,122.549312024912,33.01831546212718,40.894,38.459,41.868,1800.0,1800.0,267.7578125,600,0,599,2026-07-01 00:00:00,2026-08-31 23:59:59,"[411, 980, 1640, 1232]","[537, 1095, 1589, 1200]"
native,ANU-25-summer-6_20260716_140000.mp4,ANU-25-summer-6,3,1.0,1236,260,321360,1236,260,321360,4.753846153846154,426806.25,551,4.012878821398213,4.324423746659209,1.3896968152264033,100.0,100.0,0.9024220946263488,13.584224455535391,14.778131,16.846218,20.6047595,23.591811,0.011425949183303086,0.010981,0.013314,0.014943999999999999,0.056499,1.1950083176043558,1.115913,1.3857344999999999,4.9385645,5.13385,231.24468335753178,231.251178,236.72094099999998,239.4957935,250.398868,137.30790899088606,174.6813570129998,127.21871470972181,33.861737333845284,39.433,39.433,41.381,1800.0,1800.0,269.01171875,600,2280,2879,2026-07-01 00:00:00,2026-08-31 23:59:59,"[355, 970, 1591, 1230]","[487, 1053, 1469, 1155]"
native,ANU-25-summer-16_20260817_160000.mp4,ANU-25-summer-16,3,1.0,773,245,189385,773,245,189385,3.1551020408163266,251526.953125,551,7.721976500126981,8.72773091466214,1.652901319273289,100.0,100.0,1.130424061293178,11.808220488203267,11.358149,15.356372,16.7370145,20.893634,0.020596811252268605,0.010667,0.012546499999999999,0.0151295,2.773635,1.0283126370235935,0.821491,1.6808515,4.9338975000000005,6.254892,114.57731795099818,114.175703,117.5322965,121.2680905,133.300492,71.35478850407526,101.1480102989999,141.75364039264593,37.81521471529561,39.92,40.407,42.355,1800.0,1800.0,258.86328125,600,2280,2879,2026-08-11 00:00:00,2026-08-31 23:59:59,"[807, 987, 1580, 1232]","[935, 1077, 1449, 1163]"
controlled,ANU-25-summer-14_20260817_140000.mp4,ANU-25-summer-14,3,0.65,1602,273,437346,1041,177,184257,5.88135593220339,244716.328125,551,7.512764708768431,9.021809710683302,1.6623315918613732,100.0,100.0,0.9910114086258434,12.4506295553539,11.687219,16.5230885,19.505361,23.770507,7.07653533938294,6.933125,8.222054499999999,8.8630385,11.191372,0.6797726696914701,0.668437,0.801843,0.9304895,4.908296,110.8425063339383,110.039526,113.7898945,116.77119450000001,285.905556,73.34184170002118,106.93107484699976,145.79818609459446,39.384499520744896,40.894,41.381,42.842,1800.0,1800.0,256.89453125,600,2280,2879,2026-08-11 00:00:00,2026-08-31 23:59:59,"[0, 959, 1602, 1232]","[10, 1048, 1480, 1138]"
native,ANU-25-summer-14_20260816_140000.mp4,ANU-25-summer-14,3,1.0,1602,273,437346,1602,273,437346,5.868131868131868,580850.15625,551,3.004091365758888,3.186102300793155,1.3934290968426832,100.0,100.0,1.0595860933435375,11.910159849364792,11.634977,15.053086,16.540429500000002,18.646137,1.5921472377495463,0.400458,3.3341655,3.461923,3.80229,1.5532648039927406,1.481538,2.01368,2.734524,7.074992,313.86311724863884,318.088535,324.536529,333.95745050000005,460.672278,183.4165253029205,222.79369733600015,121.46871551952395,33.20337615080505,39.92,38.946,42.842,1800.0,1800.0,278.60546875,600,2280,2879,2026-08-11 00:00:00,2026-08-31 23:59:59,"[0, 959, 1602, 1232]","[10, 1048, 1480, 1138]"
controlled,ANU-25-summer-14_20260817_160000.mp4,ANU-25-summer-14,1,0.65,1602,273,437346,1041,177,184257,5.88135593220339,244716.328125,551,7.594192518901138,9.084904282600744,1.6739572083991654,100.0,100.0,0.8109518500508068,11.802828907441016,11.589496,14.1718265,15.9004455,17.503427,7.051028691470055,6.951901,7.5757915,8.8183515,13.322716,0.7026379092558984,0.678436,0.7821395,0.929397,6.190595,110.07270620508167,109.725859,113.1453465,116.065219,119.930221,72.55544267920777,106.75457320900023,147.13516900585725,38.940411101114265,39.92,40.407,42.355,1800.0,1800.0,257.5,600,0,599,2026-08-11 00:00:00,2026-08-31 23:59:59,"[0, 959, 1602, 1232]","[10, 1048, 1480, 1138]"
controlled,ANU-25-summer-14_20260817_140000.mp4,ANU-25-summer-14,2,1.0,1602,273,437346,1602,273,437346,5.868131868131868,580850.15625,551,2.9970611164818086,3.181339213342962,1.3913459795986909,100.0,100.0,1.5700667670331288,12.097214495462795,11.747437,14.988806499999999,16.4355865,21.648322,1.611502891107078,0.043369,3.307767,3.7581135000000003,6.910401,1.7271822976406535,1.6095,2.1990945,5.0963205,6.567979,314.33303176406537,318.83856,325.75032899999997,333.919087,356.247209,183.8467680788599,224.43995262499993,122.07990108845854,32.79446672669231,40.407,39.433,42.355,1800.0,1800.0,279.59375,600,1140,1739,2026-08-11 00:00:00,2026-08-31 23:59:59,"[0, 959, 1602, 1232]","[10, 1048, 1480, 1138]"
controlled,ANU-25-summer-14_20260817_160000.mp4,ANU-25-summer-14,3,0.8,1602,273,437346,1282,218,279476,5.8807339449541285,371179.0625,551,4.612951060971832,5.2832617533272295,1.476544861772881,100.0,100.0,1.2102358152991848,14.498280695099819,15.574058,18.503219,22.4255425,27.027536,7.195274143375681,6.738532,9.6416465,16.482798000000003,20.925033,0.9229343702359346,0.892471,1.066386,1.291179,4.132211,189.27701232486388,190.743396,194.178412,199.9219995,270.088521,119.44631380587816,156.09503638800015,130.68217127376806,35.00452146116801,40.407,39.92,43.329,1800.0,1800.0,269.5078125,600,2280,2879,2026-08-11 00:00:00,2026-08-31 23:59:59,"[0, 959, 1602, 1232]","[10, 1048, 1480, 1138]"
native,ANU-25-summer-6_20260716_130000.mp4,ANU-25-summer-6,1,1.0,1236,260,321360,1236,260,321360,4.753846153846154,426806.25,551,4.010656038569576,4.323044075409235,1.3892534440735116,100.0,100.0,0.9084364057885324,13.602402811252269,14.722587,18.089000499999997,20.615174500000002,22.548291,0.011275497277676952,0.010907,0.013545999999999999,0.0149625,0.056777,1.284277168784029,1.128486,1.463751,5.1220324999999995,5.262457,231.3184835862069,231.036395,237.8629955,240.9875305,247.585892,137.38400767883286,172.17244036600005,125.32203949712492,34.37123342707915,39.92,39.92,43.329,1800.0,1800.0,271.55078125,600,0,599,2026-07-01 00:00:00,2026-08-31 23:59:59,"[355, 970, 1591, 1230]","[487, 1053, 1469, 1155]"
controlled,ANU-25-summer-14_20260817_140000.mp4,ANU-25-summer-14,3,0.8,1602,273,437346,1282,218,279476,5.8807339449541285,371179.0625,551,4.590024741025078,5.2744346263956,1.4740778916465367,100.0,100.0,1.2345965803210401,14.618566047186933,15.725019,19.432799,21.813845,24.063606,7.861605791288566,6.764272,14.618976,16.9358185,18.240007,0.9109098058076225,0.883323,1.0713849999999998,1.246735,1.582889,189.59378034482756,191.279455,195.190027,199.452468,210.694519,120.042925929185,155.91846327199983,129.8855905628111,34.404956256017414,41.381,40.894,43.329,1800.0,1800.0,270.3203125,600,2280,2879,2026-08-11 00:00:00,2026-08-31 23:59:59,"[0, 959, 1602, 1232]","[10, 1048, 1480, 1138]"
native,ANU-25-summer-14_20260817_140000.mp4,ANU-25-summer-14,2,1.0,1602,273,437346,1602,273,437346,5.868131868131868,580850.15625,551,2.9933755528760297,3.1767065652081503,1.3893199094675237,100.0,100.0,1.5700667670331288,12.03361284754991,11.721787,15.016304,16.6904605,26.81861,1.6074809745916516,0.04624,3.296591,3.5046255000000004,4.13684,1.6976235753176043,1.658276,2.1923165,2.378481,5.422139,314.7914292595281,319.163497,325.92431650000003,330.1191715,430.48104,184.07312756683677,224.67461807100062,122.05726117704035,32.759748222022395,41.868,39.433,42.842,1800.0,1800.0,281.05078125,600,1140,1739,2026-08-11 00:00:00,2026-08-31 23:59:59,"[0, 959, 1602, 1232]","[10, 1048, 1480, 1138]"
controlled,ANU-25-summer-14_20260817_140000.mp4,ANU-25-summer-14,1,0.35,1602,273,437346,561,96,53856,5.84375,71527.5,551,19.84409842557285,33.88533613292201,1.824928662774648,0.0,0.9074410163339384,0.44295045549553663,12.82589886569873,11.973655,16.6518405,19.4569925,21.102177,6.9835931343012705,6.820457,7.1098885,10.9022695,14.994879,0.2975589582577133,0.290496,0.338635,0.415477,0.872731,29.511290549909255,29.340543,30.447677499999998,32.19924,37.011471,27.766441598068923,54.06793319500048,194.7240268582372,50.75034106412006,42.355,43.329,43.816,1800.0,1800.0,255.09765625,600,0,599,2026-08-11 00:00:00,2026-08-31 23:59:59,"[0, 959, 1602, 1232]","[10, 1048, 1480, 1138]"
native,ANU-25-summer-16_20260817_140000.mp4,ANU-25-summer-16,1,1.0,773,245,189385,773,245,189385,3.1551020408163266,251526.953125,551,7.668989041864122,8.711724967027214,1.649870032880449,100.0,100.0,1.205161261580168,12.261938397459165,11.519568,15.4960205,17.20976,84.885406,0.02129431215970962,0.010815,0.012889,0.014565,2.878484,1.2438351379310344,0.838046,4.883933000000001,4.9509415,5.037848,114.78782948094373,114.329539,118.17616,121.30809500000001,131.499299,71.84780118893832,99.96349914799976,139.13230118918395,37.21410086032035,42.355,42.355,43.329,1800.0,1800.0,260.171875,600,0,599,2026-08-11 00:00:00,2026-08-31 23:59:59,"[807, 987, 1580, 1232]","[935, 1077, 1449, 1163]"
controlled,ANU-25-summer-14_20260816_140000.mp4,ANU-25-summer-14,3,0.8,1602,273,437346,1282,218,279476,5.8807339449541285,371179.0625,551,4.626102167289714,5.30109918661172,1.481529996277497,100.0,100.0,0.869636854221081,14.491848254083484,15.613204,18.991368,20.8536055,24.751467,7.208137522686025,6.722772,9.763866,14.9721285,18.135026,0.911839508166969,0.887768,1.070904,1.322438,1.41128,188.64012250998186,190.503936,192.75095449999998,199.176332,200.40428,119.10675122914836,153.41540599699874,128.80496228282163,34.13548740878222,41.381,41.381,43.816,1800.0,1800.0,272.46484375,600,2280,2879,2026-08-11 00:00:00,2026-08-31 23:59:59,"[0, 959, 1602, 1232]","[10, 1048, 1480, 1138]"
native,ANU-25-summer-6_20260716_130000.mp4,ANU-25-summer-6,3,1.0,1236,260,321360,1236,260,321360,4.753846153846154,426806.25,551,4.005202507015202,4.3180354113333905,1.3876438597860983,100.0,100.0,0.938702077701174,13.68683661705989,14.691367,18.598250999999998,20.9181845,31.151782,0.01186377495462795,0.010981,0.013824,0.047083,0.069425,1.2220565698729584,1.131319,1.420852,4.978251,5.142175,231.58679925952816,231.001249,237.73632,243.78749349999998,321.084192,137.57107138400897,173.15914444400005,125.86886378216269,34.05263541590727,42.355,40.894,43.329,1800.0,1800.0,276.12109375,600,2280,2879,2026-07-01 00:00:00,2026-08-31 23:59:59,"[355, 970, 1591, 1230]","[487, 1053, 1469, 1155]"
controlled,ANU-25-summer-14_20260817_160000.mp4,ANU-25-summer-14,3,0.5,1602,273,437346,801,136,108936,5.889705882352941,144680.625,551,12.083832218872033,15.346511651029603,1.6717875932165607,100.0,100.0,0.7200916898986173,12.081180466424684,11.724111,15.0396425,17.502018999999997,20.144485,3.690980680580762,3.215348,6.2308745,7.1654555,7.728439,0.4503269818511797,0.430439,0.4990775,0.58677,5.767723,65.16138799092559,64.974084,66.910651,69.3494435,70.988339,45.59811738692224,77.11525664300098,169.1193870760945,44.24900749889722,42.355,42.355,44.79,1800.0,1800.0,256.546875,600,2280,2879,2026-08-11 00:00:00,2026-08-31 23:59:59,"[0, 959, 1602, 1232]","[10, 1048, 1480, 1138]"
controlled,ANU-25-summer-14_20260817_160000.mp4,ANU-25-summer-14,1,1.0,1602,273,437346,1602,273,437346,5.868131868131868,580850.15625,551,3.0023302176870508,3.1876796550017388,1.3941189463963906,100.0,100.0,1.2848363527368936,12.16193294555354,11.494374,15.96494,18.078219,20.546688,1.59997188384755,0.05824,3.3258099999999997,3.6138065,6.99119,1.65762745553539,1.61698,2.1924725,5.068242,7.550943,313.7078088856625,318.363065,325.299302,327.976248,336.055495,183.5241162860766,224.5128917509992,122.33427208064005,32.66215569680815,41.868,41.868,43.329,1800.0,1800.0,284.3046875,600,0,599,2026-08-11 00:00:00,2026-08-31 23:59:59,"[0, 959, 1602, 1232]","[10, 1048, 1480, 1138]"
native,ANU-25-summer-1_20260702_120000.mp4,ANU-25-summer-1,3,1.0,1229,252,309708,1229,252,309708,4.876984126984127,411330.9375,551,4.436572939451015,4.83444535686469,1.4972664025838496,100.0,100.0,0.07045401055399605,14.153236337568057,15.232922,17.7021515,20.9500195,42.847396,0.01214250272232305,0.011722,0.0144255,0.0182585,0.058278,1.2891374519056262,1.191949,1.498482,5.0469285,5.165417,206.84896119056262,206.811879,211.98649,216.8443025,271.031777,124.19496028125286,151.52578044300026,122.00638423640848,32.925967074032926,40.407,42.355,42.842,1797.5903614457832,1200.0,275.078125,600,2280,2879,2026-07-01 00:00:00,2026-08-31 23:59:59,"[411, 980, 1640, 1232]","[537, 1095, 1589, 1200]"
native,ANU-25-summer-1_20260702_120000.mp4,ANU-25-summer-1,2,1.0,1229,252,309708,1229,252,309708,4.876984126984127,411330.9375,551,4.427032371004534,4.820482300178168,1.49294193222358,100.0,100.0,0.08551681811115054,14.00225425045372,15.21672,16.9671435,20.4461285,22.967274,0.01173893284936479,0.011259,0.014463,0.0186015,0.047222,1.342745332123412,1.320947,1.5136945,4.2047170000000005,8.543136,207.44812193647914,207.000283,212.940492,222.138828,403.517249,124.4626092207618,151.83740023399878,121.99438946734739,33.73146373449006,41.381,42.355,43.816,1800.0,1800.0,276.7734375,600,1140,1739,2026-07-01 00:00:00,2026-08-31 23:59:59,"[411, 980, 1640, 1232]","[537, 1095, 1589, 1200]"
controlled,ANU-25-summer-14_20260816_140000.mp4,ANU-25-summer-14,2,1.0,1602,273,437346,1602,273,437346,5.868131868131868,580850.15625,551,3.009806655650097,3.1947744751149747,1.3972218375936338,100.0,100.0,1.056391688635042,12.094772976406533,11.704691,15.515885,16.655056000000002,22.496985,1.5065274029038112,0.05,3.1821285,3.3315605,4.037655,1.6885075408348458,1.597184,2.178955,5.1133825,5.314621,313.01113984392015,317.375302,323.131754,327.973834,335.601214,183.06823761109263,222.51091004299997,121.54533902035958,32.55540033418249,42.355,41.381,43.329,1800.0,1800.0,287.24609375,600,1140,1739,2026-08-11 00:00:00,2026-08-31 23:59:59,"[0, 959, 1602, 1232]","[10, 1048, 1480, 1138]"
controlled,ANU-25-summer-14_20260817_140000.mp4,ANU-25-summer-14,2,0.8,1602,273,437346,1282,218,279476,5.8807339449541285,371179.0625,551,4.612724258927221,5.2763680522160055,1.4746182377611203,100.0,100.0,1.251058848064305,14.382475629764064,15.56683,18.847827000000002,20.9928935,24.96679,7.0713907150635205,6.74464,9.6388465,14.863903,18.329315,0.8979035662431942,0.879045,1.0312095000000001,1.2188925,3.064314,189.5243072704174,191.116828,194.9131805,199.649946,211.651596,119.45218683592975,156.2161023080007,130.7770970510293,34.75737953073753,42.355,42.355,43.816,1800.0,1800.0,278.2421875,600,1140,1739,2026-08-11 00:00:00,2026-08-31 23:59:59,"[0, 959, 1602, 1232]","[10, 1048, 1480, 1138]"
native,ANU-25-summer-6_20260716_140000.mp4,ANU-25-summer-6,2,1.0,1236,260,321360,1236,260,321360,4.753846153846154,426806.25,551,4.010345939328168,4.324411327704571,1.3896928242711408,100.0,100.0,0.8328858778394502,13.720143441016335,14.91969,18.203521000000002,20.2787825,26.032093,0.011648099818511797,0.011111,0.0132315,0.017648,0.065129,1.222520225045372,1.158153,1.4112605,3.3893665000000004,5.143253,231.24534745190564,230.877264,237.02173449999998,241.3163105,332.076017,137.3946308712475,174.36200998200002,126.90598524580967,34.16220561635576,43.816,42.842,44.303,1800.0,1800.0,280.3046875,600,1140,1739,2026-07-01 00:00:00,2026-08-31 23:59:59,"[355, 970, 1591, 1230]","[487, 1053, 1469, 1155]"
controlled,ANU-25-summer-14_20260817_140000.mp4,ANU-25-summer-14,1,0.8,1602,273,437346,1282,218,279476,5.8807339449541285,371179.0625,551,4.592419336495259,5.276471538324859,1.4746471596448785,100.0,100.0,1.1708545167736046,14.784206662431941,16.094788,19.9087325,21.3226035,22.294657,7.574566332123411,6.772326,12.2394635,18.0612265,18.336149,0.9264555462794919,0.888305,1.0959125,1.331438,3.854287,189.52059017785845,191.332729,195.4308355,200.61882100000003,204.747013,119.98033272381872,155.9744899489997,130.00004784787143,34.66223003515821,42.842,41.381,44.79,1800.0,1800.0,278.9921875,600,0,599,2026-08-11 00:00:00,2026-08-31 23:59:59,"[0, 959, 1602, 1232]","[10, 1048, 1480, 1138]"
controlled,ANU-25-summer-14_20260816_140000.mp4,ANU-25-summer-14,2,0.65,1602,273,437346,1041,177,184257,5.88135593220339,244716.328125,551,7.593856804873723,9.102673521785116,1.6772313151035598,100.0,100.0,0.7019006291881015,11.996402372050815,11.620656,14.944422,16.539199,17.526937,7.063542867513612,6.938528,7.7958595,9.055483500000001,12.405498,0.7335170980036299,0.67564,0.797685,4.9566715,5.316195,109.85783436116152,109.535125,112.53173699999999,115.43630300000001,119.859574,72.55865025613457,104.47146432599948,143.98209442597343,38.19295452972524,42.355,44.303,45.277,1800.0,1800.0,268.1640625,600,1140,1739,2026-08-11 00:00:00,2026-08-31 23:59:59,"[0, 959, 1602, 1232]","[10, 1048, 1480, 1138]"
controlled,ANU-25-summer-14_20260817_160000.mp4,ANU-25-summer-14,1,0.8,1602,273,437346,1282,218,279476,5.8807339449541285,371179.0625,551,4.61625814415466,5.2785768233556345,1.4752355362841394,100.0,100.0,1.0199212698019136,14.207994393829402,15.294853,17.776388,20.259886,33.613484,7.110419722323049,6.731011,10.122073,14.690314,15.96216,0.9096700054446462,0.886101,1.069922,1.1939765,2.892187,189.44500259528132,191.111682,195.262873,200.412783,341.218245,119.360742574092,155.97119225699862,130.67210281486064,35.03589700402131,42.842,42.355,44.79,1800.0,1800.0,279.89453125,600,0,599,2026-08-11 00:00:00,2026-08-31 23:59:59,"[0, 959, 1602, 1232]","[10, 1048, 1480, 1138]"
controlled,ANU-25-summer-14_20260816_140000.mp4,ANU-25-summer-14,3,1.0,1602,273,437346,1602,273,437346,5.868131868131868,580850.15625,551,3.0363254413288616,3.222324622554314,1.4092707843756391,100.0,100.0,1.0595860933435375,11.923991722323048,11.610083,15.663839,17.4005035,21.08458,1.406932005444646,0.017277,2.9995195,3.1309065,3.449903,1.623288954627949,1.560888,2.150558,5.13554,5.467915,310.334965323049,314.722328,318.6086055,329.4408915,332.61776,181.4693486080505,220.60148484899946,121.56404733973513,32.392205638474294,42.355,43.329,44.303,1800.0,1800.0,290.6015625,600,2280,2879,2026-08-11 00:00:00,2026-08-31 23:59:59,"[0, 959, 1602, 1232]","[10, 1048, 1480, 1138]"
native,ANU-25-summer-16_20260817_140000.mp4,ANU-25-summer-16,3,1.0,773,245,189385,773,245,189385,3.1551020408163266,251526.953125,551,7.727025476792293,8.731236395291596,1.6535652047222988,100.0,100.0,1.0233961275614758,11.784101392014518,11.430085,14.83435,16.671995,22.308862,0.02035424500907441,0.010796,0.012833,0.019341999999999998,2.610284,0.9943461760435574,0.820268,1.155875,4.8908485,5.822579,114.53131661161525,113.988575,118.0258235,122.4972695,131.134129,71.30816400889307,99.83916643199882,140.01084983698019,37.27972987232246,41.381,43.329,44.79,1800.0,1800.0,268.83203125,600,2280,2879,2026-08-11 00:00:00,2026-08-31 23:59:59,"[807, 987, 1580, 1232]","[935, 1077, 1449, 1163]"
controlled,ANU-25-summer-14_20260817_140000.mp4,ANU-25-summer-14,1,1.0,1602,273,437346,1602,273,437346,5.868131868131868,580850.15625,551,3.000646014490126,3.1843138137992035,1.3926469092098264,100.0,100.0,1.4677314981142102,12.165989121597097,11.646526,15.6663025,16.7756045,17.262219,1.436646049001815,0.101184,3.0616950000000003,3.3774135000000003,6.774345,1.7389255499092557,1.628739,2.442165,5.1033925,8.426695,314.03940015789476,318.144776,325.9183855,328.659676,448.756114,183.6271247388795,223.6846672790016,121.814610775551,33.229096967131404,43.329,43.329,44.303,1800.0,1800.0,291.57421875,600,0,599,2026-08-11 00:00:00,2026-08-31 23:59:59,"[0, 959, 1602, 1232]","[10, 1048, 1480, 1138]"
