group_id,group_size,representative_feature,representative_mean_abs_corr_to_members,representative_min_abs_corr_to_members,members
1,124,band_flow_mag_mean_p50,0.9692296174687121,0.95017937020382,band_flow_mag_mean_mean|band_flow_mag_mean_p50|band_flow_mag_mean_p90|band_flow_mag_p90_mean|band_flow_mag_p90_p10|band_flow_mag_p90_p50|band_normal_abs_mean_mean|band_normal_abs_mean_p50|band_normal_abs_mean_p90|band_normal_abs_p90_mean|band_normal_abs_p90_p50|filtered_candidate_component_area_max_mean|filtered_candidate_component_area_max_p50|filtered_candidate_component_area_ratio_mean|filtered_candidate_component_area_ratio_p50|filtered_candidate_component_area_ratio_p90|filtered_candidate_component_area_sum_mean|filtered_candidate_component_area_sum_p50|filtered_candidate_component_area_sum_p90|filtered_candidate_component_count_mean|filtered_candidate_component_count_p50|filtered_candidate_pixels_mean|filtered_candidate_pixels_p50|filtered_candidate_pixels_p90|filtered_candidate_ratio_band_mean|filtered_candidate_ratio_band_p50|filtered_candidate_ratio_band_p90|filtered_in_flux_mean|filtered_in_flux_p50|filtered_in_flux_p90|filtered_out_flux_mean|filtered_out_flux_p90|filtered_traffic_flux_mean|filtered_traffic_flux_p50|filtered_traffic_flux_p90|frame_diff_changed_ratio_10_mean|frame_diff_changed_ratio_10_p50|frame_diff_changed_ratio_10_p90|frame_diff_mean_mean|frame_diff_mean_p50|frame_diff_p90_mean|frame_diff_p90_p50|left_filtered_candidate_pixels_mean|left_filtered_candidate_pixels_p90|left_filtered_in_flux_mean|left_filtered_in_flux_p90|left_filtered_out_flux_mean|left_raw_candidate_pixels_mean|left_raw_in_flux_mean|left_raw_in_flux_p90|left_raw_out_flux_mean|left_raw_out_flux_p90|persistence_mean_mean|persistence_mean_p10|persistence_mean_p50|persistence_mean_p90|persistent_candidate_pixels_mean|persistent_candidate_pixels_p50|persistent_candidate_pixels_p90|raw_candidate_component_area_max_mean|raw_candidate_component_area_max_p10|raw_candidate_component_area_max_p50|raw_candidate_component_area_p90_p10|raw_candidate_component_area_ratio_mean|raw_candidate_component_area_ratio_p50|raw_candidate_component_area_ratio_p90|raw_candidate_component_area_sum_mean|raw_candidate_component_area_sum_p50|raw_candidate_component_area_sum_p90|raw_candidate_component_count_mean|raw_candidate_component_count_p50|raw_candidate_pixels_mean|raw_candidate_pixels_p50|raw_candidate_pixels_p90|raw_candidate_ratio_band_mean|raw_candidate_ratio_band_p50|raw_candidate_ratio_band_p90|raw_component_count_mean|raw_component_count_p50|raw_in_flux_mean|raw_in_flux_p50|raw_in_flux_p90|raw_out_flux_mean|raw_out_flux_p50|raw_out_flux_p90|raw_traffic_flux_mean|raw_traffic_flux_p50|right_filtered_candidate_pixels_mean|right_filtered_in_flux_mean|right_filtered_in_flux_p90|right_raw_candidate_pixels_mean|right_raw_in_flux_mean|right_raw_in_flux_p90|roi_flow_active_ratio_mean|roi_flow_active_ratio_p10|roi_flow_active_ratio_p50|roi_flow_active_ratio_p90|roi_flow_mag_mean_mean|roi_flow_mag_mean_p10|roi_flow_mag_mean_p50|roi_flow_mag_mean_p90|roi_flow_mag_p90_mean|roi_flow_mag_p90_p10|roi_flow_mag_p90_p50|roi_flow_mag_p99_p10|top_filtered_candidate_pixels_mean|top_filtered_candidate_pixels_p50|top_filtered_in_flux_mean|top_filtered_in_flux_p90|top_filtered_out_flux_mean|top_filtered_out_flux_p90|top_raw_candidate_pixels_mean|top_raw_candidate_pixels_p50|top_raw_in_flux_mean|top_raw_out_flux_mean|top_raw_out_flux_p90|total_filtered_in_flux|total_filtered_out_flux|total_filtered_traffic_flux|total_raw_in_flux|total_raw_out_flux|total_raw_traffic_flux|valid_component_count_mean|valid_component_count_p50
2,63,persistent_candidate_pixels_std,0.9678109050197652,0.9501361256669714,band_flow_mag_mean_std|band_flow_mag_p90_p90|band_normal_abs_p90_p90|filtered_candidate_component_area_max_max|filtered_candidate_component_area_max_p90|filtered_candidate_component_area_max_std|filtered_candidate_component_area_ratio_max|filtered_candidate_component_area_ratio_std|filtered_candidate_component_area_sum_max|filtered_candidate_component_area_sum_std|filtered_candidate_component_count_max|filtered_candidate_component_count_p90|filtered_candidate_component_count_std|filtered_candidate_pixels_max|filtered_candidate_pixels_std|filtered_candidate_ratio_band_max|filtered_candidate_ratio_band_std|filtered_in_flux_std|filtered_out_flux_std|filtered_to_raw_traffic_ratio_mean|filtered_traffic_flux_std|left_filtered_candidate_pixels_std|left_raw_candidate_pixels_std|persistence_mean_max|persistence_mean_std|persistent_candidate_pixels_max|persistent_candidate_pixels_std|raw_candidate_component_area_max_p90|raw_candidate_component_area_max_std|raw_candidate_component_area_p90_mean|raw_candidate_component_area_p90_p50|raw_candidate_component_area_ratio_max|raw_candidate_component_area_ratio_std|raw_candidate_component_area_sum_max|raw_candidate_component_area_sum_std|raw_candidate_component_count_p90|raw_candidate_pixels_max|raw_candidate_pixels_std|raw_candidate_ratio_band_max|raw_candidate_ratio_band_std|raw_component_count_max|raw_component_count_p90|raw_component_count_std|raw_out_flux_std|raw_traffic_flux_p90|raw_traffic_flux_std|rejected_component_count_std|right_filtered_candidate_pixels_p90|right_filtered_candidate_pixels_std|right_raw_candidate_pixels_p90|right_raw_candidate_pixels_std|roi_flow_active_ratio_max|roi_flow_active_ratio_std|roi_flow_mag_p99_mean|roi_flow_mag_p99_p50|top_filtered_candidate_pixels_max|top_filtered_candidate_pixels_p90|top_filtered_candidate_pixels_std|top_raw_candidate_pixels_p90|top_raw_candidate_pixels_std|valid_component_count_max|valid_component_count_p90|valid_component_count_std
3,55,entrance_gray_mean_mean,0.9697902802667736,0.9504055465884645,background_gray_mean_max|background_gray_mean_mean|background_gray_mean_min|background_gray_mean_p10|background_gray_mean_p50|background_gray_mean_p90|background_gray_p05_max|background_gray_p05_mean|background_gray_p05_p10|background_gray_p05_p50|background_gray_p05_p90|background_gray_p50_mean|background_gray_p50_min|background_gray_p50_p10|background_gray_p50_p50|background_gray_p50_p90|background_gray_p95_min|entrance_gray_mean_max|entrance_gray_mean_mean|entrance_gray_mean_min|entrance_gray_mean_p10|entrance_gray_mean_p50|entrance_gray_mean_p90|entrance_gray_p05_max|entrance_gray_p05_mean|entrance_gray_p05_p90|entrance_gray_p50_max|entrance_gray_p50_mean|entrance_gray_p50_min|entrance_gray_p50_p10|entrance_gray_p50_p50|entrance_gray_p50_p90|entrance_gray_p95_mean|entrance_gray_p95_min|entrance_gray_p95_p10|entrance_gray_p95_p50|entrance_gray_p95_p90|roi_gray_mean_max|roi_gray_mean_mean|roi_gray_mean_min|roi_gray_mean_p10|roi_gray_mean_p50|roi_gray_mean_p90|roi_gray_p05_max|roi_gray_p05_mean|roi_gray_p05_p10|roi_gray_p05_p50|roi_gray_p05_p90|roi_gray_p50_max|roi_gray_p50_mean|roi_gray_p50_min|roi_gray_p50_p10|roi_gray_p50_p50|roi_gray_p50_p90|roi_gray_p95_min
4,24,roi_gray_std_mean,0.9819384029759123,0.9505817202721255,background_gray_dynamic_range_max|background_gray_dynamic_range_mean|background_gray_dynamic_range_min|background_gray_dynamic_range_p10|background_gray_dynamic_range_p50|background_gray_dynamic_range_p90|background_gray_std_max|background_gray_std_mean|background_gray_std_min|background_gray_std_p10|background_gray_std_p50|background_gray_std_p90|roi_gray_dynamic_range_max|roi_gray_dynamic_range_mean|roi_gray_dynamic_range_min|roi_gray_dynamic_range_p10|roi_gray_dynamic_range_p50|roi_gray_dynamic_range_p90|roi_gray_std_max|roi_gray_std_mean|roi_gray_std_min|roi_gray_std_p10|roi_gray_std_p50|roi_gray_std_p90
5,23,raw_candidate_pixels_p10,0.9757259841171124,0.9540110274540906,band_flow_mag_mean_p10|band_normal_abs_mean_p10|band_normal_abs_p90_p10|filtered_candidate_component_area_max_p10|filtered_candidate_component_area_ratio_p10|filtered_candidate_component_area_sum_p10|filtered_candidate_component_count_p10|filtered_candidate_pixels_p10|filtered_candidate_ratio_band_p10|filtered_out_flux_p50|filtered_traffic_flux_p10|frame_diff_changed_ratio_10_p10|persistent_candidate_pixels_p10|raw_candidate_component_area_ratio_p10|raw_candidate_component_area_sum_p10|raw_candidate_pixels_p10|raw_candidate_ratio_band_p10|raw_component_count_p10|raw_traffic_flux_p10|top_filtered_in_flux_p50|top_raw_in_flux_p50|top_raw_out_flux_p50|valid_component_count_p10
6,19,raw_in_flux_std,0.9654848112033991,0.9506534533050822,band_normal_abs_mean_std|filtered_in_flux_max|filtered_out_flux_max|filtered_traffic_flux_max|left_raw_in_flux_std|raw_in_flux_std|right_filtered_in_flux_std|right_filtered_out_flux_std|right_raw_in_flux_std|right_raw_out_flux_std|roi_flow_mag_mean_std|roi_flow_mag_p90_p90|roi_flow_mag_p99_p90|top_filtered_in_flux_max|top_filtered_in_flux_std|top_filtered_out_flux_std|top_raw_in_flux_p90|top_raw_in_flux_std|top_raw_out_flux_std
7,18,roi_saturated_ratio_mean,0.9904990511690009,0.9756791214738485,background_saturated_ratio_max|background_saturated_ratio_mean|background_saturated_ratio_min|background_saturated_ratio_p10|background_saturated_ratio_p50|background_saturated_ratio_p90|entrance_saturated_ratio_max|entrance_saturated_ratio_mean|entrance_saturated_ratio_min|entrance_saturated_ratio_p10|entrance_saturated_ratio_p50|entrance_saturated_ratio_p90|roi_saturated_ratio_max|roi_saturated_ratio_mean|roi_saturated_ratio_min|roi_saturated_ratio_p10|roi_saturated_ratio_p50|roi_saturated_ratio_p90
8,18,roi_gray_entropy_mean,0.9869358847379622,0.9636804222079253,background_gray_entropy_max|background_gray_entropy_mean|background_gray_entropy_min|background_gray_entropy_p10|background_gray_entropy_p50|background_gray_entropy_p90|entrance_gray_entropy_max|entrance_gray_entropy_mean|entrance_gray_entropy_min|entrance_gray_entropy_p10|entrance_gray_entropy_p50|entrance_gray_entropy_p90|roi_gray_entropy_max|roi_gray_entropy_mean|roi_gray_entropy_min|roi_gray_entropy_p10|roi_gray_entropy_p50|roi_gray_entropy_p90
9,18,entrance_dark_ratio_mean,0.9832256628663517,0.9589212368759579,background_dark_ratio_max|background_dark_ratio_mean|background_dark_ratio_min|background_dark_ratio_p10|background_dark_ratio_p50|background_dark_ratio_p90|entrance_dark_ratio_max|entrance_dark_ratio_mean|entrance_dark_ratio_min|entrance_dark_ratio_p10|entrance_dark_ratio_p50|entrance_dark_ratio_p90|roi_dark_ratio_max|roi_dark_ratio_mean|roi_dark_ratio_min|roi_dark_ratio_p10|roi_dark_ratio_p50|roi_dark_ratio_p90
10,18,entrance_value_mean_mean,0.9755330613847557,0.9518289636043236,background_value_mean_max|background_value_mean_mean|background_value_mean_min|background_value_mean_p10|background_value_mean_p50|background_value_mean_p90|entrance_value_mean_max|entrance_value_mean_mean|entrance_value_mean_min|entrance_value_mean_p10|entrance_value_mean_p50|entrance_value_mean_p90|roi_value_mean_max|roi_value_mean_mean|roi_value_mean_min|roi_value_mean_p10|roi_value_mean_p50|roi_value_mean_p90
11,17,entrance_saturation_mean_p10,0.9723369677470964,0.9506903628846457,background_saturation_mean_max|background_saturation_mean_mean|background_saturation_mean_p10|background_saturation_mean_p50|background_saturation_mean_p90|entrance_saturation_mean_max|entrance_saturation_mean_mean|entrance_saturation_mean_min|entrance_saturation_mean_p10|entrance_saturation_mean_p50|entrance_saturation_mean_p90|roi_saturation_mean_max|roi_saturation_mean_mean|roi_saturation_mean_min|roi_saturation_mean_p10|roi_saturation_mean_p50|roi_saturation_mean_p90
12,15,roi_bright_ratio_mean,0.9863760781804113,0.9695214096862947,background_bright_ratio_max|background_bright_ratio_mean|background_bright_ratio_min|background_bright_ratio_p10|background_bright_ratio_p50|background_bright_ratio_p90|entrance_bright_ratio_mean|entrance_bright_ratio_p50|entrance_bright_ratio_p90|roi_bright_ratio_max|roi_bright_ratio_mean|roi_bright_ratio_min|roi_bright_ratio_p10|roi_bright_ratio_p50|roi_bright_ratio_p90
13,14,bottom_raw_candidate_pixels_mean,0.972352244612828,0.952033900689852,bottom_filtered_candidate_pixels_mean|bottom_filtered_candidate_pixels_p90|bottom_filtered_in_flux_mean|bottom_filtered_in_flux_p90|bottom_filtered_in_flux_std|bottom_filtered_out_flux_mean|bottom_filtered_out_flux_p90|bottom_raw_candidate_pixels_mean|bottom_raw_candidate_pixels_p50|bottom_raw_candidate_pixels_p90|bottom_raw_in_flux_mean|bottom_raw_in_flux_p90|bottom_raw_out_flux_mean|bottom_raw_out_flux_p90
14,12,roi_gray_p95_mean,0.9936924608057719,0.9738147562428656,background_gray_p50_max|background_gray_p95_max|background_gray_p95_mean|background_gray_p95_p10|background_gray_p95_p50|background_gray_p95_p90|entrance_gray_p95_max|roi_gray_p95_max|roi_gray_p95_mean|roi_gray_p95_p10|roi_gray_p95_p50|roi_gray_p95_p90
15,12,roi_saturation_std_p90,0.9735054116897829,0.9532236885221258,background_saturation_std_max|background_saturation_std_mean|background_saturation_std_p10|background_saturation_std_p50|background_saturation_std_p90|entrance_saturation_std_mean|entrance_saturation_std_p90|roi_saturation_std_max|roi_saturation_std_mean|roi_saturation_std_p10|roi_saturation_std_p50|roi_saturation_std_p90
16,10,entrance_gray_dynamic_range_mean,0.9790427814646772,0.954202462483878,entrance_gray_dynamic_range_max|entrance_gray_dynamic_range_mean|entrance_gray_dynamic_range_p10|entrance_gray_dynamic_range_p50|entrance_gray_dynamic_range_p90|entrance_gray_std_max|entrance_gray_std_mean|entrance_gray_std_p10|entrance_gray_std_p50|entrance_gray_std_p90
17,10,roi_value_std_mean,0.9760938534228691,0.9517267141470868,background_value_std_max|background_value_std_mean|background_value_std_p10|background_value_std_p50|background_value_std_p90|roi_value_std_max|roi_value_std_mean|roi_value_std_p10|roi_value_std_p50|roi_value_std_p90
18,9,filtered_candidate_component_area_mean_mean,0.965307414873404,0.950899394622532,filtered_candidate_component_area_mean_mean|filtered_candidate_component_area_mean_p50|filtered_candidate_component_area_mean_p90|filtered_candidate_component_area_p50_mean|filtered_candidate_component_area_p50_p50|filtered_candidate_component_area_p50_p90|filtered_candidate_component_area_p90_mean|filtered_candidate_component_area_p90_p50|filtered_candidate_component_area_p90_p90
19,7,bottom_raw_candidate_pixels_std,0.9666408754061835,0.9526240482098951,bottom_filtered_candidate_pixels_max|bottom_filtered_candidate_pixels_std|bottom_filtered_out_flux_std|bottom_raw_candidate_pixels_max|bottom_raw_candidate_pixels_std|bottom_raw_in_flux_std|bottom_raw_out_flux_std
20,6,roi_tenengrad_mean_mean,0.9788609906762039,0.9544216729431438,roi_tenengrad_mean_max|roi_tenengrad_mean_mean|roi_tenengrad_mean_min|roi_tenengrad_mean_p10|roi_tenengrad_mean_p50|roi_tenengrad_mean_p90
21,6,frame_diff_changed_ratio_25_p90,0.9736315663683328,0.9546914843685703,frame_diff_changed_ratio_25_mean|frame_diff_changed_ratio_25_p50|frame_diff_changed_ratio_25_p90|frame_diff_changed_ratio_25_std|frame_diff_mean_p90|frame_diff_p90_p90
22,6,band_normal_abs_mean_max,0.9662076806091487,0.9528761769282059,band_flow_mag_mean_max|band_normal_abs_mean_max|band_normal_abs_p90_max|raw_in_flux_max|raw_out_flux_max|raw_traffic_flux_max
23,5,raw_candidate_pixels_min,0.9932253724092817,0.9843945480700838,raw_candidate_component_area_ratio_min|raw_candidate_component_area_sum_min|raw_candidate_pixels_min|raw_candidate_ratio_band_min|raw_traffic_flux_min
24,5,roi_laplacian_var_mean,0.9850473597385396,0.9568318594162287,roi_laplacian_var_mean|roi_laplacian_var_min|roi_laplacian_var_p10|roi_laplacian_var_p50|roi_laplacian_var_p90
25,5,roi_gray_p05_min,0.9842387400405586,0.973157744949523,background_gray_p05_min|entrance_gray_p05_min|entrance_gray_p05_p10|entrance_gray_p05_p50|roi_gray_p05_min
26,5,roi_edge_density_mean,0.9837748789893697,0.958670254079638,roi_edge_density_max|roi_edge_density_mean|roi_edge_density_p10|roi_edge_density_p50|roi_edge_density_p90
27,5,right_filtered_out_flux_p90,0.9815414436091612,0.9530172367585005,right_filtered_out_flux_mean|right_filtered_out_flux_p90|right_raw_candidate_pixels_p50|right_raw_out_flux_mean|right_raw_out_flux_p90
28,5,rejected_component_count_mean,0.9708590688451323,0.9544312915094719,candidate_direction_entropy_p10|persistence_max_p10|rejected_component_count_mean|rejected_component_count_p50|rejected_component_count_p90
29,5,raw_candidate_component_count_std,0.9699841411896146,0.9592323381618953,persistence_max_mean|persistence_max_p50|raw_candidate_component_count_max|raw_candidate_component_count_std|rejected_component_count_max
30,4,band_normal_abs_mean_min,0.9796455350521328,0.9690142870972462,band_flow_mag_mean_min|band_flow_mag_p90_min|band_normal_abs_mean_min|band_normal_abs_p90_min
31,4,left_filtered_out_flux_std,0.9677980196455161,0.9561124650988891,left_filtered_in_flux_std|left_filtered_out_flux_std|left_raw_candidate_pixels_p90|left_raw_out_flux_std
32,4,raw_candidate_component_area_mean_mean,0.9655575799739314,0.953747479747355,raw_candidate_component_area_mean_mean|raw_candidate_component_area_mean_p50|raw_candidate_component_area_p50_mean|raw_candidate_component_area_p90_p90
33,4,frame_diff_mean_max,0.9653041919273035,0.9513392731921441,frame_diff_changed_ratio_10_max|frame_diff_changed_ratio_25_max|frame_diff_mean_max|frame_diff_p90_max
34,4,entrance_value_std_p90,0.9620761445913896,0.953304086498581,entrance_value_std_max|entrance_value_std_mean|entrance_value_std_p50|entrance_value_std_p90
35,3,filtered_candidate_component_area_p50_max,0.9813517599381165,0.9629100099795193,filtered_candidate_component_area_mean_max|filtered_candidate_component_area_p50_max|filtered_candidate_component_area_p90_max
36,3,roi_saturated_ratio_std,0.9774614864834493,0.9573020989603356,background_saturated_ratio_std|entrance_saturated_ratio_std|roi_saturated_ratio_std
37,3,band_direction_entropy_mean,0.9772539313328368,0.9675961213481687,band_direction_entropy_mean|band_direction_entropy_p10|band_direction_entropy_p50
38,3,filtered_candidate_component_area_p50_std,0.9765552159501227,0.9543277525104955,filtered_candidate_component_area_mean_std|filtered_candidate_component_area_p50_std|filtered_candidate_component_area_p90_std
39,3,candidate_direction_entropy_mean,0.9760295635557652,0.9585178913840094,candidate_direction_entropy_mean|candidate_direction_entropy_p50|candidate_direction_entropy_p90
40,3,frame_diff_mean_std,0.9754039338557472,0.9664634416881462,frame_diff_changed_ratio_10_std|frame_diff_mean_std|frame_diff_p90_std
41,3,bottom_raw_out_flux_p50,0.974663399502844,0.974305819534325,bottom_filtered_candidate_pixels_p50|bottom_filtered_out_flux_p50|bottom_raw_out_flux_p50
42,3,right_filtered_in_flux_p50,0.9733341344927549,0.9685296931361763,right_filtered_in_flux_p50|right_raw_candidate_pixels_p10|right_raw_in_flux_p50
43,3,roi_flow_mag_p90_min,0.9730688334907116,0.9629288580590412,roi_flow_active_ratio_min|roi_flow_mag_mean_min|roi_flow_mag_p90_min
44,3,band_flow_mag_p90_std,0.9724126625885463,0.9563415521180915,band_flow_mag_p90_std|band_normal_abs_p90_std|roi_flow_mag_p90_std
45,3,raw_in_flux_p10,0.9700879053590725,0.9699373575334183,filtered_in_flux_p10|raw_in_flux_p10|raw_out_flux_p10
46,3,filtered_candidate_component_area_mean_p10,0.9638530316481873,0.9564650952980768,filtered_candidate_component_area_mean_p10|filtered_candidate_component_area_p50_p10|filtered_candidate_component_area_p90_p10
47,3,left_raw_candidate_pixels_p50,0.9615048861262485,0.9518704632623113,left_filtered_candidate_pixels_p50|left_filtered_out_flux_p90|left_raw_candidate_pixels_p50
48,3,top_raw_candidate_pixels_p10,0.9603512086728345,0.9531869904819118,top_filtered_candidate_pixels_p10|top_filtered_out_flux_p50|top_raw_candidate_pixels_p10
49,3,filtered_to_raw_traffic_ratio_p10,0.9568606116604228,0.954692731911491,direction_balance_abs_p50|filtered_to_raw_traffic_ratio_p10|right_filtered_candidate_pixels_p50
50,3,left_filtered_out_flux_p50,0.9510816763461387,0.9500140796530118,left_filtered_out_flux_p50|left_raw_candidate_pixels_p10|left_raw_out_flux_p50
51,2,in_flux_share_p10,1.0,1.0,in_flux_share_p10|out_flux_share_p90
52,2,out_flux_share_max,1.0,1.0,in_flux_share_min|out_flux_share_max
53,2,out_flux_share_mean,1.0,1.0,in_flux_share_mean|out_flux_share_mean
54,2,out_flux_share_min,1.0,1.0,in_flux_share_max|out_flux_share_min
55,2,out_flux_share_std,1.0,1.0,in_flux_share_std|out_flux_share_std
56,2,out_flux_share_p10,0.9999999999999999,0.9999999999999999,in_flux_share_p90|out_flux_share_p10
57,2,total_in_flux_share,0.9999999999999998,0.9999999999999998,total_in_flux_share|total_out_flux_share
58,2,out_flux_share_p50,0.9999999999999996,0.9999999999999996,in_flux_share_p50|out_flux_share_p50
59,2,raw_candidate_component_area_p50_max,0.9981328531457088,0.9981328531457088,raw_candidate_component_area_mean_max|raw_candidate_component_area_p50_max
60,2,background_saturation_std_std,0.9975159463886181,0.9975159463886181,background_saturation_std_std|roi_saturation_std_std
61,2,background_saturation_std_min,0.9972291166201007,0.9972291166201007,background_saturation_std_min|roi_saturation_std_min
62,2,roi_saturation_mean_std,0.9954695608610206,0.9954695608610206,background_saturation_mean_std|roi_saturation_mean_std
63,2,raw_candidate_component_area_p50_std,0.9937378869420497,0.9937378869420497,raw_candidate_component_area_mean_std|raw_candidate_component_area_p50_std
64,2,background_gray_p95_std,0.9937303927930233,0.9937303927930233,background_gray_p95_std|roi_gray_p95_std
65,2,roi_dark_ratio_std,0.9929772061722616,0.9929772061722616,background_dark_ratio_std|roi_dark_ratio_std
66,2,background_bright_ratio_std,0.9922320162278536,0.9922320162278536,background_bright_ratio_std|roi_bright_ratio_std
67,2,right_filtered_out_flux_p10,0.9909296436864492,0.9909296436864492,right_filtered_out_flux_p10|top_raw_in_flux_min
68,2,roi_value_mean_std,0.9902153256731855,0.9902153256731855,background_value_mean_std|roi_value_mean_std
69,2,background_gray_mean_std,0.9898388282211528,0.9898388282211528,background_gray_mean_std|roi_gray_mean_std
70,2,raw_candidate_component_area_mean_p90,0.988962449834665,0.988962449834665,raw_candidate_component_area_mean_p90|raw_candidate_component_area_p50_p90
71,2,frame_diff_p90_p10,0.9858819357340396,0.9858819357340396,frame_diff_mean_p10|frame_diff_p90_p10
72,2,entrance_gray_dynamic_range_min,0.9854245891843477,0.9854245891843477,entrance_gray_dynamic_range_min|entrance_gray_std_min
73,2,background_gray_entropy_std,0.9816411897851438,0.9816411897851438,background_gray_entropy_std|roi_gray_entropy_std
74,2,entrance_saturation_std_p50,0.9804632077661223,0.9804632077661223,entrance_saturation_std_p10|entrance_saturation_std_p50
75,2,roi_gray_std_std,0.9795978867563726,0.9795978867563726,background_gray_std_std|roi_gray_std_std
76,2,right_raw_out_flux_p50,0.9763646007893487,0.9763646007893487,right_filtered_out_flux_p50|right_raw_out_flux_p50
77,2,raw_candidate_component_area_max_max,0.9758907906406055,0.9758907906406055,raw_candidate_component_area_max_max|raw_candidate_component_area_p90_max
78,2,roi_value_std_min,0.9754887238323353,0.9754887238323353,background_value_std_min|roi_value_std_min
79,2,frame_diff_p90_min,0.9740053935346475,0.9740053935346475,frame_diff_mean_min|frame_diff_p90_min
80,2,right_raw_candidate_pixels_max,0.9695987898848312,0.9695987898848312,right_filtered_candidate_pixels_max|right_raw_candidate_pixels_max
81,2,left_raw_in_flux_p50,0.9686163733770659,0.9686163733770659,left_filtered_in_flux_p50|left_raw_in_flux_p50
82,2,left_raw_candidate_pixels_max,0.9660013182572446,0.9660013182572446,left_filtered_candidate_pixels_max|left_raw_candidate_pixels_max
83,2,bottom_raw_out_flux_max,0.9659297024734315,0.9659297024734315,bottom_filtered_out_flux_max|bottom_raw_out_flux_max
84,2,filtered_candidate_component_area_p90_min,0.9648155879952182,0.9648155879952182,filtered_candidate_component_area_mean_min|filtered_candidate_component_area_p90_min
85,2,top_raw_out_flux_max,0.9609416309793151,0.9609416309793151,top_filtered_out_flux_max|top_raw_out_flux_max
86,2,roi_gray_dynamic_range_std,0.9606711592640677,0.9606711592640677,background_gray_dynamic_range_std|roi_gray_dynamic_range_std
87,2,roi_flow_mag_p90_max,0.9599908273084129,0.9599908273084129,roi_flow_mag_mean_max|roi_flow_mag_p90_max
88,2,bottom_raw_in_flux_p50,0.9523883889777744,0.9523883889777744,bottom_filtered_in_flux_p50|bottom_raw_in_flux_p50
89,1,background_gray_p05_std,1.0,1.0,background_gray_p05_std
90,1,background_gray_p50_std,1.0,1.0,background_gray_p50_std
91,1,background_saturation_mean_min,1.0,1.0,background_saturation_mean_min
92,1,background_value_std_std,1.0,1.0,background_value_std_std
93,1,band_direction_entropy_max,1.0,1.0,band_direction_entropy_max
94,1,band_direction_entropy_min,1.0,1.0,band_direction_entropy_min
95,1,band_direction_entropy_p90,1.0,1.0,band_direction_entropy_p90
96,1,band_direction_entropy_std,1.0,1.0,band_direction_entropy_std
97,1,band_flow_mag_p90_max,1.0,1.0,band_flow_mag_p90_max
98,1,bottom_filtered_candidate_pixels_p10,1.0,1.0,bottom_filtered_candidate_pixels_p10
99,1,bottom_filtered_in_flux_max,1.0,1.0,bottom_filtered_in_flux_max
100,1,bottom_filtered_in_flux_p10,1.0,1.0,bottom_filtered_in_flux_p10
101,1,bottom_filtered_out_flux_p10,1.0,1.0,bottom_filtered_out_flux_p10
102,1,bottom_raw_candidate_pixels_min,1.0,1.0,bottom_raw_candidate_pixels_min
103,1,bottom_raw_candidate_pixels_p10,1.0,1.0,bottom_raw_candidate_pixels_p10
104,1,bottom_raw_in_flux_max,1.0,1.0,bottom_raw_in_flux_max
105,1,bottom_raw_in_flux_p10,1.0,1.0,bottom_raw_in_flux_p10
106,1,bottom_raw_out_flux_p10,1.0,1.0,bottom_raw_out_flux_p10
107,1,candidate_direction_entropy_max,1.0,1.0,candidate_direction_entropy_max
108,1,candidate_direction_entropy_min,1.0,1.0,candidate_direction_entropy_min
109,1,candidate_direction_entropy_std,1.0,1.0,candidate_direction_entropy_std
110,1,direction_balance_abs_max,1.0,1.0,direction_balance_abs_max
111,1,direction_balance_abs_mean,1.0,1.0,direction_balance_abs_mean
112,1,direction_balance_abs_min,1.0,1.0,direction_balance_abs_min
113,1,direction_balance_abs_p10,1.0,1.0,direction_balance_abs_p10
114,1,direction_balance_abs_p90,1.0,1.0,direction_balance_abs_p90
115,1,direction_balance_abs_std,1.0,1.0,direction_balance_abs_std
116,1,entrance_bright_ratio_max,1.0,1.0,entrance_bright_ratio_max
117,1,entrance_bright_ratio_min,1.0,1.0,entrance_bright_ratio_min
118,1,entrance_bright_ratio_p10,1.0,1.0,entrance_bright_ratio_p10
119,1,entrance_bright_ratio_std,1.0,1.0,entrance_bright_ratio_std
120,1,entrance_dark_ratio_std,1.0,1.0,entrance_dark_ratio_std
121,1,entrance_gray_dynamic_range_std,1.0,1.0,entrance_gray_dynamic_range_std
122,1,entrance_gray_entropy_std,1.0,1.0,entrance_gray_entropy_std
123,1,entrance_gray_mean_std,1.0,1.0,entrance_gray_mean_std
124,1,entrance_gray_p05_std,1.0,1.0,entrance_gray_p05_std
125,1,entrance_gray_p50_std,1.0,1.0,entrance_gray_p50_std
126,1,entrance_gray_p95_std,1.0,1.0,entrance_gray_p95_std
127,1,entrance_gray_std_std,1.0,1.0,entrance_gray_std_std
128,1,entrance_saturation_mean_std,1.0,1.0,entrance_saturation_mean_std
129,1,entrance_saturation_std_max,1.0,1.0,entrance_saturation_std_max
130,1,entrance_saturation_std_min,1.0,1.0,entrance_saturation_std_min
131,1,entrance_saturation_std_std,1.0,1.0,entrance_saturation_std_std
132,1,entrance_value_mean_std,1.0,1.0,entrance_value_mean_std
133,1,entrance_value_std_min,1.0,1.0,entrance_value_std_min
134,1,entrance_value_std_p10,1.0,1.0,entrance_value_std_p10
135,1,entrance_value_std_std,1.0,1.0,entrance_value_std_std
136,1,filtered_candidate_component_area_p50_min,1.0,1.0,filtered_candidate_component_area_p50_min
137,1,filtered_out_flux_p10,1.0,1.0,filtered_out_flux_p10
138,1,filtered_to_raw_traffic_ratio_max,1.0,1.0,filtered_to_raw_traffic_ratio_max
139,1,filtered_to_raw_traffic_ratio_p50,1.0,1.0,filtered_to_raw_traffic_ratio_p50
140,1,filtered_to_raw_traffic_ratio_p90,1.0,1.0,filtered_to_raw_traffic_ratio_p90
141,1,filtered_to_raw_traffic_ratio_std,1.0,1.0,filtered_to_raw_traffic_ratio_std
142,1,frame_diff_changed_ratio_10_min,1.0,1.0,frame_diff_changed_ratio_10_min
143,1,frame_diff_changed_ratio_25_min,1.0,1.0,frame_diff_changed_ratio_25_min
144,1,frame_diff_changed_ratio_25_p10,1.0,1.0,frame_diff_changed_ratio_25_p10
145,1,left_filtered_candidate_pixels_p10,1.0,1.0,left_filtered_candidate_pixels_p10
146,1,left_filtered_in_flux_max,1.0,1.0,left_filtered_in_flux_max
147,1,left_filtered_in_flux_p10,1.0,1.0,left_filtered_in_flux_p10
148,1,left_filtered_out_flux_max,1.0,1.0,left_filtered_out_flux_max
149,1,left_filtered_out_flux_p10,1.0,1.0,left_filtered_out_flux_p10
150,1,left_raw_candidate_pixels_min,1.0,1.0,left_raw_candidate_pixels_min
151,1,left_raw_in_flux_max,1.0,1.0,left_raw_in_flux_max
152,1,left_raw_in_flux_p10,1.0,1.0,left_raw_in_flux_p10
153,1,left_raw_out_flux_max,1.0,1.0,left_raw_out_flux_max
154,1,left_raw_out_flux_p10,1.0,1.0,left_raw_out_flux_p10
155,1,persistence_max_max,1.0,1.0,persistence_max_max
156,1,persistence_max_min,1.0,1.0,persistence_max_min
157,1,persistence_max_p90,1.0,1.0,persistence_max_p90
158,1,persistence_max_std,1.0,1.0,persistence_max_std
159,1,persistence_mean_min,1.0,1.0,persistence_mean_min
160,1,raw_candidate_component_area_max_min,1.0,1.0,raw_candidate_component_area_max_min
161,1,raw_candidate_component_area_mean_min,1.0,1.0,raw_candidate_component_area_mean_min
162,1,raw_candidate_component_area_mean_p10,1.0,1.0,raw_candidate_component_area_mean_p10
163,1,raw_candidate_component_area_p50_min,1.0,1.0,raw_candidate_component_area_p50_min
164,1,raw_candidate_component_area_p50_p10,1.0,1.0,raw_candidate_component_area_p50_p10
165,1,raw_candidate_component_area_p50_p50,1.0,1.0,raw_candidate_component_area_p50_p50
166,1,raw_candidate_component_area_p90_min,1.0,1.0,raw_candidate_component_area_p90_min
167,1,raw_candidate_component_area_p90_std,1.0,1.0,raw_candidate_component_area_p90_std
168,1,raw_candidate_component_count_min,1.0,1.0,raw_candidate_component_count_min
169,1,raw_candidate_component_count_p10,1.0,1.0,raw_candidate_component_count_p10
170,1,raw_in_flux_min,1.0,1.0,raw_in_flux_min
171,1,raw_out_flux_min,1.0,1.0,raw_out_flux_min
172,1,rejected_component_count_p10,1.0,1.0,rejected_component_count_p10
173,1,right_filtered_candidate_pixels_p10,1.0,1.0,right_filtered_candidate_pixels_p10
174,1,right_filtered_in_flux_max,1.0,1.0,right_filtered_in_flux_max
175,1,right_filtered_in_flux_p10,1.0,1.0,right_filtered_in_flux_p10
176,1,right_filtered_out_flux_max,1.0,1.0,right_filtered_out_flux_max
177,1,right_raw_candidate_pixels_min,1.0,1.0,right_raw_candidate_pixels_min
178,1,right_raw_in_flux_max,1.0,1.0,right_raw_in_flux_max
179,1,right_raw_in_flux_p10,1.0,1.0,right_raw_in_flux_p10
180,1,right_raw_out_flux_max,1.0,1.0,right_raw_out_flux_max
181,1,right_raw_out_flux_p10,1.0,1.0,right_raw_out_flux_p10
182,1,roi_edge_density_min,1.0,1.0,roi_edge_density_min
183,1,roi_edge_density_std,1.0,1.0,roi_edge_density_std
184,1,roi_flow_mag_p99_max,1.0,1.0,roi_flow_mag_p99_max
185,1,roi_flow_mag_p99_min,1.0,1.0,roi_flow_mag_p99_min
186,1,roi_flow_mag_p99_std,1.0,1.0,roi_flow_mag_p99_std
187,1,roi_gray_p05_std,1.0,1.0,roi_gray_p05_std
188,1,roi_gray_p50_std,1.0,1.0,roi_gray_p50_std
189,1,roi_laplacian_var_max,1.0,1.0,roi_laplacian_var_max
190,1,roi_laplacian_var_std,1.0,1.0,roi_laplacian_var_std
191,1,roi_tenengrad_mean_std,1.0,1.0,roi_tenengrad_mean_std
192,1,roi_value_std_std,1.0,1.0,roi_value_std_std
193,1,top_filtered_in_flux_p10,1.0,1.0,top_filtered_in_flux_p10
194,1,top_filtered_out_flux_p10,1.0,1.0,top_filtered_out_flux_p10
195,1,top_raw_candidate_pixels_max,1.0,1.0,top_raw_candidate_pixels_max
196,1,top_raw_candidate_pixels_min,1.0,1.0,top_raw_candidate_pixels_min
197,1,top_raw_in_flux_max,1.0,1.0,top_raw_in_flux_max
198,1,top_raw_in_flux_p10,1.0,1.0,top_raw_in_flux_p10
199,1,top_raw_out_flux_p10,1.0,1.0,top_raw_out_flux_p10
200,1,total_direction_balance_abs,1.0,1.0,total_direction_balance_abs
201,1,total_filtered_to_raw_traffic_ratio,1.0,1.0,total_filtered_to_raw_traffic_ratio
