group_id,feature,representative_feature,selected_representative,group_size,pearson_r_to_representative,pearson_abs_r_to_representative,pairwise_n_to_representative
1,band_flow_mag_mean_p50,band_flow_mag_mean_p50,True,124,1.0,1.0,4509
1,band_flow_mag_mean_mean,band_flow_mag_mean_p50,False,124,0.9933951573992892,0.9933951573992892,4509
1,band_flow_mag_mean_p90,band_flow_mag_mean_p50,False,124,0.9574876809176,0.9574876809176,4509
1,band_flow_mag_p90_mean,band_flow_mag_mean_p50,False,124,0.9651598699094139,0.9651598699094139,4509
1,band_flow_mag_p90_p10,band_flow_mag_mean_p50,False,124,0.9542513804806798,0.9542513804806798,4509
1,band_flow_mag_p90_p50,band_flow_mag_mean_p50,False,124,0.9870825305727273,0.9870825305727273,4509
1,band_normal_abs_mean_mean,band_flow_mag_mean_p50,False,124,0.9930906555917071,0.9930906555917071,4509
1,band_normal_abs_mean_p50,band_flow_mag_mean_p50,False,124,0.9992131277144354,0.9992131277144354,4509
1,band_normal_abs_mean_p90,band_flow_mag_mean_p50,False,124,0.9556196575718227,0.9556196575718227,4509
1,band_normal_abs_p90_mean,band_flow_mag_mean_p50,False,124,0.97428485457607,0.97428485457607,4509
1,band_normal_abs_p90_p50,band_flow_mag_mean_p50,False,124,0.9921911477371292,0.9921911477371292,4509
1,filtered_candidate_component_area_max_mean,band_flow_mag_mean_p50,False,124,0.9779482471209026,0.9779482471209026,4509
1,filtered_candidate_component_area_max_p50,band_flow_mag_mean_p50,False,124,0.9748191509223474,0.9748191509223474,4509
1,filtered_candidate_component_area_ratio_mean,band_flow_mag_mean_p50,False,124,0.9847723904417038,0.9847723904417038,4509
1,filtered_candidate_component_area_ratio_p50,band_flow_mag_mean_p50,False,124,0.9802675746981859,0.9802675746981859,4509
1,filtered_candidate_component_area_ratio_p90,band_flow_mag_mean_p50,False,124,0.9692298733571295,0.9692298733571295,4509
1,filtered_candidate_component_area_sum_mean,band_flow_mag_mean_p50,False,124,0.9809607240000358,0.9809607240000358,4509
1,filtered_candidate_component_area_sum_p50,band_flow_mag_mean_p50,False,124,0.9762583877845737,0.9762583877845737,4509
1,filtered_candidate_component_area_sum_p90,band_flow_mag_mean_p50,False,124,0.9713981582425958,0.9713981582425958,4509
1,filtered_candidate_component_count_mean,band_flow_mag_mean_p50,False,124,0.9721869020990448,0.9721869020990448,4509
1,filtered_candidate_component_count_p50,band_flow_mag_mean_p50,False,124,0.9634882993347395,0.9634882993347395,4509
1,filtered_candidate_pixels_mean,band_flow_mag_mean_p50,False,124,0.9809607240000358,0.9809607240000358,4509
1,filtered_candidate_pixels_p50,band_flow_mag_mean_p50,False,124,0.9762583877845737,0.9762583877845737,4509
1,filtered_candidate_pixels_p90,band_flow_mag_mean_p50,False,124,0.9713981582425958,0.9713981582425958,4509
1,filtered_candidate_ratio_band_mean,band_flow_mag_mean_p50,False,124,0.9870495888044098,0.9870495888044098,4509
1,filtered_candidate_ratio_band_p50,band_flow_mag_mean_p50,False,124,0.9822827910165904,0.9822827910165904,4509
1,filtered_candidate_ratio_band_p90,band_flow_mag_mean_p50,False,124,0.9737953233563846,0.9737953233563846,4509
1,filtered_in_flux_mean,band_flow_mag_mean_p50,False,124,0.9824331927539882,0.9824331927539882,4509
1,filtered_in_flux_p50,band_flow_mag_mean_p50,False,124,0.9520329635879292,0.9520329635879292,4509
1,filtered_in_flux_p90,band_flow_mag_mean_p50,False,124,0.9730674770283607,0.9730674770283607,4509
1,filtered_out_flux_mean,band_flow_mag_mean_p50,False,124,0.9746713739946969,0.9746713739946969,4509
1,filtered_out_flux_p90,band_flow_mag_mean_p50,False,124,0.9743857440116594,0.9743857440116594,4509
1,filtered_traffic_flux_mean,band_flow_mag_mean_p50,False,124,0.9816323888704012,0.9816323888704012,4509
1,filtered_traffic_flux_p50,band_flow_mag_mean_p50,False,124,0.9730716460946832,0.9730716460946832,4509
1,filtered_traffic_flux_p90,band_flow_mag_mean_p50,False,124,0.9715482733249282,0.9715482733249282,4509
1,frame_diff_changed_ratio_10_mean,band_flow_mag_mean_p50,False,124,0.9665439460403429,0.9665439460403429,4509
1,frame_diff_changed_ratio_10_p50,band_flow_mag_mean_p50,False,124,0.9674558228476884,0.9674558228476884,4509
1,frame_diff_changed_ratio_10_p90,band_flow_mag_mean_p50,False,124,0.9531330985358731,0.9531330985358731,4509
1,frame_diff_mean_mean,band_flow_mag_mean_p50,False,124,0.9551013874251636,0.9551013874251636,4509
1,frame_diff_mean_p50,band_flow_mag_mean_p50,False,124,0.9587188327697541,0.9587188327697541,4509
1,frame_diff_p90_mean,band_flow_mag_mean_p50,False,124,0.9519763837637233,0.9519763837637233,4509
1,frame_diff_p90_p50,band_flow_mag_mean_p50,False,124,0.9520947119771592,0.9520947119771592,4509
1,left_filtered_candidate_pixels_mean,band_flow_mag_mean_p50,False,124,0.9561672778024913,0.9561672778024913,4509
1,left_filtered_candidate_pixels_p90,band_flow_mag_mean_p50,False,124,0.9504032761696792,0.9504032761696792,4509
1,left_filtered_in_flux_mean,band_flow_mag_mean_p50,False,124,0.9528764902799219,0.9528764902799219,4509
1,left_filtered_in_flux_p90,band_flow_mag_mean_p50,False,124,0.9519263933548255,0.9519263933548255,4509
1,left_filtered_out_flux_mean,band_flow_mag_mean_p50,False,124,0.958300041452203,0.958300041452203,4509
1,left_raw_candidate_pixels_mean,band_flow_mag_mean_p50,False,124,0.9666397290912325,0.9666397290912325,4509
1,left_raw_in_flux_mean,band_flow_mag_mean_p50,False,124,0.961440252205111,0.961440252205111,4509
1,left_raw_in_flux_p90,band_flow_mag_mean_p50,False,124,0.958642604683188,0.958642604683188,4509
1,left_raw_out_flux_mean,band_flow_mag_mean_p50,False,124,0.9697995884705768,0.9697995884705768,4509
1,left_raw_out_flux_p90,band_flow_mag_mean_p50,False,124,0.9626101114743695,0.9626101114743695,4509
1,persistence_mean_mean,band_flow_mag_mean_p50,False,124,0.9858712168536036,0.9858712168536036,4509
1,persistence_mean_p10,band_flow_mag_mean_p50,False,124,0.9606439004574787,0.9606439004574787,4509
1,persistence_mean_p50,band_flow_mag_mean_p50,False,124,0.9875903239342392,0.9875903239342392,4509
1,persistence_mean_p90,band_flow_mag_mean_p50,False,124,0.9587089417326986,0.9587089417326986,4509
1,persistent_candidate_pixels_mean,band_flow_mag_mean_p50,False,124,0.9821653705242472,0.9821653705242472,4509
1,persistent_candidate_pixels_p50,band_flow_mag_mean_p50,False,124,0.9796530325298657,0.9796530325298657,4509
1,persistent_candidate_pixels_p90,band_flow_mag_mean_p50,False,124,0.9702267968776318,0.9702267968776318,4509
1,raw_candidate_component_area_max_mean,band_flow_mag_mean_p50,False,124,0.964060489839547,0.964060489839547,4509
1,raw_candidate_component_area_max_p10,band_flow_mag_mean_p50,False,124,0.9512740015448442,0.9512740015448442,4509
1,raw_candidate_component_area_max_p50,band_flow_mag_mean_p50,False,124,0.9643203800083529,0.9643203800083529,4509
1,raw_candidate_component_area_p90_p10,band_flow_mag_mean_p50,False,124,0.9568211404263075,0.9568211404263075,3661
1,raw_candidate_component_area_ratio_mean,band_flow_mag_mean_p50,False,124,0.9858718990696279,0.9858718990696279,4509
1,raw_candidate_component_area_ratio_p50,band_flow_mag_mean_p50,False,124,0.9879222760871054,0.9879222760871054,4509
1,raw_candidate_component_area_ratio_p90,band_flow_mag_mean_p50,False,124,0.9525191281030688,0.9525191281030688,4509
1,raw_candidate_component_area_sum_mean,band_flow_mag_mean_p50,False,124,0.9824957188190027,0.9824957188190027,4509
1,raw_candidate_component_area_sum_p50,band_flow_mag_mean_p50,False,124,0.9844695590641444,0.9844695590641444,4509
1,raw_candidate_component_area_sum_p90,band_flow_mag_mean_p50,False,124,0.9542731231338576,0.9542731231338576,4509
1,raw_candidate_component_count_mean,band_flow_mag_mean_p50,False,124,0.95017937020382,0.95017937020382,4509
1,raw_candidate_component_count_p50,band_flow_mag_mean_p50,False,124,0.9508510714832374,0.9508510714832374,4509
1,raw_candidate_pixels_mean,band_flow_mag_mean_p50,False,124,0.9824957188190024,0.9824957188190024,4509
1,raw_candidate_pixels_p50,band_flow_mag_mean_p50,False,124,0.9844695590641444,0.9844695590641444,4509
1,raw_candidate_pixels_p90,band_flow_mag_mean_p50,False,124,0.9542731231338576,0.9542731231338576,4509
1,raw_candidate_ratio_band_mean,band_flow_mag_mean_p50,False,124,0.988248551689186,0.988248551689186,4509
1,raw_candidate_ratio_band_p50,band_flow_mag_mean_p50,False,124,0.9902014362475909,0.9902014362475909,4509
1,raw_candidate_ratio_band_p90,band_flow_mag_mean_p50,False,124,0.9565167149366357,0.9565167149366357,4509
1,raw_component_count_mean,band_flow_mag_mean_p50,False,124,0.9564029088242829,0.9564029088242829,4509
1,raw_component_count_p50,band_flow_mag_mean_p50,False,124,0.9582265584926817,0.9582265584926817,4509
1,raw_in_flux_mean,band_flow_mag_mean_p50,False,124,0.9795136379077295,0.9795136379077295,4509
1,raw_in_flux_p50,band_flow_mag_mean_p50,False,124,0.9758173966306247,0.9758173966306247,4509
1,raw_in_flux_p90,band_flow_mag_mean_p50,False,124,0.9522422461144354,0.9522422461144354,4509
1,raw_out_flux_mean,band_flow_mag_mean_p50,False,124,0.9749894402862752,0.9749894402862752,4509
1,raw_out_flux_p50,band_flow_mag_mean_p50,False,124,0.9628831397607757,0.9628831397607757,4509
1,raw_out_flux_p90,band_flow_mag_mean_p50,False,124,0.956391183026164,0.956391183026164,4509
1,raw_traffic_flux_mean,band_flow_mag_mean_p50,False,124,0.9801748745518649,0.9801748745518649,4509
1,raw_traffic_flux_p50,band_flow_mag_mean_p50,False,124,0.9854747745204975,0.9854747745204975,4509
1,right_filtered_candidate_pixels_mean,band_flow_mag_mean_p50,False,124,0.963528333510768,0.963528333510768,4509
1,right_filtered_in_flux_mean,band_flow_mag_mean_p50,False,124,0.9546347045660178,0.9546347045660178,4509
1,right_filtered_in_flux_p90,band_flow_mag_mean_p50,False,124,0.9506214590282772,0.9506214590282772,4509
1,right_raw_candidate_pixels_mean,band_flow_mag_mean_p50,False,124,0.963628446801981,0.963628446801981,4509
1,right_raw_in_flux_mean,band_flow_mag_mean_p50,False,124,0.9574059222054521,0.9574059222054521,4509
1,right_raw_in_flux_p90,band_flow_mag_mean_p50,False,124,0.9508606111624199,0.9508606111624199,4509
1,roi_flow_active_ratio_mean,band_flow_mag_mean_p50,False,124,0.9832189440737555,0.9832189440737555,4509
1,roi_flow_active_ratio_p10,band_flow_mag_mean_p50,False,124,0.9528388135430662,0.9528388135430662,4509
1,roi_flow_active_ratio_p50,band_flow_mag_mean_p50,False,124,0.9836985994875826,0.9836985994875826,4509
1,roi_flow_active_ratio_p90,band_flow_mag_mean_p50,False,124,0.9670821530574133,0.9670821530574133,4509
1,roi_flow_mag_mean_mean,band_flow_mag_mean_p50,False,124,0.9872814998467738,0.9872814998467738,4509
1,roi_flow_mag_mean_p10,band_flow_mag_mean_p50,False,124,0.9582760591772672,0.9582760591772672,4509
1,roi_flow_mag_mean_p50,band_flow_mag_mean_p50,False,124,0.9938229131002306,0.9938229131002306,4509
1,roi_flow_mag_mean_p90,band_flow_mag_mean_p50,False,124,0.950836881259089,0.950836881259089,4509
1,roi_flow_mag_p90_mean,band_flow_mag_mean_p50,False,124,0.9736150553546571,0.9736150553546571,4509
1,roi_flow_mag_p90_p10,band_flow_mag_mean_p50,False,124,0.9574930679314589,0.9574930679314589,4509
1,roi_flow_mag_p90_p50,band_flow_mag_mean_p50,False,124,0.9885720680589595,0.9885720680589595,4509
1,roi_flow_mag_p99_p10,band_flow_mag_mean_p50,False,124,0.9789379799234149,0.9789379799234149,4509
1,top_filtered_candidate_pixels_mean,band_flow_mag_mean_p50,False,124,0.965987948622605,0.965987948622605,4509
1,top_filtered_candidate_pixels_p50,band_flow_mag_mean_p50,False,124,0.9505754754823366,0.9505754754823366,4509
1,top_filtered_in_flux_mean,band_flow_mag_mean_p50,False,124,0.9651889718297691,0.9651889718297691,4509
1,top_filtered_in_flux_p90,band_flow_mag_mean_p50,False,124,0.9533442491089611,0.9533442491089611,4509
1,top_filtered_out_flux_mean,band_flow_mag_mean_p50,False,124,0.9659617072241629,0.9659617072241629,4509
1,top_filtered_out_flux_p90,band_flow_mag_mean_p50,False,124,0.9706432459532645,0.9706432459532645,4509
1,top_raw_candidate_pixels_mean,band_flow_mag_mean_p50,False,124,0.9613869719648634,0.9613869719648634,4509
1,top_raw_candidate_pixels_p50,band_flow_mag_mean_p50,False,124,0.9643640645930416,0.9643640645930416,4509
1,top_raw_in_flux_mean,band_flow_mag_mean_p50,False,124,0.9533864867808374,0.9533864867808374,4509
1,top_raw_out_flux_mean,band_flow_mag_mean_p50,False,124,0.9664146530084243,0.9664146530084243,4509
1,top_raw_out_flux_p90,band_flow_mag_mean_p50,False,124,0.9527346781424938,0.9527346781424938,4509
1,total_filtered_in_flux,band_flow_mag_mean_p50,False,124,0.9824354389652961,0.9824354389652961,4509
1,total_filtered_out_flux,band_flow_mag_mean_p50,False,124,0.9746898408046599,0.9746898408046599,4509
1,total_filtered_traffic_flux,band_flow_mag_mean_p50,False,124,0.9816428071841918,0.9816428071841918,4509
1,total_raw_in_flux,band_flow_mag_mean_p50,False,124,0.9795136961534822,0.9795136961534822,4509
1,total_raw_out_flux,band_flow_mag_mean_p50,False,124,0.9750005507889588,0.9750005507889588,4509
1,total_raw_traffic_flux,band_flow_mag_mean_p50,False,124,0.980180692136758,0.980180692136758,4509
1,valid_component_count_mean,band_flow_mag_mean_p50,False,124,0.9721869020990448,0.9721869020990448,4509
1,valid_component_count_p50,band_flow_mag_mean_p50,False,124,0.9634882993347395,0.9634882993347395,4509
2,persistent_candidate_pixels_std,persistent_candidate_pixels_std,True,63,1.0,1.0,4509
2,band_flow_mag_mean_std,persistent_candidate_pixels_std,False,63,0.9510638953635951,0.9510638953635951,4509
2,band_flow_mag_p90_p90,persistent_candidate_pixels_std,False,63,0.9556949592255031,0.9556949592255031,4509
2,band_normal_abs_p90_p90,persistent_candidate_pixels_std,False,63,0.9501361256669714,0.9501361256669714,4509
2,filtered_candidate_component_area_max_max,persistent_candidate_pixels_std,False,63,0.9544849127486219,0.9544849127486219,4509
2,filtered_candidate_component_area_max_p90,persistent_candidate_pixels_std,False,63,0.9667823279005177,0.9667823279005177,4509
2,filtered_candidate_component_area_max_std,persistent_candidate_pixels_std,False,63,0.9726053562992648,0.9726053562992648,4509
2,filtered_candidate_component_area_ratio_max,persistent_candidate_pixels_std,False,63,0.9664093480526488,0.9664093480526488,4509
2,filtered_candidate_component_area_ratio_std,persistent_candidate_pixels_std,False,63,0.9777081746562586,0.9777081746562586,4509
2,filtered_candidate_component_area_sum_max,persistent_candidate_pixels_std,False,63,0.9812744387354515,0.9812744387354515,4509
2,filtered_candidate_component_area_sum_std,persistent_candidate_pixels_std,False,63,0.9995739115359497,0.9995739115359497,4509
2,filtered_candidate_component_count_max,persistent_candidate_pixels_std,False,63,0.9679930792560533,0.9679930792560533,4509
2,filtered_candidate_component_count_p90,persistent_candidate_pixels_std,False,63,0.9612779750057403,0.9612779750057403,4509
2,filtered_candidate_component_count_std,persistent_candidate_pixels_std,False,63,0.9860306601926065,0.9860306601926065,4509
2,filtered_candidate_pixels_max,persistent_candidate_pixels_std,False,63,0.9812744387354515,0.9812744387354515,4509
2,filtered_candidate_pixels_std,persistent_candidate_pixels_std,False,63,0.9995739115359497,0.9995739115359497,4509
2,filtered_candidate_ratio_band_max,persistent_candidate_pixels_std,False,63,0.9762898445206905,0.9762898445206905,4509
2,filtered_candidate_ratio_band_std,persistent_candidate_pixels_std,False,63,0.9899926082393508,0.9899926082393508,4509
2,filtered_in_flux_std,persistent_candidate_pixels_std,False,63,0.9583937940613653,0.9583937940613653,4509
2,filtered_out_flux_std,persistent_candidate_pixels_std,False,63,0.9573382706463744,0.9573382706463744,4509
2,filtered_to_raw_traffic_ratio_mean,persistent_candidate_pixels_std,False,63,0.9512516366644732,0.9512516366644732,3661
2,filtered_traffic_flux_std,persistent_candidate_pixels_std,False,63,0.9671597996993802,0.9671597996993802,4509
2,left_filtered_candidate_pixels_std,persistent_candidate_pixels_std,False,63,0.9635152343807588,0.9635152343807588,4509
2,left_raw_candidate_pixels_std,persistent_candidate_pixels_std,False,63,0.9685185398840126,0.9685185398840126,4509
2,persistence_mean_max,persistent_candidate_pixels_std,False,63,0.9687471602829538,0.9687471602829538,4509
2,persistence_mean_std,persistent_candidate_pixels_std,False,63,0.9669569725676563,0.9669569725676563,4509
2,persistent_candidate_pixels_max,persistent_candidate_pixels_std,False,63,0.9822661840484838,0.9822661840484838,4509
2,raw_candidate_component_area_max_p90,persistent_candidate_pixels_std,False,63,0.9771688124798914,0.9771688124798914,4509
2,raw_candidate_component_area_max_std,persistent_candidate_pixels_std,False,63,0.9568907920799843,0.9568907920799843,4509
2,raw_candidate_component_area_p90_mean,persistent_candidate_pixels_std,False,63,0.9558353866005395,0.9558353866005395,3661
2,raw_candidate_component_area_p90_p50,persistent_candidate_pixels_std,False,63,0.9583778534426906,0.9583778534426906,3661
2,raw_candidate_component_area_ratio_max,persistent_candidate_pixels_std,False,63,0.9570742662747254,0.9570742662747254,4509
2,raw_candidate_component_area_ratio_std,persistent_candidate_pixels_std,False,63,0.969136712198787,0.969136712198787,4509
2,raw_candidate_component_area_sum_max,persistent_candidate_pixels_std,False,63,0.9673234974943717,0.9673234974943717,4509
2,raw_candidate_component_area_sum_std,persistent_candidate_pixels_std,False,63,0.9916730089079697,0.9916730089079697,4509
2,raw_candidate_component_count_p90,persistent_candidate_pixels_std,False,63,0.95402035355327,0.95402035355327,4509
2,raw_candidate_pixels_max,persistent_candidate_pixels_std,False,63,0.9673234974943717,0.9673234974943717,4509
2,raw_candidate_pixels_std,persistent_candidate_pixels_std,False,63,0.9916730089079698,0.9916730089079698,4509
2,raw_candidate_ratio_band_max,persistent_candidate_pixels_std,False,63,0.9647162752175485,0.9647162752175485,4509
2,raw_candidate_ratio_band_std,persistent_candidate_pixels_std,False,63,0.9811302759029488,0.9811302759029488,4509
2,raw_component_count_max,persistent_candidate_pixels_std,False,63,0.9518510434499283,0.9518510434499283,4509
2,raw_component_count_p90,persistent_candidate_pixels_std,False,63,0.9579660816168678,0.9579660816168678,4509
2,raw_component_count_std,persistent_candidate_pixels_std,False,63,0.9700432993813186,0.9700432993813186,4509
2,raw_out_flux_std,persistent_candidate_pixels_std,False,63,0.9537036518726549,0.9537036518726549,4509
2,raw_traffic_flux_p90,persistent_candidate_pixels_std,False,63,0.9509529394076095,0.9509529394076095,4509
2,raw_traffic_flux_std,persistent_candidate_pixels_std,False,63,0.9510313663831013,0.9510313663831013,4509
2,rejected_component_count_std,persistent_candidate_pixels_std,False,63,0.9591439770354768,0.9591439770354768,4509
2,right_filtered_candidate_pixels_p90,persistent_candidate_pixels_std,False,63,0.9572989027962481,0.9572989027962481,4509
2,right_filtered_candidate_pixels_std,persistent_candidate_pixels_std,False,63,0.9769732833302142,0.9769732833302142,4509
2,right_raw_candidate_pixels_p90,persistent_candidate_pixels_std,False,63,0.9711471371797584,0.9711471371797584,4509
2,right_raw_candidate_pixels_std,persistent_candidate_pixels_std,False,63,0.9579637262706914,0.9579637262706914,4509
2,roi_flow_active_ratio_max,persistent_candidate_pixels_std,False,63,0.9578871609200634,0.9578871609200634,4509
2,roi_flow_active_ratio_std,persistent_candidate_pixels_std,False,63,0.9724429027537608,0.9724429027537608,4509
2,roi_flow_mag_p99_mean,persistent_candidate_pixels_std,False,63,0.970934785496859,0.970934785496859,4509
2,roi_flow_mag_p99_p50,persistent_candidate_pixels_std,False,63,0.9636516889449319,0.9636516889449319,4509
2,top_filtered_candidate_pixels_max,persistent_candidate_pixels_std,False,63,0.9548322726780768,0.9548322726780768,4509
2,top_filtered_candidate_pixels_p90,persistent_candidate_pixels_std,False,63,0.9622832932078124,0.9622832932078124,4509
2,top_filtered_candidate_pixels_std,persistent_candidate_pixels_std,False,63,0.9873786584332336,0.9873786584332336,4509
2,top_raw_candidate_pixels_p90,persistent_candidate_pixels_std,False,63,0.9764103310684822,0.9764103310684822,4509
2,top_raw_candidate_pixels_std,persistent_candidate_pixels_std,False,63,0.9704205940828057,0.9704205940828057,4509
2,valid_component_count_max,persistent_candidate_pixels_std,False,63,0.9679930792560533,0.9679930792560533,4509
2,valid_component_count_p90,persistent_candidate_pixels_std,False,63,0.9612779750057403,0.9612779750057403,4509
2,valid_component_count_std,persistent_candidate_pixels_std,False,63,0.9860306601926065,0.9860306601926065,4509
3,entrance_gray_mean_mean,entrance_gray_mean_mean,True,55,1.0,1.0,4509
3,background_gray_mean_max,entrance_gray_mean_mean,False,55,0.9613722429312013,0.9613722429312013,4509
3,background_gray_mean_mean,entrance_gray_mean_mean,False,55,0.9734010110316743,0.9734010110316743,4509
3,background_gray_mean_min,entrance_gray_mean_mean,False,55,0.9761963691178523,0.9761963691178523,4509
3,background_gray_mean_p10,entrance_gray_mean_mean,False,55,0.9756706103836743,0.9756706103836743,4509
3,background_gray_mean_p50,entrance_gray_mean_mean,False,55,0.9729317612952249,0.9729317612952249,4509
3,background_gray_mean_p90,entrance_gray_mean_mean,False,55,0.968934879682223,0.968934879682223,4509
3,background_gray_p05_max,entrance_gray_mean_mean,False,55,0.9520915779207562,0.9520915779207562,4509
3,background_gray_p05_mean,entrance_gray_mean_mean,False,55,0.9584281515520826,0.9584281515520826,4509
3,background_gray_p05_p10,entrance_gray_mean_mean,False,55,0.9563703731968678,0.9563703731968678,4509
3,background_gray_p05_p50,entrance_gray_mean_mean,False,55,0.9569609158441633,0.9569609158441633,4509
3,background_gray_p05_p90,entrance_gray_mean_mean,False,55,0.9560023545544019,0.9560023545544019,4509
3,background_gray_p50_mean,entrance_gray_mean_mean,False,55,0.9607250744515015,0.9607250744515015,4509
3,background_gray_p50_min,entrance_gray_mean_mean,False,55,0.9611209934719199,0.9611209934719199,4509
3,background_gray_p50_p10,entrance_gray_mean_mean,False,55,0.9621544369846904,0.9621544369846904,4509
3,background_gray_p50_p50,entrance_gray_mean_mean,False,55,0.958844785220799,0.958844785220799,4509
3,background_gray_p50_p90,entrance_gray_mean_mean,False,55,0.9529227277696394,0.9529227277696394,4509
3,background_gray_p95_min,entrance_gray_mean_mean,False,55,0.9518931915092038,0.9518931915092038,4509
3,entrance_gray_mean_max,entrance_gray_mean_mean,False,55,0.9804537227861218,0.9804537227861218,4509
3,entrance_gray_mean_min,entrance_gray_mean_mean,False,55,0.9790912129082218,0.9790912129082218,4509
3,entrance_gray_mean_p10,entrance_gray_mean_mean,False,55,0.994783350207751,0.994783350207751,4509
3,entrance_gray_mean_p50,entrance_gray_mean_mean,False,55,0.9997631976922644,0.9997631976922644,4509
3,entrance_gray_mean_p90,entrance_gray_mean_mean,False,55,0.9950284249513806,0.9950284249513806,4509
3,entrance_gray_p05_max,entrance_gray_mean_mean,False,55,0.9540893307165679,0.9540893307165679,4509
3,entrance_gray_p05_mean,entrance_gray_mean_mean,False,55,0.9504055465884645,0.9504055465884645,4509
3,entrance_gray_p05_p90,entrance_gray_mean_mean,False,55,0.956105194215482,0.956105194215482,4509
3,entrance_gray_p50_max,entrance_gray_mean_mean,False,55,0.9685873084895766,0.9685873084895766,4509
3,entrance_gray_p50_mean,entrance_gray_mean_mean,False,55,0.9942669190420964,0.9942669190420964,4509
3,entrance_gray_p50_min,entrance_gray_mean_mean,False,55,0.962640513606198,0.962640513606198,4509
3,entrance_gray_p50_p10,entrance_gray_mean_mean,False,55,0.9811541112204664,0.9811541112204664,4509
3,entrance_gray_p50_p50,entrance_gray_mean_mean,False,55,0.991222015169166,0.991222015169166,4509
3,entrance_gray_p50_p90,entrance_gray_mean_mean,False,55,0.9878270998125456,0.9878270998125456,4509
3,entrance_gray_p95_mean,entrance_gray_mean_mean,False,55,0.9777265111013895,0.9777265111013895,4509
3,entrance_gray_p95_min,entrance_gray_mean_mean,False,55,0.9841657778805697,0.9841657778805697,4509
3,entrance_gray_p95_p10,entrance_gray_mean_mean,False,55,0.9850200242380388,0.9850200242380388,4509
3,entrance_gray_p95_p50,entrance_gray_mean_mean,False,55,0.9759739397660538,0.9759739397660538,4509
3,entrance_gray_p95_p90,entrance_gray_mean_mean,False,55,0.9643121478720873,0.9643121478720873,4509
3,roi_gray_mean_max,entrance_gray_mean_mean,False,55,0.9698732080844751,0.9698732080844751,4509
3,roi_gray_mean_mean,entrance_gray_mean_mean,False,55,0.9821371851017969,0.9821371851017969,4509
3,roi_gray_mean_min,entrance_gray_mean_mean,False,55,0.982725734788328,0.982725734788328,4509
3,roi_gray_mean_p10,entrance_gray_mean_mean,False,55,0.9836680241059045,0.9836680241059045,4509
3,roi_gray_mean_p50,entrance_gray_mean_mean,False,55,0.981851840137621,0.981851840137621,4509
3,roi_gray_mean_p90,entrance_gray_mean_mean,False,55,0.9780236617145983,0.9780236617145983,4509
3,roi_gray_p05_max,entrance_gray_mean_mean,False,55,0.9550469047248646,0.9550469047248646,4509
3,roi_gray_p05_mean,entrance_gray_mean_mean,False,55,0.9593915719582728,0.9593915719582728,4509
3,roi_gray_p05_p10,entrance_gray_mean_mean,False,55,0.9544239163320223,0.9544239163320223,4509
3,roi_gray_p05_p50,entrance_gray_mean_mean,False,55,0.9580891837531176,0.9580891837531176,4509
3,roi_gray_p05_p90,entrance_gray_mean_mean,False,55,0.9586587747860593,0.9586587747860593,4509
3,roi_gray_p50_max,entrance_gray_mean_mean,False,55,0.9559794979742195,0.9559794979742195,4509
3,roi_gray_p50_mean,entrance_gray_mean_mean,False,55,0.9736858676621167,0.9736858676621167,4509
3,roi_gray_p50_min,entrance_gray_mean_mean,False,55,0.9691320718025165,0.9691320718025165,4509
3,roi_gray_p50_p10,entrance_gray_mean_mean,False,55,0.9733350408090006,0.9733350408090006,4509
3,roi_gray_p50_p50,entrance_gray_mean_mean,False,55,0.9720302899344131,0.9720302899344131,4509
3,roi_gray_p50_p90,entrance_gray_mean_mean,False,55,0.9671667795843901,0.9671667795843901,4509
3,roi_gray_p95_min,entrance_gray_mean_mean,False,55,0.9548177759697388,0.9548177759697388,4509
4,roi_gray_std_mean,roi_gray_std_mean,True,24,1.0,1.0,4509
4,background_gray_dynamic_range_max,roi_gray_std_mean,False,24,0.9573022287368492,0.9573022287368492,4509
4,background_gray_dynamic_range_mean,roi_gray_std_mean,False,24,0.9838201250571713,0.9838201250571713,4509
4,background_gray_dynamic_range_min,roi_gray_std_mean,False,24,0.9748253265392857,0.9748253265392857,4509
4,background_gray_dynamic_range_p10,roi_gray_std_mean,False,24,0.9830542146473783,0.9830542146473783,4509
4,background_gray_dynamic_range_p50,roi_gray_std_mean,False,24,0.9825340752718491,0.9825340752718491,4509
4,background_gray_dynamic_range_p90,roi_gray_std_mean,False,24,0.9755222691804932,0.9755222691804932,4509
4,background_gray_std_max,roi_gray_std_mean,False,24,0.9819813392278902,0.9819813392278902,4509
4,background_gray_std_mean,roi_gray_std_mean,False,24,0.9950980247394018,0.9950980247394018,4509
4,background_gray_std_min,roi_gray_std_mean,False,24,0.9762862814267517,0.9762862814267517,4509
4,background_gray_std_p10,roi_gray_std_mean,False,24,0.9903232562978337,0.9903232562978337,4509
4,background_gray_std_p50,roi_gray_std_mean,False,24,0.9939676202119272,0.9939676202119272,4509
4,background_gray_std_p90,roi_gray_std_mean,False,24,0.9923193808198958,0.9923193808198958,4509
4,roi_gray_dynamic_range_max,roi_gray_std_mean,False,24,0.9505817202721255,0.9505817202721255,4509
4,roi_gray_dynamic_range_mean,roi_gray_std_mean,False,24,0.9818185347762612,0.9818185347762612,4509
4,roi_gray_dynamic_range_min,roi_gray_std_mean,False,24,0.9748163947102615,0.9748163947102615,4509
4,roi_gray_dynamic_range_p10,roi_gray_std_mean,False,24,0.9834920649973241,0.9834920649973241,4509
4,roi_gray_dynamic_range_p50,roi_gray_std_mean,False,24,0.9807916860240661,0.9807916860240661,4509
4,roi_gray_dynamic_range_p90,roi_gray_std_mean,False,24,0.9707019641662383,0.9707019641662383,4509
4,roi_gray_std_max,roi_gray_std_mean,False,24,0.984336548350419,0.984336548350419,4509
4,roi_gray_std_min,roi_gray_std_mean,False,24,0.9797845738385631,0.9797845738385631,4509
4,roi_gray_std_p10,roi_gray_std_mean,False,24,0.9952310397072659,0.9952310397072659,4509
4,roi_gray_std_p50,roi_gray_std_mean,False,24,0.9995334878743751,0.9995334878743751,4509
4,roi_gray_std_p90,roi_gray_std_mean,False,24,0.9964611115723521,0.9964611115723521,4509
5,raw_candidate_pixels_p10,raw_candidate_pixels_p10,True,23,1.0,1.0,4509
5,band_flow_mag_mean_p10,raw_candidate_pixels_p10,False,23,0.9786420095501862,0.9786420095501862,4509
5,band_normal_abs_mean_p10,raw_candidate_pixels_p10,False,23,0.9815253394988356,0.9815253394988356,4509
5,band_normal_abs_p90_p10,raw_candidate_pixels_p10,False,23,0.9795056811409102,0.9795056811409102,4509
5,filtered_candidate_component_area_max_p10,raw_candidate_pixels_p10,False,23,0.976071045027732,0.976071045027732,4509
5,filtered_candidate_component_area_ratio_p10,raw_candidate_pixels_p10,False,23,0.9737531309427618,0.9737531309427618,4509
5,filtered_candidate_component_area_sum_p10,raw_candidate_pixels_p10,False,23,0.9827313130718164,0.9827313130718164,4509
5,filtered_candidate_component_count_p10,raw_candidate_pixels_p10,False,23,0.9715284497481397,0.9715284497481397,4509
5,filtered_candidate_pixels_p10,raw_candidate_pixels_p10,False,23,0.9827313130718164,0.9827313130718164,4509
5,filtered_candidate_ratio_band_p10,raw_candidate_pixels_p10,False,23,0.9788052950600394,0.9788052950600394,4509
5,filtered_out_flux_p50,raw_candidate_pixels_p10,False,23,0.9791245897342672,0.9791245897342672,4509
5,filtered_traffic_flux_p10,raw_candidate_pixels_p10,False,23,0.9619107133477436,0.9619107133477436,4509
5,frame_diff_changed_ratio_10_p10,raw_candidate_pixels_p10,False,23,0.9571943952602766,0.9571943952602766,4509
5,persistent_candidate_pixels_p10,raw_candidate_pixels_p10,False,23,0.99297097094427,0.99297097094427,4509
5,raw_candidate_component_area_ratio_p10,raw_candidate_pixels_p10,False,23,0.988098987564293,0.988098987564293,4509
5,raw_candidate_component_area_sum_p10,raw_candidate_pixels_p10,False,23,1.0,1.0,4509
5,raw_candidate_ratio_band_p10,raw_candidate_pixels_p10,False,23,0.9949177291953775,0.9949177291953775,4509
5,raw_component_count_p10,raw_candidate_pixels_p10,False,23,0.9575650398215211,0.9575650398215211,4509
5,raw_traffic_flux_p10,raw_candidate_pixels_p10,False,23,0.9886570419251529,0.9886570419251529,4509
5,top_filtered_in_flux_p50,raw_candidate_pixels_p10,False,23,0.9540110274540906,0.9540110274540906,4509
5,top_raw_in_flux_p50,raw_candidate_pixels_p10,False,23,0.9560475438576462,0.9560475438576462,4509
5,top_raw_out_flux_p50,raw_candidate_pixels_p10,False,23,0.9586515846114598,0.9586515846114598,4509
5,valid_component_count_p10,raw_candidate_pixels_p10,False,23,0.9715284497481397,0.9715284497481397,4509
6,raw_in_flux_std,raw_in_flux_std,True,19,1.0,1.0,4509
6,band_normal_abs_mean_std,raw_in_flux_std,False,19,0.9800869382732854,0.9800869382732854,4509
6,filtered_in_flux_max,raw_in_flux_std,False,19,0.9637004227542315,0.9637004227542315,4509
6,filtered_out_flux_max,raw_in_flux_std,False,19,0.95134466715011,0.95134466715011,4509
6,filtered_traffic_flux_max,raw_in_flux_std,False,19,0.9643552134053978,0.9643552134053978,4509
6,left_raw_in_flux_std,raw_in_flux_std,False,19,0.963497373718062,0.963497373718062,4509
6,right_filtered_in_flux_std,raw_in_flux_std,False,19,0.9582108504437274,0.9582108504437274,4509
6,right_filtered_out_flux_std,raw_in_flux_std,False,19,0.9539435141761549,0.9539435141761549,4509
6,right_raw_in_flux_std,raw_in_flux_std,False,19,0.9741385493111236,0.9741385493111236,4509
6,right_raw_out_flux_std,raw_in_flux_std,False,19,0.9602867517904745,0.9602867517904745,4509
6,roi_flow_mag_mean_std,raw_in_flux_std,False,19,0.969275407707658,0.969275407707658,4509
6,roi_flow_mag_p90_p90,raw_in_flux_std,False,19,0.9640063601687088,0.9640063601687088,4509
6,roi_flow_mag_p99_p90,raw_in_flux_std,False,19,0.967431510138808,0.967431510138808,4509
6,top_filtered_in_flux_max,raw_in_flux_std,False,19,0.9506534533050822,0.9506534533050822,4509
6,top_filtered_in_flux_std,raw_in_flux_std,False,19,0.9828141548380235,0.9828141548380235,4509
6,top_filtered_out_flux_std,raw_in_flux_std,False,19,0.9579176181611213,0.9579176181611213,4509
6,top_raw_in_flux_p90,raw_in_flux_std,False,19,0.9578009646048479,0.9578009646048479,4509
6,top_raw_in_flux_std,raw_in_flux_std,False,19,0.9910555387695333,0.9910555387695333,4509
6,top_raw_out_flux_std,raw_in_flux_std,False,19,0.968207312944834,0.968207312944834,4509
7,roi_saturated_ratio_mean,roi_saturated_ratio_mean,True,18,1.0,1.0,4509
7,background_saturated_ratio_max,roi_saturated_ratio_mean,False,18,0.9883697111131232,0.9883697111131232,4509
7,background_saturated_ratio_mean,roi_saturated_ratio_mean,False,18,0.9993888117600987,0.9993888117600987,4509
7,background_saturated_ratio_min,roi_saturated_ratio_mean,False,18,0.9869496379145575,0.9869496379145575,4509
7,background_saturated_ratio_p10,roi_saturated_ratio_mean,False,18,0.9922659262378194,0.9922659262378194,4509
7,background_saturated_ratio_p50,roi_saturated_ratio_mean,False,18,0.9978906367194778,0.9978906367194778,4509
7,background_saturated_ratio_p90,roi_saturated_ratio_mean,False,18,0.9934036432403383,0.9934036432403383,4509
7,entrance_saturated_ratio_max,roi_saturated_ratio_mean,False,18,0.9756791214738485,0.9756791214738485,4509
7,entrance_saturated_ratio_mean,roi_saturated_ratio_mean,False,18,0.9927551233074409,0.9927551233074409,4509
7,entrance_saturated_ratio_min,roi_saturated_ratio_mean,False,18,0.9843673126064789,0.9843673126064789,4509
7,entrance_saturated_ratio_p10,roi_saturated_ratio_mean,False,18,0.9892167926298133,0.9892167926298133,4509
7,entrance_saturated_ratio_p50,roi_saturated_ratio_mean,False,18,0.9918555558261343,0.9918555558261343,4509
7,entrance_saturated_ratio_p90,roi_saturated_ratio_mean,False,18,0.9837942727673754,0.9837942727673754,4509
7,roi_saturated_ratio_max,roi_saturated_ratio_mean,False,18,0.988445316342416,0.988445316342416,4509
7,roi_saturated_ratio_min,roi_saturated_ratio_mean,False,18,0.9880685522876645,0.9880685522876645,4509
7,roi_saturated_ratio_p10,roi_saturated_ratio_mean,False,18,0.9936848303872098,0.9936848303872098,4509
7,roi_saturated_ratio_p50,roi_saturated_ratio_mean,False,18,0.9987826008814131,0.9987826008814131,4509
7,roi_saturated_ratio_p90,roi_saturated_ratio_mean,False,18,0.9935660243778063,0.9935660243778063,4509
8,roi_gray_entropy_mean,roi_gray_entropy_mean,True,18,1.0,1.0,4509
8,background_gray_entropy_max,roi_gray_entropy_mean,False,18,0.9912698554772086,0.9912698554772086,4509
8,background_gray_entropy_mean,roi_gray_entropy_mean,False,18,0.9984161098537563,0.9984161098537563,4509
8,background_gray_entropy_min,roi_gray_entropy_mean,False,18,0.9897830188332333,0.9897830188332333,4509
8,background_gray_entropy_p10,roi_gray_entropy_mean,False,18,0.995021783789899,0.995021783789899,4509
8,background_gray_entropy_p50,roi_gray_entropy_mean,False,18,0.9978490225006591,0.9978490225006591,4509
8,background_gray_entropy_p90,roi_gray_entropy_mean,False,18,0.9965013422539191,0.9965013422539191,4509
8,entrance_gray_entropy_max,roi_gray_entropy_mean,False,18,0.964137082410645,0.964137082410645,4509
8,entrance_gray_entropy_mean,roi_gray_entropy_mean,False,18,0.9783055185831645,0.9783055185831645,4509
8,entrance_gray_entropy_min,roi_gray_entropy_mean,False,18,0.9636804222079253,0.9636804222079253,4509
8,entrance_gray_entropy_p10,roi_gray_entropy_mean,False,18,0.9744758600830209,0.9744758600830209,4509
8,entrance_gray_entropy_p50,roi_gray_entropy_mean,False,18,0.9773753783000699,0.9773753783000699,4509
8,entrance_gray_entropy_p90,roi_gray_entropy_mean,False,18,0.9725262204087075,0.9725262204087075,4509
8,roi_gray_entropy_max,roi_gray_entropy_mean,False,18,0.9920909249065182,0.9920909249065182,4509
8,roi_gray_entropy_min,roi_gray_entropy_mean,False,18,0.991939690810598,0.991939690810598,4509
8,roi_gray_entropy_p10,roi_gray_entropy_mean,False,18,0.9973022070294325,0.9973022070294325,4509
8,roi_gray_entropy_p50,roi_gray_entropy_mean,False,18,0.9996673286482035,0.9996673286482035,4509
8,roi_gray_entropy_p90,roi_gray_entropy_mean,False,18,0.997568274448397,0.997568274448397,4509
9,entrance_dark_ratio_mean,entrance_dark_ratio_mean,True,18,1.0,1.0,4509
9,background_dark_ratio_max,entrance_dark_ratio_mean,False,18,0.9896344158218847,0.9896344158218847,4509
9,background_dark_ratio_mean,entrance_dark_ratio_mean,False,18,0.9851316271338995,0.9851316271338995,4509
9,background_dark_ratio_min,entrance_dark_ratio_mean,False,18,0.9635855954309219,0.9635855954309219,4509
9,background_dark_ratio_p10,entrance_dark_ratio_mean,False,18,0.9729467901454634,0.9729467901454634,4509
9,background_dark_ratio_p50,entrance_dark_ratio_mean,False,18,0.9839176554403183,0.9839176554403183,4509
9,background_dark_ratio_p90,entrance_dark_ratio_mean,False,18,0.9890503533906362,0.9890503533906362,4509
9,entrance_dark_ratio_max,entrance_dark_ratio_mean,False,18,0.9589212368759579,0.9589212368759579,4509
9,entrance_dark_ratio_min,entrance_dark_ratio_mean,False,18,0.9781259240058507,0.9781259240058507,4509
9,entrance_dark_ratio_p10,entrance_dark_ratio_mean,False,18,0.9914098605644983,0.9914098605644983,4509
9,entrance_dark_ratio_p50,entrance_dark_ratio_mean,False,18,0.9993460024488473,0.9993460024488473,4509
9,entrance_dark_ratio_p90,entrance_dark_ratio_mean,False,18,0.9907704719692716,0.9907704719692716,4509
9,roi_dark_ratio_max,entrance_dark_ratio_mean,False,18,0.9912534084823919,0.9912534084823919,4509
9,roi_dark_ratio_mean,entrance_dark_ratio_mean,False,18,0.9903017643939606,0.9903017643939606,4509
9,roi_dark_ratio_min,entrance_dark_ratio_mean,False,18,0.9692324756639998,0.9692324756639998,4509
9,roi_dark_ratio_p10,entrance_dark_ratio_mean,False,18,0.9789087762275418,0.9789087762275418,4509
9,roi_dark_ratio_p50,entrance_dark_ratio_mean,False,18,0.9893734195338035,0.9893734195338035,4509
9,roi_dark_ratio_p90,entrance_dark_ratio_mean,False,18,0.9929264911987286,0.9929264911987286,4509
10,entrance_value_mean_mean,entrance_value_mean_mean,True,18,1.0,1.0,4509
10,background_value_mean_max,entrance_value_mean_mean,False,18,0.9518289636043236,0.9518289636043236,4509
10,background_value_mean_mean,entrance_value_mean_mean,False,18,0.9684899704174198,0.9684899704174198,4509
10,background_value_mean_min,entrance_value_mean_mean,False,18,0.9723192433510559,0.9723192433510559,4509
10,background_value_mean_p10,entrance_value_mean_mean,False,18,0.9717979045396382,0.9717979045396382,4509
10,background_value_mean_p50,entrance_value_mean_mean,False,18,0.9681100011821805,0.9681100011821805,4509
10,background_value_mean_p90,entrance_value_mean_mean,False,18,0.9611519925127188,0.9611519925127188,4509
10,entrance_value_mean_max,entrance_value_mean_mean,False,18,0.9755766413646807,0.9755766413646807,4509
10,entrance_value_mean_min,entrance_value_mean_mean,False,18,0.9723450072324715,0.9723450072324715,4509
10,entrance_value_mean_p10,entrance_value_mean_mean,False,18,0.9930971308568103,0.9930971308568103,4509
10,entrance_value_mean_p50,entrance_value_mean_mean,False,18,0.9997114935849407,0.9997114935849407,4509
10,entrance_value_mean_p90,entrance_value_mean_mean,False,18,0.9933883473104104,0.9933883473104104,4509
10,roi_value_mean_max,entrance_value_mean_mean,False,18,0.9629822885463069,0.9629822885463069,4509
10,roi_value_mean_mean,entrance_value_mean_mean,False,18,0.9795118905251846,0.9795118905251846,4509
10,roi_value_mean_min,entrance_value_mean_mean,False,18,0.9799197523227994,0.9799197523227994,4509
10,roi_value_mean_p10,entrance_value_mean_mean,False,18,0.9816107420214325,0.9816107420214325,4509
10,roi_value_mean_p50,entrance_value_mean_mean,False,18,0.9793341382930751,0.9793341382930751,4509
10,roi_value_mean_p90,entrance_value_mean_mean,False,18,0.9728865358753985,0.9728865358753985,4509
11,entrance_saturation_mean_p10,entrance_saturation_mean_p10,True,17,1.0,1.0,4509
11,background_saturation_mean_max,entrance_saturation_mean_p10,False,17,0.956035882929583,0.956035882929583,4509
11,background_saturation_mean_mean,entrance_saturation_mean_p10,False,17,0.9777976459572767,0.9777976459572767,4509
11,background_saturation_mean_p10,entrance_saturation_mean_p10,False,17,0.9834786832496021,0.9834786832496021,4509
11,background_saturation_mean_p50,entrance_saturation_mean_p10,False,17,0.9751563987581698,0.9751563987581698,4509
11,background_saturation_mean_p90,entrance_saturation_mean_p10,False,17,0.9667299891477801,0.9667299891477801,4509
11,entrance_saturation_mean_max,entrance_saturation_mean_p10,False,17,0.9535227079569366,0.9535227079569366,4509
11,entrance_saturation_mean_mean,entrance_saturation_mean_p10,False,17,0.9906945268558279,0.9906945268558279,4509
11,entrance_saturation_mean_min,entrance_saturation_mean_p10,False,17,0.956297043429464,0.956297043429464,4509
11,entrance_saturation_mean_p50,entrance_saturation_mean_p10,False,17,0.9868826943251444,0.9868826943251444,4509
11,entrance_saturation_mean_p90,entrance_saturation_mean_p10,False,17,0.9714547742480159,0.9714547742480159,4509
11,roi_saturation_mean_max,entrance_saturation_mean_p10,False,17,0.9612522840240123,0.9612522840240123,4509
11,roi_saturation_mean_mean,entrance_saturation_mean_p10,False,17,0.9839273934225516,0.9839273934225516,4509
11,roi_saturation_mean_min,entrance_saturation_mean_p10,False,17,0.9506903628846457,0.9506903628846457,4509
11,roi_saturation_mean_p10,entrance_saturation_mean_p10,False,17,0.9898374708476746,0.9898374708476746,4509
11,roi_saturation_mean_p50,entrance_saturation_mean_p10,False,17,0.9812417303448215,0.9812417303448215,4509
11,roi_saturation_mean_p90,entrance_saturation_mean_p10,False,17,0.9723918955720378,0.9723918955720378,4509
12,roi_bright_ratio_mean,roi_bright_ratio_mean,True,15,1.0,1.0,4509
12,background_bright_ratio_max,roi_bright_ratio_mean,False,15,0.9799169233482345,0.9799169233482345,4509
12,background_bright_ratio_mean,roi_bright_ratio_mean,False,15,0.9996157075324721,0.9996157075324721,4509
12,background_bright_ratio_min,roi_bright_ratio_mean,False,15,0.9732003537956491,0.9732003537956491,4509
12,background_bright_ratio_p10,roi_bright_ratio_mean,False,15,0.9960757742040882,0.9960757742040882,4509
12,background_bright_ratio_p50,roi_bright_ratio_mean,False,15,0.9991040739621992,0.9991040739621992,4509
12,background_bright_ratio_p90,roi_bright_ratio_mean,False,15,0.9967209952835588,0.9967209952835588,4509
12,entrance_bright_ratio_mean,roi_bright_ratio_mean,False,15,0.9753658631599207,0.9753658631599207,4509
12,entrance_bright_ratio_p50,roi_bright_ratio_mean,False,15,0.9776102126488011,0.9776102126488011,4509
12,entrance_bright_ratio_p90,roi_bright_ratio_mean,False,15,0.9695214096862947,0.9695214096862947,4509
12,roi_bright_ratio_max,roi_bright_ratio_mean,False,15,0.9783233471605982,0.9783233471605982,4509
12,roi_bright_ratio_min,roi_bright_ratio_mean,False,15,0.9714297568122139,0.9714297568122139,4509
12,roi_bright_ratio_p10,roi_bright_ratio_mean,False,15,0.9954135149067505,0.9954135149067505,4509
12,roi_bright_ratio_p50,roi_bright_ratio_mean,False,15,0.9996174396462607,0.9996174396462607,4509
12,roi_bright_ratio_p90,roi_bright_ratio_mean,False,15,0.9973497223787144,0.9973497223787144,4509
13,bottom_raw_candidate_pixels_mean,bottom_raw_candidate_pixels_mean,True,14,1.0,1.0,4509
13,bottom_filtered_candidate_pixels_mean,bottom_raw_candidate_pixels_mean,False,14,0.991404818532075,0.991404818532075,4509
13,bottom_filtered_candidate_pixels_p90,bottom_raw_candidate_pixels_mean,False,14,0.9821372955159451,0.9821372955159451,4509
13,bottom_filtered_in_flux_mean,bottom_raw_candidate_pixels_mean,False,14,0.9743479707632708,0.9743479707632708,4509
13,bottom_filtered_in_flux_p90,bottom_raw_candidate_pixels_mean,False,14,0.9781195166579237,0.9781195166579237,4509
13,bottom_filtered_in_flux_std,bottom_raw_candidate_pixels_mean,False,14,0.9531408312893467,0.9531408312893467,4509
13,bottom_filtered_out_flux_mean,bottom_raw_candidate_pixels_mean,False,14,0.9682694415650469,0.9682694415650469,4509
13,bottom_filtered_out_flux_p90,bottom_raw_candidate_pixels_mean,False,14,0.960279776591101,0.960279776591101,4509
13,bottom_raw_candidate_pixels_p50,bottom_raw_candidate_pixels_mean,False,14,0.9713107176430302,0.9713107176430302,4509
13,bottom_raw_candidate_pixels_p90,bottom_raw_candidate_pixels_mean,False,14,0.9662214891163514,0.9662214891163514,4509
13,bottom_raw_in_flux_mean,bottom_raw_candidate_pixels_mean,False,14,0.986872287069367,0.986872287069367,4509
13,bottom_raw_in_flux_p90,bottom_raw_candidate_pixels_mean,False,14,0.9841447317000164,0.9841447317000164,4509
13,bottom_raw_out_flux_mean,bottom_raw_candidate_pixels_mean,False,14,0.9722964028334372,0.9722964028334372,4509
13,bottom_raw_out_flux_p90,bottom_raw_candidate_pixels_mean,False,14,0.952033900689852,0.952033900689852,4509
14,roi_gray_p95_mean,roi_gray_p95_mean,True,12,1.0,1.0,4509
14,background_gray_p50_max,roi_gray_p95_mean,False,12,0.9738147562428656,0.9738147562428656,4509
14,background_gray_p95_max,roi_gray_p95_mean,False,12,0.9941618346823947,0.9941618346823947,4509
14,background_gray_p95_mean,roi_gray_p95_mean,False,12,0.9998668986601181,0.9998668986601181,4509
14,background_gray_p95_p10,roi_gray_p95_mean,False,12,0.9988957655240392,0.9988957655240392,4509
14,background_gray_p95_p50,roi_gray_p95_mean,False,12,0.9997272425970536,0.9997272425970536,4509
14,background_gray_p95_p90,roi_gray_p95_mean,False,12,0.9982737989748726,0.9982737989748726,4509
14,entrance_gray_p95_max,roi_gray_p95_mean,False,12,0.9738939894025355,0.9738939894025355,4509
14,roi_gray_p95_max,roi_gray_p95_mean,False,12,0.994703270331812,0.994703270331812,4509
14,roi_gray_p95_p10,roi_gray_p95_mean,False,12,0.998619612937248,0.998619612937248,4509
14,roi_gray_p95_p50,roi_gray_p95_mean,False,12,0.9998726028259571,0.9998726028259571,4509
14,roi_gray_p95_p90,roi_gray_p95_mean,False,12,0.9987872966845943,0.9987872966845943,4509
15,roi_saturation_std_p90,roi_saturation_std_p90,True,12,1.0,1.0,4509
15,background_saturation_std_max,roi_saturation_std_p90,False,12,0.9675174567672548,0.9675174567672548,4509
15,background_saturation_std_mean,roi_saturation_std_p90,False,12,0.9868861145634731,0.9868861145634731,4509
15,background_saturation_std_p10,roi_saturation_std_p90,False,12,0.9608525880017562,0.9608525880017562,4509
15,background_saturation_std_p50,roi_saturation_std_p90,False,12,0.9810542020276655,0.9810542020276655,4509
15,background_saturation_std_p90,roi_saturation_std_p90,False,12,0.9985969856367791,0.9985969856367791,4509
15,entrance_saturation_std_mean,roi_saturation_std_p90,False,12,0.9532236885221258,0.9532236885221258,4509
15,entrance_saturation_std_p90,roi_saturation_std_p90,False,12,0.9623072718440367,0.9623072718440367,4509
15,roi_saturation_std_max,roi_saturation_std_p90,False,12,0.9652125993862727,0.9652125993862727,4509
15,roi_saturation_std_mean,roi_saturation_std_p90,False,12,0.9885138178803152,0.9885138178803152,4509
15,roi_saturation_std_p10,roi_saturation_std_p90,False,12,0.9615551724567438,0.9615551724567438,4509
15,roi_saturation_std_p50,roi_saturation_std_p90,False,12,0.9828396315011877,0.9828396315011877,4509
16,entrance_gray_dynamic_range_mean,entrance_gray_dynamic_range_mean,True,10,1.0,1.0,4509
16,entrance_gray_dynamic_range_max,entrance_gray_dynamic_range_mean,False,10,0.9593094299127706,0.9593094299127706,4509
16,entrance_gray_dynamic_range_p10,entrance_gray_dynamic_range_mean,False,10,0.9827434462803918,0.9827434462803918,4509
16,entrance_gray_dynamic_range_p50,entrance_gray_dynamic_range_mean,False,10,0.9984834605207361,0.9984834605207361,4509
16,entrance_gray_dynamic_range_p90,entrance_gray_dynamic_range_mean,False,10,0.9879025539803288,0.9879025539803288,4509
16,entrance_gray_std_max,entrance_gray_dynamic_range_mean,False,10,0.9731427589027718,0.9731427589027718,4509
16,entrance_gray_std_mean,entrance_gray_dynamic_range_mean,False,10,0.9850619187809744,0.9850619187809744,4509
16,entrance_gray_std_p10,entrance_gray_dynamic_range_mean,False,10,0.954202462483878,0.954202462483878,4509
16,entrance_gray_std_p50,entrance_gray_dynamic_range_mean,False,10,0.9829297576997036,0.9829297576997036,4509
16,entrance_gray_std_p90,entrance_gray_dynamic_range_mean,False,10,0.9876092446205396,0.9876092446205396,4509
17,roi_value_std_mean,roi_value_std_mean,True,10,1.0,1.0,4509
17,background_value_std_max,roi_value_std_mean,False,10,0.9595319247917179,0.9595319247917179,4509
17,background_value_std_mean,roi_value_std_mean,False,10,0.9822368185105645,0.9822368185105645,4509
17,background_value_std_p10,roi_value_std_mean,False,10,0.9517267141470868,0.9517267141470868,4509
17,background_value_std_p50,roi_value_std_mean,False,10,0.9789737825000631,0.9789737825000631,4509
17,background_value_std_p90,roi_value_std_mean,False,10,0.982961014590724,0.982961014590724,4509
17,roi_value_std_max,roi_value_std_mean,False,10,0.9587363152181128,0.9587363152181128,4509
17,roi_value_std_p10,roi_value_std_mean,False,10,0.9833487011098255,0.9833487011098255,4509
17,roi_value_std_p50,roi_value_std_mean,False,10,0.9990313580630042,0.9990313580630042,4509
17,roi_value_std_p90,roi_value_std_mean,False,10,0.9882980518747235,0.9882980518747235,4509
18,filtered_candidate_component_area_mean_mean,filtered_candidate_component_area_mean_mean,True,9,1.0,1.0,2735
18,filtered_candidate_component_area_mean_p50,filtered_candidate_component_area_mean_mean,False,9,0.9834220812801393,0.9834220812801393,2735
18,filtered_candidate_component_area_mean_p90,filtered_candidate_component_area_mean_mean,False,9,0.9708397234713235,0.9708397234713235,2735
18,filtered_candidate_component_area_p50_mean,filtered_candidate_component_area_mean_mean,False,9,0.9904823446308902,0.9904823446308902,2735
18,filtered_candidate_component_area_p50_p50,filtered_candidate_component_area_mean_mean,False,9,0.960154747493062,0.960154747493062,2735
18,filtered_candidate_component_area_p50_p90,filtered_candidate_component_area_mean_mean,False,9,0.9592849017119808,0.9592849017119808,2735
18,filtered_candidate_component_area_p90_mean,filtered_candidate_component_area_mean_mean,False,9,0.951421585203121,0.951421585203121,2735
18,filtered_candidate_component_area_p90_p50,filtered_candidate_component_area_mean_mean,False,9,0.9559545405741827,0.9559545405741827,2735
18,filtered_candidate_component_area_p90_p90,filtered_candidate_component_area_mean_mean,False,9,0.950899394622532,0.950899394622532,2735
19,bottom_raw_candidate_pixels_std,bottom_raw_candidate_pixels_std,True,7,1.0,1.0,4509
19,bottom_filtered_candidate_pixels_max,bottom_raw_candidate_pixels_std,False,7,0.9755853489527927,0.9755853489527927,4509
19,bottom_filtered_candidate_pixels_std,bottom_raw_candidate_pixels_std,False,7,0.9887000042876221,0.9887000042876221,4509
19,bottom_filtered_out_flux_std,bottom_raw_candidate_pixels_std,False,7,0.9526240482098951,0.9526240482098951,4509
19,bottom_raw_candidate_pixels_max,bottom_raw_candidate_pixels_std,False,7,0.9551378530545307,0.9551378530545307,4509
19,bottom_raw_in_flux_std,bottom_raw_candidate_pixels_std,False,7,0.9633502774151491,0.9633502774151491,4509
19,bottom_raw_out_flux_std,bottom_raw_candidate_pixels_std,False,7,0.9644477205171118,0.9644477205171118,4509
20,roi_tenengrad_mean_mean,roi_tenengrad_mean_mean,True,6,1.0,1.0,4509
20,roi_tenengrad_mean_max,roi_tenengrad_mean_mean,False,6,0.9581001150936327,0.9581001150936327,4509
20,roi_tenengrad_mean_min,roi_tenengrad_mean_mean,False,6,0.9544216729431438,0.9544216729431438,4509
20,roi_tenengrad_mean_p10,roi_tenengrad_mean_mean,False,6,0.9890884773717613,0.9890884773717613,4509
20,roi_tenengrad_mean_p50,roi_tenengrad_mean_mean,False,6,0.998980352820209,0.998980352820209,4509
20,roi_tenengrad_mean_p90,roi_tenengrad_mean_mean,False,6,0.9937143351522724,0.9937143351522724,4509
21,frame_diff_changed_ratio_25_p90,frame_diff_changed_ratio_25_p90,True,6,1.0,1.0,4509
21,frame_diff_changed_ratio_25_mean,frame_diff_changed_ratio_25_p90,False,6,0.9842902926142881,0.9842902926142881,4509
21,frame_diff_changed_ratio_25_p50,frame_diff_changed_ratio_25_p90,False,6,0.962477241973586,0.962477241973586,4509
21,frame_diff_changed_ratio_25_std,frame_diff_changed_ratio_25_p90,False,6,0.9546914843685703,0.9546914843685703,4509
21,frame_diff_mean_p90,frame_diff_changed_ratio_25_p90,False,6,0.9816846812892789,0.9816846812892789,4509
21,frame_diff_p90_p90,frame_diff_changed_ratio_25_p90,False,6,0.9850141315959413,0.9850141315959413,4509
22,band_normal_abs_mean_max,band_normal_abs_mean_max,True,6,1.0,1.0,4509
22,band_flow_mag_mean_max,band_normal_abs_mean_max,False,6,0.9798376561742792,0.9798376561742792,4509
22,band_normal_abs_p90_max,band_normal_abs_mean_max,False,6,0.9578586680425067,0.9578586680425067,4509
22,raw_in_flux_max,band_normal_abs_mean_max,False,6,0.9528761769282059,0.9528761769282059,4509
22,raw_out_flux_max,band_normal_abs_mean_max,False,6,0.9549899486277912,0.9549899486277912,4509
22,raw_traffic_flux_max,band_normal_abs_mean_max,False,6,0.9854759532729604,0.9854759532729604,4509
23,raw_candidate_pixels_min,raw_candidate_pixels_min,True,5,1.0,1.0,4509
23,raw_candidate_component_area_ratio_min,raw_candidate_pixels_min,False,5,0.9921202723421211,0.9921202723421211,4509
23,raw_candidate_component_area_sum_min,raw_candidate_pixels_min,False,5,1.0,1.0,4509
23,raw_candidate_ratio_band_min,raw_candidate_pixels_min,False,5,0.9963866692249216,0.9963866692249216,4509
23,raw_traffic_flux_min,raw_candidate_pixels_min,False,5,0.9843945480700838,0.9843945480700838,4509
24,roi_laplacian_var_mean,roi_laplacian_var_mean,True,5,1.0,1.0,4509
24,roi_laplacian_var_min,roi_laplacian_var_mean,False,5,0.9568318594162287,0.9568318594162287,4509
24,roi_laplacian_var_p10,roi_laplacian_var_mean,False,5,0.9907246983100811,0.9907246983100811,4509
24,roi_laplacian_var_p50,roi_laplacian_var_mean,False,5,0.9990151800851101,0.9990151800851101,4509
24,roi_laplacian_var_p90,roi_laplacian_var_mean,False,5,0.9936177011427383,0.9936177011427383,4509
25,roi_gray_p05_min,roi_gray_p05_min,True,5,1.0,1.0,4509
25,background_gray_p05_min,roi_gray_p05_min,False,5,0.9952829114218458,0.9952829114218458,4509
25,entrance_gray_p05_min,roi_gray_p05_min,False,5,0.973157744949523,0.973157744949523,4509
25,entrance_gray_p05_p10,roi_gray_p05_min,False,5,0.9870491838976725,0.9870491838976725,4509
25,entrance_gray_p05_p50,roi_gray_p05_min,False,5,0.9814651198931932,0.9814651198931932,4509
26,roi_edge_density_mean,roi_edge_density_mean,True,5,1.0,1.0,4509
26,roi_edge_density_max,roi_edge_density_mean,False,5,0.958670254079638,0.958670254079638,4509
26,roi_edge_density_p10,roi_edge_density_mean,False,5,0.9855243209769018,0.9855243209769018,4509
26,roi_edge_density_p50,roi_edge_density_mean,False,5,0.9990777348108418,0.9990777348108418,4509
26,roi_edge_density_p90,roi_edge_density_mean,False,5,0.9918272060900971,0.9918272060900971,4509
27,right_filtered_out_flux_p90,right_filtered_out_flux_p90,True,5,1.0,1.0,4509
27,right_filtered_out_flux_mean,right_filtered_out_flux_p90,False,5,0.9899306581439309,0.9899306581439309,4509
27,right_raw_candidate_pixels_p50,right_filtered_out_flux_p90,False,5,0.9530172367585005,0.9530172367585005,4509
27,right_raw_out_flux_mean,right_filtered_out_flux_p90,False,5,0.9907690544615685,0.9907690544615685,4509
27,right_raw_out_flux_p90,right_filtered_out_flux_p90,False,5,0.9924488250726446,0.9924488250726446,4509
28,rejected_component_count_mean,rejected_component_count_mean,True,5,1.0,1.0,4509
28,candidate_direction_entropy_p10,rejected_component_count_mean,False,5,0.9544312915094719,0.9544312915094719,3661
28,persistence_max_p10,rejected_component_count_mean,False,5,0.9564878151821036,0.9564878151821036,4509
28,rejected_component_count_p50,rejected_component_count_mean,False,5,0.987152032573059,0.987152032573059,4509
28,rejected_component_count_p90,rejected_component_count_mean,False,5,0.9853651361158948,0.9853651361158948,4509
29,raw_candidate_component_count_std,raw_candidate_component_count_std,True,5,1.0,1.0,4509
29,persistence_max_mean,raw_candidate_component_count_std,False,5,0.9744817288131301,0.9744817288131301,4509
29,persistence_max_p50,raw_candidate_component_count_std,False,5,0.9592323381618953,0.9592323381618953,4509
29,raw_candidate_component_count_max,raw_candidate_component_count_std,False,5,0.9755906787798586,0.9755906787798586,4509
29,rejected_component_count_max,raw_candidate_component_count_std,False,5,0.9706318190035741,0.9706318190035741,4509
30,band_normal_abs_mean_min,band_normal_abs_mean_min,True,4,1.0,1.0,4509
30,band_flow_mag_mean_min,band_normal_abs_mean_min,False,4,0.9842569682513588,0.9842569682513588,4509
30,band_flow_mag_p90_min,band_normal_abs_mean_min,False,4,0.9690142870972462,0.9690142870972462,4509
30,band_normal_abs_p90_min,band_normal_abs_mean_min,False,4,0.9856653498077934,0.9856653498077934,4509
31,left_filtered_out_flux_std,left_filtered_out_flux_std,True,4,1.0,1.0,4509
31,left_filtered_in_flux_std,left_filtered_out_flux_std,False,4,0.9666436254430831,0.9666436254430831,4509
31,left_raw_candidate_pixels_p90,left_filtered_out_flux_std,False,4,0.9561124650988891,0.9561124650988891,4509
31,left_raw_out_flux_std,left_filtered_out_flux_std,False,4,0.9806379683945761,0.9806379683945761,4509
32,raw_candidate_component_area_mean_mean,raw_candidate_component_area_mean_mean,True,4,1.0,1.0,3661
32,raw_candidate_component_area_mean_p50,raw_candidate_component_area_mean_mean,False,4,0.9750178527952097,0.9750178527952097,3661
32,raw_candidate_component_area_p50_mean,raw_candidate_component_area_mean_mean,False,4,0.953747479747355,0.953747479747355,3661
32,raw_candidate_component_area_p90_p90,raw_candidate_component_area_mean_mean,False,4,0.9679074073792295,0.9679074073792295,3661
33,frame_diff_mean_max,frame_diff_mean_max,True,4,1.0,1.0,4509
33,frame_diff_changed_ratio_10_max,frame_diff_mean_max,False,4,0.9513392731921441,0.9513392731921441,4509
33,frame_diff_changed_ratio_25_max,frame_diff_mean_max,False,4,0.9779669522887388,0.9779669522887388,4509
33,frame_diff_p90_max,frame_diff_mean_max,False,4,0.9666063503010278,0.9666063503010278,4509
34,entrance_value_std_p90,entrance_value_std_p90,True,4,1.0,1.0,4509
34,entrance_value_std_max,entrance_value_std_p90,False,4,0.9642776099552685,0.9642776099552685,4509
34,entrance_value_std_mean,entrance_value_std_p90,False,4,0.9686467373203193,0.9686467373203193,4509
34,entrance_value_std_p50,entrance_value_std_p90,False,4,0.953304086498581,0.953304086498581,4509
35,filtered_candidate_component_area_p50_max,filtered_candidate_component_area_p50_max,True,3,1.0,1.0,2735
35,filtered_candidate_component_area_mean_max,filtered_candidate_component_area_p50_max,False,3,0.9997935098967139,0.9997935098967139,2735
35,filtered_candidate_component_area_p90_max,filtered_candidate_component_area_p50_max,False,3,0.9629100099795193,0.9629100099795193,2735
36,roi_saturated_ratio_std,roi_saturated_ratio_std,True,3,1.0,1.0,4509
36,background_saturated_ratio_std,roi_saturated_ratio_std,False,3,0.9976208740065631,0.9976208740065631,4509
36,entrance_saturated_ratio_std,roi_saturated_ratio_std,False,3,0.9573020989603356,0.9573020989603356,4509
37,band_direction_entropy_mean,band_direction_entropy_mean,True,3,1.0,1.0,4508
37,band_direction_entropy_p10,band_direction_entropy_mean,False,3,0.9675961213481687,0.9675961213481687,4508
37,band_direction_entropy_p50,band_direction_entropy_mean,False,3,0.9869117413175049,0.9869117413175049,4508
38,filtered_candidate_component_area_p50_std,filtered_candidate_component_area_p50_std,True,3,1.0,1.0,2735
38,filtered_candidate_component_area_mean_std,filtered_candidate_component_area_p50_std,False,3,0.9987826793897501,0.9987826793897501,2735
38,filtered_candidate_component_area_p90_std,filtered_candidate_component_area_p50_std,False,3,0.9543277525104955,0.9543277525104955,2735
39,candidate_direction_entropy_mean,candidate_direction_entropy_mean,True,3,1.0,1.0,3661
39,candidate_direction_entropy_p50,candidate_direction_entropy_mean,False,3,0.993541235727521,0.993541235727521,3661
39,candidate_direction_entropy_p90,candidate_direction_entropy_mean,False,3,0.9585178913840094,0.9585178913840094,3661
40,frame_diff_mean_std,frame_diff_mean_std,True,3,1.0,1.0,4509
40,frame_diff_changed_ratio_10_std,frame_diff_mean_std,False,3,0.9664634416881462,0.9664634416881462,4509
40,frame_diff_p90_std,frame_diff_mean_std,False,3,0.984344426023348,0.984344426023348,4509
41,bottom_raw_out_flux_p50,bottom_raw_out_flux_p50,True,3,1.0,1.0,4509
41,bottom_filtered_candidate_pixels_p50,bottom_raw_out_flux_p50,False,3,0.974305819534325,0.974305819534325,4509
41,bottom_filtered_out_flux_p50,bottom_raw_out_flux_p50,False,3,0.9750209794713628,0.9750209794713628,4509
42,right_filtered_in_flux_p50,right_filtered_in_flux_p50,True,3,1.0,1.0,4509
42,right_raw_candidate_pixels_p10,right_filtered_in_flux_p50,False,3,0.9685296931361763,0.9685296931361763,4509
42,right_raw_in_flux_p50,right_filtered_in_flux_p50,False,3,0.9781385758493333,0.9781385758493333,4509
43,roi_flow_mag_p90_min,roi_flow_mag_p90_min,True,3,1.0,1.0,4509
43,roi_flow_active_ratio_min,roi_flow_mag_p90_min,False,3,0.9629288580590412,0.9629288580590412,4509
43,roi_flow_mag_mean_min,roi_flow_mag_p90_min,False,3,0.9832088089223819,0.9832088089223819,4509
44,band_flow_mag_p90_std,band_flow_mag_p90_std,True,3,1.0,1.0,4509
44,band_normal_abs_p90_std,band_flow_mag_p90_std,False,3,0.988483773059001,0.988483773059001,4509
44,roi_flow_mag_p90_std,band_flow_mag_p90_std,False,3,0.9563415521180915,0.9563415521180915,4509
45,raw_in_flux_p10,raw_in_flux_p10,True,3,1.0,1.0,4509
45,filtered_in_flux_p10,raw_in_flux_p10,False,3,0.9702384531847269,0.9702384531847269,4509
45,raw_out_flux_p10,raw_in_flux_p10,False,3,0.9699373575334183,0.9699373575334183,4509
46,filtered_candidate_component_area_mean_p10,filtered_candidate_component_area_mean_p10,True,3,1.0,1.0,2735
46,filtered_candidate_component_area_p50_p10,filtered_candidate_component_area_mean_p10,False,3,0.9564650952980768,0.9564650952980768,2735
46,filtered_candidate_component_area_p90_p10,filtered_candidate_component_area_mean_p10,False,3,0.9712409679982976,0.9712409679982976,2735
47,left_raw_candidate_pixels_p50,left_raw_candidate_pixels_p50,True,3,1.0,1.0,4509
47,left_filtered_candidate_pixels_p50,left_raw_candidate_pixels_p50,False,3,0.9711393089901859,0.9711393089901859,4509
47,left_filtered_out_flux_p90,left_raw_candidate_pixels_p50,False,3,0.9518704632623113,0.9518704632623113,4509
48,top_raw_candidate_pixels_p10,top_raw_candidate_pixels_p10,True,3,1.0,1.0,4509
48,top_filtered_candidate_pixels_p10,top_raw_candidate_pixels_p10,False,3,0.9531869904819118,0.9531869904819118,4509
48,top_filtered_out_flux_p50,top_raw_candidate_pixels_p10,False,3,0.9675154268637572,0.9675154268637572,4509
49,filtered_to_raw_traffic_ratio_p10,filtered_to_raw_traffic_ratio_p10,True,3,1.0,1.0,3661
49,direction_balance_abs_p50,filtered_to_raw_traffic_ratio_p10,False,3,-0.9590284914093548,0.9590284914093548,2735
49,right_filtered_candidate_pixels_p50,filtered_to_raw_traffic_ratio_p10,False,3,0.954692731911491,0.954692731911491,3661
50,left_filtered_out_flux_p50,left_filtered_out_flux_p50,True,3,1.0,1.0,4509
50,left_raw_candidate_pixels_p10,left_filtered_out_flux_p50,False,3,0.9521492730392658,0.9521492730392658,4509
50,left_raw_out_flux_p50,left_filtered_out_flux_p50,False,3,0.9500140796530118,0.9500140796530118,4509
51,in_flux_share_p10,in_flux_share_p10,True,2,1.0,1.0,2735
51,out_flux_share_p90,in_flux_share_p10,False,2,-1.0,1.0,2735
52,out_flux_share_max,out_flux_share_max,True,2,1.0,1.0,2735
52,in_flux_share_min,out_flux_share_max,False,2,-1.0,1.0,2735
53,out_flux_share_mean,out_flux_share_mean,True,2,1.0,1.0,2735
53,in_flux_share_mean,out_flux_share_mean,False,2,-1.0,1.0,2735
54,out_flux_share_min,out_flux_share_min,True,2,1.0,1.0,2735
54,in_flux_share_max,out_flux_share_min,False,2,-1.0,1.0,2735
55,out_flux_share_std,out_flux_share_std,True,2,1.0,1.0,2735
55,in_flux_share_std,out_flux_share_std,False,2,1.0,1.0,2735
56,out_flux_share_p10,out_flux_share_p10,True,2,1.0,1.0,2735
56,in_flux_share_p90,out_flux_share_p10,False,2,-0.9999999999999999,0.9999999999999999,2735
57,total_in_flux_share,total_in_flux_share,True,2,1.0,1.0,2735
57,total_out_flux_share,total_in_flux_share,False,2,-0.9999999999999998,0.9999999999999998,2735
58,out_flux_share_p50,out_flux_share_p50,True,2,1.0,1.0,2735
58,in_flux_share_p50,out_flux_share_p50,False,2,-0.9999999999999996,0.9999999999999996,2735
59,raw_candidate_component_area_p50_max,raw_candidate_component_area_p50_max,True,2,1.0,1.0,3661
59,raw_candidate_component_area_mean_max,raw_candidate_component_area_p50_max,False,2,0.9981328531457088,0.9981328531457088,3661
60,background_saturation_std_std,background_saturation_std_std,True,2,1.0,1.0,4509
60,roi_saturation_std_std,background_saturation_std_std,False,2,0.9975159463886181,0.9975159463886181,4509
61,background_saturation_std_min,background_saturation_std_min,True,2,1.0,1.0,4509
61,roi_saturation_std_min,background_saturation_std_min,False,2,0.9972291166201007,0.9972291166201007,4509
62,roi_saturation_mean_std,roi_saturation_mean_std,True,2,1.0,1.0,4509
62,background_saturation_mean_std,roi_saturation_mean_std,False,2,0.9954695608610206,0.9954695608610206,4509
63,raw_candidate_component_area_p50_std,raw_candidate_component_area_p50_std,True,2,1.0,1.0,3661
63,raw_candidate_component_area_mean_std,raw_candidate_component_area_p50_std,False,2,0.9937378869420497,0.9937378869420497,3661
64,background_gray_p95_std,background_gray_p95_std,True,2,1.0,1.0,4509
64,roi_gray_p95_std,background_gray_p95_std,False,2,0.9937303927930233,0.9937303927930233,4509
65,roi_dark_ratio_std,roi_dark_ratio_std,True,2,1.0,1.0,4509
65,background_dark_ratio_std,roi_dark_ratio_std,False,2,0.9929772061722616,0.9929772061722616,4509
66,background_bright_ratio_std,background_bright_ratio_std,True,2,1.0,1.0,4509
66,roi_bright_ratio_std,background_bright_ratio_std,False,2,0.9922320162278536,0.9922320162278536,4509
67,right_filtered_out_flux_p10,right_filtered_out_flux_p10,True,2,1.0,1.0,4509
67,top_raw_in_flux_min,right_filtered_out_flux_p10,False,2,0.9909296436864492,0.9909296436864492,4509
68,roi_value_mean_std,roi_value_mean_std,True,2,1.0,1.0,4509
68,background_value_mean_std,roi_value_mean_std,False,2,0.9902153256731855,0.9902153256731855,4509
69,background_gray_mean_std,background_gray_mean_std,True,2,1.0,1.0,4509
69,roi_gray_mean_std,background_gray_mean_std,False,2,0.9898388282211528,0.9898388282211528,4509
70,raw_candidate_component_area_mean_p90,raw_candidate_component_area_mean_p90,True,2,1.0,1.0,3661
70,raw_candidate_component_area_p50_p90,raw_candidate_component_area_mean_p90,False,2,0.988962449834665,0.988962449834665,3661
71,frame_diff_p90_p10,frame_diff_p90_p10,True,2,1.0,1.0,4509
71,frame_diff_mean_p10,frame_diff_p90_p10,False,2,0.9858819357340396,0.9858819357340396,4509
72,entrance_gray_dynamic_range_min,entrance_gray_dynamic_range_min,True,2,1.0,1.0,4509
72,entrance_gray_std_min,entrance_gray_dynamic_range_min,False,2,0.9854245891843477,0.9854245891843477,4509
73,background_gray_entropy_std,background_gray_entropy_std,True,2,1.0,1.0,4509
73,roi_gray_entropy_std,background_gray_entropy_std,False,2,0.9816411897851438,0.9816411897851438,4509
74,entrance_saturation_std_p50,entrance_saturation_std_p50,True,2,1.0,1.0,4509
74,entrance_saturation_std_p10,entrance_saturation_std_p50,False,2,0.9804632077661223,0.9804632077661223,4509
75,roi_gray_std_std,roi_gray_std_std,True,2,1.0,1.0,4509
75,background_gray_std_std,roi_gray_std_std,False,2,0.9795978867563726,0.9795978867563726,4509
76,right_raw_out_flux_p50,right_raw_out_flux_p50,True,2,1.0,1.0,4509
76,right_filtered_out_flux_p50,right_raw_out_flux_p50,False,2,0.9763646007893487,0.9763646007893487,4509
77,raw_candidate_component_area_max_max,raw_candidate_component_area_max_max,True,2,1.0,1.0,4509
77,raw_candidate_component_area_p90_max,raw_candidate_component_area_max_max,False,2,0.9758907906406055,0.9758907906406055,3661
78,roi_value_std_min,roi_value_std_min,True,2,1.0,1.0,4509
78,background_value_std_min,roi_value_std_min,False,2,0.9754887238323353,0.9754887238323353,4509
79,frame_diff_p90_min,frame_diff_p90_min,True,2,1.0,1.0,4509
79,frame_diff_mean_min,frame_diff_p90_min,False,2,0.9740053935346475,0.9740053935346475,4509
80,right_raw_candidate_pixels_max,right_raw_candidate_pixels_max,True,2,1.0,1.0,4509
80,right_filtered_candidate_pixels_max,right_raw_candidate_pixels_max,False,2,0.9695987898848312,0.9695987898848312,4509
81,left_raw_in_flux_p50,left_raw_in_flux_p50,True,2,1.0,1.0,4509
81,left_filtered_in_flux_p50,left_raw_in_flux_p50,False,2,0.9686163733770659,0.9686163733770659,4509
82,left_raw_candidate_pixels_max,left_raw_candidate_pixels_max,True,2,1.0,1.0,4509
82,left_filtered_candidate_pixels_max,left_raw_candidate_pixels_max,False,2,0.9660013182572446,0.9660013182572446,4509
83,bottom_raw_out_flux_max,bottom_raw_out_flux_max,True,2,1.0,1.0,4509
83,bottom_filtered_out_flux_max,bottom_raw_out_flux_max,False,2,0.9659297024734315,0.9659297024734315,4509
84,filtered_candidate_component_area_p90_min,filtered_candidate_component_area_p90_min,True,2,1.0,1.0,2735
84,filtered_candidate_component_area_mean_min,filtered_candidate_component_area_p90_min,False,2,0.9648155879952182,0.9648155879952182,2735
85,top_raw_out_flux_max,top_raw_out_flux_max,True,2,1.0,1.0,4509
85,top_filtered_out_flux_max,top_raw_out_flux_max,False,2,0.9609416309793151,0.9609416309793151,4509
86,roi_gray_dynamic_range_std,roi_gray_dynamic_range_std,True,2,1.0,1.0,4509
86,background_gray_dynamic_range_std,roi_gray_dynamic_range_std,False,2,0.9606711592640677,0.9606711592640677,4509
87,roi_flow_mag_p90_max,roi_flow_mag_p90_max,True,2,1.0,1.0,4509
87,roi_flow_mag_mean_max,roi_flow_mag_p90_max,False,2,0.9599908273084129,0.9599908273084129,4509
88,bottom_raw_in_flux_p50,bottom_raw_in_flux_p50,True,2,1.0,1.0,4509
88,bottom_filtered_in_flux_p50,bottom_raw_in_flux_p50,False,2,0.9523883889777744,0.9523883889777744,4509
89,background_gray_p05_std,background_gray_p05_std,True,1,1.0,1.0,4509
90,background_gray_p50_std,background_gray_p50_std,True,1,1.0,1.0,4509
91,background_saturation_mean_min,background_saturation_mean_min,True,1,1.0,1.0,4509
92,background_value_std_std,background_value_std_std,True,1,1.0,1.0,4509
93,band_direction_entropy_max,band_direction_entropy_max,True,1,1.0,1.0,4508
94,band_direction_entropy_min,band_direction_entropy_min,True,1,1.0,1.0,4508
95,band_direction_entropy_p90,band_direction_entropy_p90,True,1,1.0,1.0,4508
96,band_direction_entropy_std,band_direction_entropy_std,True,1,1.0,1.0,4508
97,band_flow_mag_p90_max,band_flow_mag_p90_max,True,1,1.0,1.0,4509
98,bottom_filtered_candidate_pixels_p10,bottom_filtered_candidate_pixels_p10,True,1,1.0,1.0,4509
99,bottom_filtered_in_flux_max,bottom_filtered_in_flux_max,True,1,1.0,1.0,4509
100,bottom_filtered_in_flux_p10,bottom_filtered_in_flux_p10,True,1,1.0,1.0,4509
101,bottom_filtered_out_flux_p10,bottom_filtered_out_flux_p10,True,1,1.0,1.0,4509
102,bottom_raw_candidate_pixels_min,bottom_raw_candidate_pixels_min,True,1,1.0,1.0,4509
103,bottom_raw_candidate_pixels_p10,bottom_raw_candidate_pixels_p10,True,1,1.0,1.0,4509
104,bottom_raw_in_flux_max,bottom_raw_in_flux_max,True,1,1.0,1.0,4509
105,bottom_raw_in_flux_p10,bottom_raw_in_flux_p10,True,1,1.0,1.0,4509
106,bottom_raw_out_flux_p10,bottom_raw_out_flux_p10,True,1,1.0,1.0,4509
107,candidate_direction_entropy_max,candidate_direction_entropy_max,True,1,1.0,1.0,3661
108,candidate_direction_entropy_min,candidate_direction_entropy_min,True,1,1.0,1.0,3661
109,candidate_direction_entropy_std,candidate_direction_entropy_std,True,1,1.0,1.0,3661
110,direction_balance_abs_max,direction_balance_abs_max,True,1,1.0,1.0,2735
111,direction_balance_abs_mean,direction_balance_abs_mean,True,1,1.0,1.0,2735
112,direction_balance_abs_min,direction_balance_abs_min,True,1,1.0,1.0,2735
113,direction_balance_abs_p10,direction_balance_abs_p10,True,1,1.0,1.0,2735
114,direction_balance_abs_p90,direction_balance_abs_p90,True,1,1.0,1.0,2735
115,direction_balance_abs_std,direction_balance_abs_std,True,1,1.0,1.0,2735
116,entrance_bright_ratio_max,entrance_bright_ratio_max,True,1,1.0,1.0,4509
117,entrance_bright_ratio_min,entrance_bright_ratio_min,True,1,1.0,1.0,4509
118,entrance_bright_ratio_p10,entrance_bright_ratio_p10,True,1,1.0,1.0,4509
119,entrance_bright_ratio_std,entrance_bright_ratio_std,True,1,1.0,1.0,4509
120,entrance_dark_ratio_std,entrance_dark_ratio_std,True,1,1.0,1.0,4509
121,entrance_gray_dynamic_range_std,entrance_gray_dynamic_range_std,True,1,1.0,1.0,4509
122,entrance_gray_entropy_std,entrance_gray_entropy_std,True,1,1.0,1.0,4509
123,entrance_gray_mean_std,entrance_gray_mean_std,True,1,1.0,1.0,4509
124,entrance_gray_p05_std,entrance_gray_p05_std,True,1,1.0,1.0,4509
125,entrance_gray_p50_std,entrance_gray_p50_std,True,1,1.0,1.0,4509
126,entrance_gray_p95_std,entrance_gray_p95_std,True,1,1.0,1.0,4509
127,entrance_gray_std_std,entrance_gray_std_std,True,1,1.0,1.0,4509
128,entrance_saturation_mean_std,entrance_saturation_mean_std,True,1,1.0,1.0,4509
129,entrance_saturation_std_max,entrance_saturation_std_max,True,1,1.0,1.0,4509
130,entrance_saturation_std_min,entrance_saturation_std_min,True,1,1.0,1.0,4509
131,entrance_saturation_std_std,entrance_saturation_std_std,True,1,1.0,1.0,4509
132,entrance_value_mean_std,entrance_value_mean_std,True,1,1.0,1.0,4509
133,entrance_value_std_min,entrance_value_std_min,True,1,1.0,1.0,4509
134,entrance_value_std_p10,entrance_value_std_p10,True,1,1.0,1.0,4509
135,entrance_value_std_std,entrance_value_std_std,True,1,1.0,1.0,4509
136,filtered_candidate_component_area_p50_min,filtered_candidate_component_area_p50_min,True,1,1.0,1.0,2735
137,filtered_out_flux_p10,filtered_out_flux_p10,True,1,1.0,1.0,4509
138,filtered_to_raw_traffic_ratio_max,filtered_to_raw_traffic_ratio_max,True,1,1.0,1.0,3661
139,filtered_to_raw_traffic_ratio_p50,filtered_to_raw_traffic_ratio_p50,True,1,1.0,1.0,3661
140,filtered_to_raw_traffic_ratio_p90,filtered_to_raw_traffic_ratio_p90,True,1,1.0,1.0,3661
141,filtered_to_raw_traffic_ratio_std,filtered_to_raw_traffic_ratio_std,True,1,1.0,1.0,3661
142,frame_diff_changed_ratio_10_min,frame_diff_changed_ratio_10_min,True,1,1.0,1.0,4509
143,frame_diff_changed_ratio_25_min,frame_diff_changed_ratio_25_min,True,1,1.0,1.0,4509
144,frame_diff_changed_ratio_25_p10,frame_diff_changed_ratio_25_p10,True,1,1.0,1.0,4509
145,left_filtered_candidate_pixels_p10,left_filtered_candidate_pixels_p10,True,1,1.0,1.0,4509
146,left_filtered_in_flux_max,left_filtered_in_flux_max,True,1,1.0,1.0,4509
147,left_filtered_in_flux_p10,left_filtered_in_flux_p10,True,1,1.0,1.0,4509
148,left_filtered_out_flux_max,left_filtered_out_flux_max,True,1,1.0,1.0,4509
149,left_filtered_out_flux_p10,left_filtered_out_flux_p10,True,1,1.0,1.0,4509
150,left_raw_candidate_pixels_min,left_raw_candidate_pixels_min,True,1,1.0,1.0,4509
151,left_raw_in_flux_max,left_raw_in_flux_max,True,1,1.0,1.0,4509
152,left_raw_in_flux_p10,left_raw_in_flux_p10,True,1,1.0,1.0,4509
153,left_raw_out_flux_max,left_raw_out_flux_max,True,1,1.0,1.0,4509
154,left_raw_out_flux_p10,left_raw_out_flux_p10,True,1,1.0,1.0,4509
155,persistence_max_max,persistence_max_max,True,1,1.0,1.0,4509
156,persistence_max_min,persistence_max_min,True,1,1.0,1.0,4509
157,persistence_max_p90,persistence_max_p90,True,1,1.0,1.0,4509
158,persistence_max_std,persistence_max_std,True,1,1.0,1.0,4509
159,persistence_mean_min,persistence_mean_min,True,1,1.0,1.0,4509
160,raw_candidate_component_area_max_min,raw_candidate_component_area_max_min,True,1,1.0,1.0,4509
161,raw_candidate_component_area_mean_min,raw_candidate_component_area_mean_min,True,1,1.0,1.0,3661
162,raw_candidate_component_area_mean_p10,raw_candidate_component_area_mean_p10,True,1,1.0,1.0,3661
163,raw_candidate_component_area_p50_min,raw_candidate_component_area_p50_min,True,1,1.0,1.0,3661
164,raw_candidate_component_area_p50_p10,raw_candidate_component_area_p50_p10,True,1,1.0,1.0,3661
165,raw_candidate_component_area_p50_p50,raw_candidate_component_area_p50_p50,True,1,1.0,1.0,3661
166,raw_candidate_component_area_p90_min,raw_candidate_component_area_p90_min,True,1,1.0,1.0,3661
167,raw_candidate_component_area_p90_std,raw_candidate_component_area_p90_std,True,1,1.0,1.0,3661
168,raw_candidate_component_count_min,raw_candidate_component_count_min,True,1,1.0,1.0,4509
169,raw_candidate_component_count_p10,raw_candidate_component_count_p10,True,1,1.0,1.0,4509
170,raw_in_flux_min,raw_in_flux_min,True,1,1.0,1.0,4509
171,raw_out_flux_min,raw_out_flux_min,True,1,1.0,1.0,4509
172,rejected_component_count_p10,rejected_component_count_p10,True,1,1.0,1.0,4509
173,right_filtered_candidate_pixels_p10,right_filtered_candidate_pixels_p10,True,1,1.0,1.0,4509
174,right_filtered_in_flux_max,right_filtered_in_flux_max,True,1,1.0,1.0,4509
175,right_filtered_in_flux_p10,right_filtered_in_flux_p10,True,1,1.0,1.0,4509
176,right_filtered_out_flux_max,right_filtered_out_flux_max,True,1,1.0,1.0,4509
177,right_raw_candidate_pixels_min,right_raw_candidate_pixels_min,True,1,1.0,1.0,4509
178,right_raw_in_flux_max,right_raw_in_flux_max,True,1,1.0,1.0,4509
179,right_raw_in_flux_p10,right_raw_in_flux_p10,True,1,1.0,1.0,4509
180,right_raw_out_flux_max,right_raw_out_flux_max,True,1,1.0,1.0,4509
181,right_raw_out_flux_p10,right_raw_out_flux_p10,True,1,1.0,1.0,4509
182,roi_edge_density_min,roi_edge_density_min,True,1,1.0,1.0,4509
183,roi_edge_density_std,roi_edge_density_std,True,1,1.0,1.0,4509
184,roi_flow_mag_p99_max,roi_flow_mag_p99_max,True,1,1.0,1.0,4509
185,roi_flow_mag_p99_min,roi_flow_mag_p99_min,True,1,1.0,1.0,4509
186,roi_flow_mag_p99_std,roi_flow_mag_p99_std,True,1,1.0,1.0,4509
187,roi_gray_p05_std,roi_gray_p05_std,True,1,1.0,1.0,4509
188,roi_gray_p50_std,roi_gray_p50_std,True,1,1.0,1.0,4509
189,roi_laplacian_var_max,roi_laplacian_var_max,True,1,1.0,1.0,4509
190,roi_laplacian_var_std,roi_laplacian_var_std,True,1,1.0,1.0,4509
191,roi_tenengrad_mean_std,roi_tenengrad_mean_std,True,1,1.0,1.0,4509
192,roi_value_std_std,roi_value_std_std,True,1,1.0,1.0,4509
193,top_filtered_in_flux_p10,top_filtered_in_flux_p10,True,1,1.0,1.0,4509
194,top_filtered_out_flux_p10,top_filtered_out_flux_p10,True,1,1.0,1.0,4509
195,top_raw_candidate_pixels_max,top_raw_candidate_pixels_max,True,1,1.0,1.0,4509
196,top_raw_candidate_pixels_min,top_raw_candidate_pixels_min,True,1,1.0,1.0,4509
197,top_raw_in_flux_max,top_raw_in_flux_max,True,1,1.0,1.0,4509
198,top_raw_in_flux_p10,top_raw_in_flux_p10,True,1,1.0,1.0,4509
199,top_raw_out_flux_p10,top_raw_out_flux_p10,True,1,1.0,1.0,4509
200,total_direction_balance_abs,total_direction_balance_abs,True,1,1.0,1.0,2735
201,total_filtered_to_raw_traffic_ratio,total_filtered_to_raw_traffic_ratio,True,1,1.0,1.0,3661
