video,video_path,device,recorded_at,roi_yaml,reason
ANU-25-summer-12_20260810_050000.mp4,/mnt/hdd2/new_collection/mp4_files/ANU-25-summer-12_20260810_050000.mp4,ANU-25-summer-12,2026-08-10 05:00:00,/home/siu/projects/bee_optical_flow/roi_regions.yaml,YAML에 해당 기기·촬영 일시의 좌표 정보가 없습니다.
ANU-25-summer-18_20260810_050000.mp4,/mnt/hdd2/new_collection/mp4_files/ANU-25-summer-18_20260810_050000.mp4,ANU-25-summer-18,2026-08-10 05:00:00,/home/siu/projects/bee_optical_flow/roi_regions.yaml,YAML에 해당 기기·촬영 일시의 좌표 정보가 없습니다.
ANU-25-summer-12_20260810_060000.mp4,/mnt/hdd2/new_collection/mp4_files/ANU-25-summer-12_20260810_060000.mp4,ANU-25-summer-12,2026-08-10 06:00:00,/home/siu/projects/bee_optical_flow/roi_regions.yaml,YAML에 해당 기기·촬영 일시의 좌표 정보가 없습니다.
ANU-25-summer-18_20260810_060000.mp4,/mnt/hdd2/new_collection/mp4_files/ANU-25-summer-18_20260810_060000.mp4,ANU-25-summer-18,2026-08-10 06:00:00,/home/siu/projects/bee_optical_flow/roi_regions.yaml,YAML에 해당 기기·촬영 일시의 좌표 정보가 없습니다.
ANU-25-summer-12_20260810_070000.mp4,/mnt/hdd2/new_collection/mp4_files/ANU-25-summer-12_20260810_070000.mp4,ANU-25-summer-12,2026-08-10 07:00:00,/home/siu/projects/bee_optical_flow/roi_regions.yaml,YAML에 해당 기기·촬영 일시의 좌표 정보가 없습니다.
ANU-25-summer-18_20260810_070000.mp4,/mnt/hdd2/new_collection/mp4_files/ANU-25-summer-18_20260810_070000.mp4,ANU-25-summer-18,2026-08-10 07:00:00,/home/siu/projects/bee_optical_flow/roi_regions.yaml,YAML에 해당 기기·촬영 일시의 좌표 정보가 없습니다.
ANU-25-summer-12_20260810_080000.mp4,/mnt/hdd2/new_collection/mp4_files/ANU-25-summer-12_20260810_080000.mp4,ANU-25-summer-12,2026-08-10 08:00:00,/home/siu/projects/bee_optical_flow/roi_regions.yaml,YAML에 해당 기기·촬영 일시의 좌표 정보가 없습니다.
ANU-25-summer-18_20260810_080000.mp4,/mnt/hdd2/new_collection/mp4_files/ANU-25-summer-18_20260810_080000.mp4,ANU-25-summer-18,2026-08-10 08:00:00,/home/siu/projects/bee_optical_flow/roi_regions.yaml,YAML에 해당 기기·촬영 일시의 좌표 정보가 없습니다.
ANU-25-summer-12_20260810_090000.mp4,/mnt/hdd2/new_collection/mp4_files/ANU-25-summer-12_20260810_090000.mp4,ANU-25-summer-12,2026-08-10 09:00:00,/home/siu/projects/bee_optical_flow/roi_regions.yaml,YAML에 해당 기기·촬영 일시의 좌표 정보가 없습니다.
ANU-25-summer-13_20260810_090000.mp4,/mnt/hdd2/new_collection/mp4_files/ANU-25-summer-13_20260810_090000.mp4,ANU-25-summer-13,2026-08-10 09:00:00,/home/siu/projects/bee_optical_flow/roi_regions.yaml,YAML에 해당 기기·촬영 일시의 좌표 정보가 없습니다.
ANU-25-summer-14_20260810_090000.mp4,/mnt/hdd2/new_collection/mp4_files/ANU-25-summer-14_20260810_090000.mp4,ANU-25-summer-14,2026-08-10 09:00:00,/home/siu/projects/bee_optical_flow/roi_regions.yaml,YAML에 해당 기기·촬영 일시의 좌표 정보가 없습니다.
ANU-25-summer-16_20260810_090000.mp4,/mnt/hdd2/new_collection/mp4_files/ANU-25-summer-16_20260810_090000.mp4,ANU-25-summer-16,2026-08-10 09:00:00,/home/siu/projects/bee_optical_flow/roi_regions.yaml,YAML에 해당 기기·촬영 일시의 좌표 정보가 없습니다.
ANU-25-summer-18_20260810_090000.mp4,/mnt/hdd2/new_collection/mp4_files/ANU-25-summer-18_20260810_090000.mp4,ANU-25-summer-18,2026-08-10 09:00:00,/home/siu/projects/bee_optical_flow/roi_regions.yaml,YAML에 해당 기기·촬영 일시의 좌표 정보가 없습니다.
ANU-25-summer-8_20260810_090000.mp4,/mnt/hdd2/new_collection/mp4_files/ANU-25-summer-8_20260810_090000.mp4,ANU-25-summer-8,2026-08-10 09:00:00,/home/siu/projects/bee_optical_flow/roi_regions.yaml,YAML에 해당 기기·촬영 일시의 좌표 정보가 없습니다.
ANU-25-summer-12_20260810_100000.mp4,/mnt/hdd2/new_collection/mp4_files/ANU-25-summer-12_20260810_100000.mp4,ANU-25-summer-12,2026-08-10 10:00:00,/home/siu/projects/bee_optical_flow/roi_regions.yaml,YAML에 해당 기기·촬영 일시의 좌표 정보가 없습니다.
ANU-25-summer-13_20260810_100000.mp4,/mnt/hdd2/new_collection/mp4_files/ANU-25-summer-13_20260810_100000.mp4,ANU-25-summer-13,2026-08-10 10:00:00,/home/siu/projects/bee_optical_flow/roi_regions.yaml,YAML에 해당 기기·촬영 일시의 좌표 정보가 없습니다.
ANU-25-summer-14_20260810_100000.mp4,/mnt/hdd2/new_collection/mp4_files/ANU-25-summer-14_20260810_100000.mp4,ANU-25-summer-14,2026-08-10 10:00:00,/home/siu/projects/bee_optical_flow/roi_regions.yaml,YAML에 해당 기기·촬영 일시의 좌표 정보가 없습니다.
ANU-25-summer-16_20260810_100000.mp4,/mnt/hdd2/new_collection/mp4_files/ANU-25-summer-16_20260810_100000.mp4,ANU-25-summer-16,2026-08-10 10:00:00,/home/siu/projects/bee_optical_flow/roi_regions.yaml,YAML에 해당 기기·촬영 일시의 좌표 정보가 없습니다.
ANU-25-summer-18_20260810_100000.mp4,/mnt/hdd2/new_collection/mp4_files/ANU-25-summer-18_20260810_100000.mp4,ANU-25-summer-18,2026-08-10 10:00:00,/home/siu/projects/bee_optical_flow/roi_regions.yaml,YAML에 해당 기기·촬영 일시의 좌표 정보가 없습니다.
ANU-25-summer-8_20260810_100000.mp4,/mnt/hdd2/new_collection/mp4_files/ANU-25-summer-8_20260810_100000.mp4,ANU-25-summer-8,2026-08-10 10:00:00,/home/siu/projects/bee_optical_flow/roi_regions.yaml,YAML에 해당 기기·촬영 일시의 좌표 정보가 없습니다.
ANU-25-summer-12_20260810_110000.mp4,/mnt/hdd2/new_collection/mp4_files/ANU-25-summer-12_20260810_110000.mp4,ANU-25-summer-12,2026-08-10 11:00:00,/home/siu/projects/bee_optical_flow/roi_regions.yaml,YAML에 해당 기기·촬영 일시의 좌표 정보가 없습니다.
ANU-25-summer-13_20260810_110000.mp4,/mnt/hdd2/new_collection/mp4_files/ANU-25-summer-13_20260810_110000.mp4,ANU-25-summer-13,2026-08-10 11:00:00,/home/siu/projects/bee_optical_flow/roi_regions.yaml,YAML에 해당 기기·촬영 일시의 좌표 정보가 없습니다.
ANU-25-summer-14_20260810_110000.mp4,/mnt/hdd2/new_collection/mp4_files/ANU-25-summer-14_20260810_110000.mp4,ANU-25-summer-14,2026-08-10 11:00:00,/home/siu/projects/bee_optical_flow/roi_regions.yaml,YAML에 해당 기기·촬영 일시의 좌표 정보가 없습니다.
ANU-25-summer-16_20260810_110000.mp4,/mnt/hdd2/new_collection/mp4_files/ANU-25-summer-16_20260810_110000.mp4,ANU-25-summer-16,2026-08-10 11:00:00,/home/siu/projects/bee_optical_flow/roi_regions.yaml,YAML에 해당 기기·촬영 일시의 좌표 정보가 없습니다.
ANU-25-summer-18_20260810_110000.mp4,/mnt/hdd2/new_collection/mp4_files/ANU-25-summer-18_20260810_110000.mp4,ANU-25-summer-18,2026-08-10 11:00:00,/home/siu/projects/bee_optical_flow/roi_regions.yaml,YAML에 해당 기기·촬영 일시의 좌표 정보가 없습니다.
ANU-25-summer-8_20260810_110000.mp4,/mnt/hdd2/new_collection/mp4_files/ANU-25-summer-8_20260810_110000.mp4,ANU-25-summer-8,2026-08-10 11:00:00,/home/siu/projects/bee_optical_flow/roi_regions.yaml,YAML에 해당 기기·촬영 일시의 좌표 정보가 없습니다.
ANU-25-summer-12_20260810_120000.mp4,/mnt/hdd2/new_collection/mp4_files/ANU-25-summer-12_20260810_120000.mp4,ANU-25-summer-12,2026-08-10 12:00:00,/home/siu/projects/bee_optical_flow/roi_regions.yaml,YAML에 해당 기기·촬영 일시의 좌표 정보가 없습니다.
ANU-25-summer-13_20260810_120000.mp4,/mnt/hdd2/new_collection/mp4_files/ANU-25-summer-13_20260810_120000.mp4,ANU-25-summer-13,2026-08-10 12:00:00,/home/siu/projects/bee_optical_flow/roi_regions.yaml,YAML에 해당 기기·촬영 일시의 좌표 정보가 없습니다.
ANU-25-summer-14_20260810_120000.mp4,/mnt/hdd2/new_collection/mp4_files/ANU-25-summer-14_20260810_120000.mp4,ANU-25-summer-14,2026-08-10 12:00:00,/home/siu/projects/bee_optical_flow/roi_regions.yaml,YAML에 해당 기기·촬영 일시의 좌표 정보가 없습니다.
ANU-25-summer-16_20260810_120000.mp4,/mnt/hdd2/new_collection/mp4_files/ANU-25-summer-16_20260810_120000.mp4,ANU-25-summer-16,2026-08-10 12:00:00,/home/siu/projects/bee_optical_flow/roi_regions.yaml,YAML에 해당 기기·촬영 일시의 좌표 정보가 없습니다.
ANU-25-summer-18_20260810_120000.mp4,/mnt/hdd2/new_collection/mp4_files/ANU-25-summer-18_20260810_120000.mp4,ANU-25-summer-18,2026-08-10 12:00:00,/home/siu/projects/bee_optical_flow/roi_regions.yaml,YAML에 해당 기기·촬영 일시의 좌표 정보가 없습니다.
ANU-25-summer-8_20260810_120000.mp4,/mnt/hdd2/new_collection/mp4_files/ANU-25-summer-8_20260810_120000.mp4,ANU-25-summer-8,2026-08-10 12:00:00,/home/siu/projects/bee_optical_flow/roi_regions.yaml,YAML에 해당 기기·촬영 일시의 좌표 정보가 없습니다.
ANU-25-summer-12_20260810_130000.mp4,/mnt/hdd2/new_collection/mp4_files/ANU-25-summer-12_20260810_130000.mp4,ANU-25-summer-12,2026-08-10 13:00:00,/home/siu/projects/bee_optical_flow/roi_regions.yaml,YAML에 해당 기기·촬영 일시의 좌표 정보가 없습니다.
ANU-25-summer-13_20260810_130000.mp4,/mnt/hdd2/new_collection/mp4_files/ANU-25-summer-13_20260810_130000.mp4,ANU-25-summer-13,2026-08-10 13:00:00,/home/siu/projects/bee_optical_flow/roi_regions.yaml,YAML에 해당 기기·촬영 일시의 좌표 정보가 없습니다.
ANU-25-summer-14_20260810_130000.mp4,/mnt/hdd2/new_collection/mp4_files/ANU-25-summer-14_20260810_130000.mp4,ANU-25-summer-14,2026-08-10 13:00:00,/home/siu/projects/bee_optical_flow/roi_regions.yaml,YAML에 해당 기기·촬영 일시의 좌표 정보가 없습니다.
ANU-25-summer-16_20260810_130000.mp4,/mnt/hdd2/new_collection/mp4_files/ANU-25-summer-16_20260810_130000.mp4,ANU-25-summer-16,2026-08-10 13:00:00,/home/siu/projects/bee_optical_flow/roi_regions.yaml,YAML에 해당 기기·촬영 일시의 좌표 정보가 없습니다.
ANU-25-summer-18_20260810_130000.mp4,/mnt/hdd2/new_collection/mp4_files/ANU-25-summer-18_20260810_130000.mp4,ANU-25-summer-18,2026-08-10 13:00:00,/home/siu/projects/bee_optical_flow/roi_regions.yaml,YAML에 해당 기기·촬영 일시의 좌표 정보가 없습니다.
ANU-25-summer-8_20260810_130000.mp4,/mnt/hdd2/new_collection/mp4_files/ANU-25-summer-8_20260810_130000.mp4,ANU-25-summer-8,2026-08-10 13:00:00,/home/siu/projects/bee_optical_flow/roi_regions.yaml,YAML에 해당 기기·촬영 일시의 좌표 정보가 없습니다.
ANU-25-summer-12_20260810_150000.mp4,/mnt/hdd2/new_collection/mp4_files/ANU-25-summer-12_20260810_150000.mp4,ANU-25-summer-12,2026-08-10 15:00:00,/home/siu/projects/bee_optical_flow/roi_regions.yaml,YAML에 해당 기기·촬영 일시의 좌표 정보가 없습니다.
ANU-25-summer-13_20260810_150000.mp4,/mnt/hdd2/new_collection/mp4_files/ANU-25-summer-13_20260810_150000.mp4,ANU-25-summer-13,2026-08-10 15:00:00,/home/siu/projects/bee_optical_flow/roi_regions.yaml,YAML에 해당 기기·촬영 일시의 좌표 정보가 없습니다.
ANU-25-summer-14_20260810_150000.mp4,/mnt/hdd2/new_collection/mp4_files/ANU-25-summer-14_20260810_150000.mp4,ANU-25-summer-14,2026-08-10 15:00:00,/home/siu/projects/bee_optical_flow/roi_regions.yaml,YAML에 해당 기기·촬영 일시의 좌표 정보가 없습니다.
ANU-25-summer-16_20260810_150000.mp4,/mnt/hdd2/new_collection/mp4_files/ANU-25-summer-16_20260810_150000.mp4,ANU-25-summer-16,2026-08-10 15:00:00,/home/siu/projects/bee_optical_flow/roi_regions.yaml,YAML에 해당 기기·촬영 일시의 좌표 정보가 없습니다.
ANU-25-summer-18_20260810_150000.mp4,/mnt/hdd2/new_collection/mp4_files/ANU-25-summer-18_20260810_150000.mp4,ANU-25-summer-18,2026-08-10 15:00:00,/home/siu/projects/bee_optical_flow/roi_regions.yaml,YAML에 해당 기기·촬영 일시의 좌표 정보가 없습니다.
ANU-25-summer-8_20260810_150000.mp4,/mnt/hdd2/new_collection/mp4_files/ANU-25-summer-8_20260810_150000.mp4,ANU-25-summer-8,2026-08-10 15:00:00,/home/siu/projects/bee_optical_flow/roi_regions.yaml,YAML에 해당 기기·촬영 일시의 좌표 정보가 없습니다.
ANU-25-summer-12_20260810_160000.mp4,/mnt/hdd2/new_collection/mp4_files/ANU-25-summer-12_20260810_160000.mp4,ANU-25-summer-12,2026-08-10 16:00:00,/home/siu/projects/bee_optical_flow/roi_regions.yaml,YAML에 해당 기기·촬영 일시의 좌표 정보가 없습니다.
ANU-25-summer-13_20260810_160000.mp4,/mnt/hdd2/new_collection/mp4_files/ANU-25-summer-13_20260810_160000.mp4,ANU-25-summer-13,2026-08-10 16:00:00,/home/siu/projects/bee_optical_flow/roi_regions.yaml,YAML에 해당 기기·촬영 일시의 좌표 정보가 없습니다.
ANU-25-summer-14_20260810_160000.mp4,/mnt/hdd2/new_collection/mp4_files/ANU-25-summer-14_20260810_160000.mp4,ANU-25-summer-14,2026-08-10 16:00:00,/home/siu/projects/bee_optical_flow/roi_regions.yaml,YAML에 해당 기기·촬영 일시의 좌표 정보가 없습니다.
ANU-25-summer-16_20260810_160000.mp4,/mnt/hdd2/new_collection/mp4_files/ANU-25-summer-16_20260810_160000.mp4,ANU-25-summer-16,2026-08-10 16:00:00,/home/siu/projects/bee_optical_flow/roi_regions.yaml,YAML에 해당 기기·촬영 일시의 좌표 정보가 없습니다.
ANU-25-summer-18_20260810_160000.mp4,/mnt/hdd2/new_collection/mp4_files/ANU-25-summer-18_20260810_160000.mp4,ANU-25-summer-18,2026-08-10 16:00:00,/home/siu/projects/bee_optical_flow/roi_regions.yaml,YAML에 해당 기기·촬영 일시의 좌표 정보가 없습니다.
ANU-25-summer-8_20260810_160000.mp4,/mnt/hdd2/new_collection/mp4_files/ANU-25-summer-8_20260810_160000.mp4,ANU-25-summer-8,2026-08-10 16:00:00,/home/siu/projects/bee_optical_flow/roi_regions.yaml,YAML에 해당 기기·촬영 일시의 좌표 정보가 없습니다.
ANU-25-summer-12_20260810_170000.mp4,/mnt/hdd2/new_collection/mp4_files/ANU-25-summer-12_20260810_170000.mp4,ANU-25-summer-12,2026-08-10 17:00:00,/home/siu/projects/bee_optical_flow/roi_regions.yaml,YAML에 해당 기기·촬영 일시의 좌표 정보가 없습니다.
ANU-25-summer-13_20260810_170000.mp4,/mnt/hdd2/new_collection/mp4_files/ANU-25-summer-13_20260810_170000.mp4,ANU-25-summer-13,2026-08-10 17:00:00,/home/siu/projects/bee_optical_flow/roi_regions.yaml,YAML에 해당 기기·촬영 일시의 좌표 정보가 없습니다.
ANU-25-summer-14_20260810_170000.mp4,/mnt/hdd2/new_collection/mp4_files/ANU-25-summer-14_20260810_170000.mp4,ANU-25-summer-14,2026-08-10 17:00:00,/home/siu/projects/bee_optical_flow/roi_regions.yaml,YAML에 해당 기기·촬영 일시의 좌표 정보가 없습니다.
ANU-25-summer-16_20260810_170000.mp4,/mnt/hdd2/new_collection/mp4_files/ANU-25-summer-16_20260810_170000.mp4,ANU-25-summer-16,2026-08-10 17:00:00,/home/siu/projects/bee_optical_flow/roi_regions.yaml,YAML에 해당 기기·촬영 일시의 좌표 정보가 없습니다.
ANU-25-summer-18_20260810_170000.mp4,/mnt/hdd2/new_collection/mp4_files/ANU-25-summer-18_20260810_170000.mp4,ANU-25-summer-18,2026-08-10 17:00:00,/home/siu/projects/bee_optical_flow/roi_regions.yaml,YAML에 해당 기기·촬영 일시의 좌표 정보가 없습니다.
ANU-25-summer-8_20260810_170000.mp4,/mnt/hdd2/new_collection/mp4_files/ANU-25-summer-8_20260810_170000.mp4,ANU-25-summer-8,2026-08-10 17:00:00,/home/siu/projects/bee_optical_flow/roi_regions.yaml,YAML에 해당 기기·촬영 일시의 좌표 정보가 없습니다.
ANU-25-summer-12_20260810_180000.mp4,/mnt/hdd2/new_collection/mp4_files/ANU-25-summer-12_20260810_180000.mp4,ANU-25-summer-12,2026-08-10 18:00:00,/home/siu/projects/bee_optical_flow/roi_regions.yaml,YAML에 해당 기기·촬영 일시의 좌표 정보가 없습니다.
ANU-25-summer-13_20260810_180000.mp4,/mnt/hdd2/new_collection/mp4_files/ANU-25-summer-13_20260810_180000.mp4,ANU-25-summer-13,2026-08-10 18:00:00,/home/siu/projects/bee_optical_flow/roi_regions.yaml,YAML에 해당 기기·촬영 일시의 좌표 정보가 없습니다.
ANU-25-summer-14_20260810_180000.mp4,/mnt/hdd2/new_collection/mp4_files/ANU-25-summer-14_20260810_180000.mp4,ANU-25-summer-14,2026-08-10 18:00:00,/home/siu/projects/bee_optical_flow/roi_regions.yaml,YAML에 해당 기기·촬영 일시의 좌표 정보가 없습니다.
ANU-25-summer-16_20260810_180000.mp4,/mnt/hdd2/new_collection/mp4_files/ANU-25-summer-16_20260810_180000.mp4,ANU-25-summer-16,2026-08-10 18:00:00,/home/siu/projects/bee_optical_flow/roi_regions.yaml,YAML에 해당 기기·촬영 일시의 좌표 정보가 없습니다.
ANU-25-summer-18_20260810_180000.mp4,/mnt/hdd2/new_collection/mp4_files/ANU-25-summer-18_20260810_180000.mp4,ANU-25-summer-18,2026-08-10 18:00:00,/home/siu/projects/bee_optical_flow/roi_regions.yaml,YAML에 해당 기기·촬영 일시의 좌표 정보가 없습니다.
ANU-25-summer-8_20260810_180000.mp4,/mnt/hdd2/new_collection/mp4_files/ANU-25-summer-8_20260810_180000.mp4,ANU-25-summer-8,2026-08-10 18:00:00,/home/siu/projects/bee_optical_flow/roi_regions.yaml,YAML에 해당 기기·촬영 일시의 좌표 정보가 없습니다.
ANU-25-summer-12_20260810_190000.mp4,/mnt/hdd2/new_collection/mp4_files/ANU-25-summer-12_20260810_190000.mp4,ANU-25-summer-12,2026-08-10 19:00:00,/home/siu/projects/bee_optical_flow/roi_regions.yaml,YAML에 해당 기기·촬영 일시의 좌표 정보가 없습니다.
ANU-25-summer-13_20260810_190000.mp4,/mnt/hdd2/new_collection/mp4_files/ANU-25-summer-13_20260810_190000.mp4,ANU-25-summer-13,2026-08-10 19:00:00,/home/siu/projects/bee_optical_flow/roi_regions.yaml,YAML에 해당 기기·촬영 일시의 좌표 정보가 없습니다.
ANU-25-summer-14_20260810_190000.mp4,/mnt/hdd2/new_collection/mp4_files/ANU-25-summer-14_20260810_190000.mp4,ANU-25-summer-14,2026-08-10 19:00:00,/home/siu/projects/bee_optical_flow/roi_regions.yaml,YAML에 해당 기기·촬영 일시의 좌표 정보가 없습니다.
ANU-25-summer-16_20260810_190000.mp4,/mnt/hdd2/new_collection/mp4_files/ANU-25-summer-16_20260810_190000.mp4,ANU-25-summer-16,2026-08-10 19:00:00,/home/siu/projects/bee_optical_flow/roi_regions.yaml,YAML에 해당 기기·촬영 일시의 좌표 정보가 없습니다.
ANU-25-summer-18_20260810_190000.mp4,/mnt/hdd2/new_collection/mp4_files/ANU-25-summer-18_20260810_190000.mp4,ANU-25-summer-18,2026-08-10 19:00:00,/home/siu/projects/bee_optical_flow/roi_regions.yaml,YAML에 해당 기기·촬영 일시의 좌표 정보가 없습니다.
ANU-25-summer-8_20260810_190000.mp4,/mnt/hdd2/new_collection/mp4_files/ANU-25-summer-8_20260810_190000.mp4,ANU-25-summer-8,2026-08-10 19:00:00,/home/siu/projects/bee_optical_flow/roi_regions.yaml,YAML에 해당 기기·촬영 일시의 좌표 정보가 없습니다.
ANU-25-summer-12_20260810_200000.mp4,/mnt/hdd2/new_collection/mp4_files/ANU-25-summer-12_20260810_200000.mp4,ANU-25-summer-12,2026-08-10 20:00:00,/home/siu/projects/bee_optical_flow/roi_regions.yaml,YAML에 해당 기기·촬영 일시의 좌표 정보가 없습니다.
ANU-25-summer-13_20260810_200000.mp4,/mnt/hdd2/new_collection/mp4_files/ANU-25-summer-13_20260810_200000.mp4,ANU-25-summer-13,2026-08-10 20:00:00,/home/siu/projects/bee_optical_flow/roi_regions.yaml,YAML에 해당 기기·촬영 일시의 좌표 정보가 없습니다.
ANU-25-summer-14_20260810_200000.mp4,/mnt/hdd2/new_collection/mp4_files/ANU-25-summer-14_20260810_200000.mp4,ANU-25-summer-14,2026-08-10 20:00:00,/home/siu/projects/bee_optical_flow/roi_regions.yaml,YAML에 해당 기기·촬영 일시의 좌표 정보가 없습니다.
ANU-25-summer-16_20260810_200000.mp4,/mnt/hdd2/new_collection/mp4_files/ANU-25-summer-16_20260810_200000.mp4,ANU-25-summer-16,2026-08-10 20:00:00,/home/siu/projects/bee_optical_flow/roi_regions.yaml,YAML에 해당 기기·촬영 일시의 좌표 정보가 없습니다.
ANU-25-summer-18_20260810_200000.mp4,/mnt/hdd2/new_collection/mp4_files/ANU-25-summer-18_20260810_200000.mp4,ANU-25-summer-18,2026-08-10 20:00:00,/home/siu/projects/bee_optical_flow/roi_regions.yaml,YAML에 해당 기기·촬영 일시의 좌표 정보가 없습니다.
ANU-25-summer-8_20260810_200000.mp4,/mnt/hdd2/new_collection/mp4_files/ANU-25-summer-8_20260810_200000.mp4,ANU-25-summer-8,2026-08-10 20:00:00,/home/siu/projects/bee_optical_flow/roi_regions.yaml,YAML에 해당 기기·촬영 일시의 좌표 정보가 없습니다.
ANU-25-summer-12_20260810_210000.mp4,/mnt/hdd2/new_collection/mp4_files/ANU-25-summer-12_20260810_210000.mp4,ANU-25-summer-12,2026-08-10 21:00:00,/home/siu/projects/bee_optical_flow/roi_regions.yaml,YAML에 해당 기기·촬영 일시의 좌표 정보가 없습니다.
ANU-25-summer-13_20260810_210000.mp4,/mnt/hdd2/new_collection/mp4_files/ANU-25-summer-13_20260810_210000.mp4,ANU-25-summer-13,2026-08-10 21:00:00,/home/siu/projects/bee_optical_flow/roi_regions.yaml,YAML에 해당 기기·촬영 일시의 좌표 정보가 없습니다.
ANU-25-summer-14_20260810_210000.mp4,/mnt/hdd2/new_collection/mp4_files/ANU-25-summer-14_20260810_210000.mp4,ANU-25-summer-14,2026-08-10 21:00:00,/home/siu/projects/bee_optical_flow/roi_regions.yaml,YAML에 해당 기기·촬영 일시의 좌표 정보가 없습니다.
ANU-25-summer-16_20260810_210000.mp4,/mnt/hdd2/new_collection/mp4_files/ANU-25-summer-16_20260810_210000.mp4,ANU-25-summer-16,2026-08-10 21:00:00,/home/siu/projects/bee_optical_flow/roi_regions.yaml,YAML에 해당 기기·촬영 일시의 좌표 정보가 없습니다.
ANU-25-summer-18_20260810_210000.mp4,/mnt/hdd2/new_collection/mp4_files/ANU-25-summer-18_20260810_210000.mp4,ANU-25-summer-18,2026-08-10 21:00:00,/home/siu/projects/bee_optical_flow/roi_regions.yaml,YAML에 해당 기기·촬영 일시의 좌표 정보가 없습니다.
ANU-25-summer-8_20260810_210000.mp4,/mnt/hdd2/new_collection/mp4_files/ANU-25-summer-8_20260810_210000.mp4,ANU-25-summer-8,2026-08-10 21:00:00,/home/siu/projects/bee_optical_flow/roi_regions.yaml,YAML에 해당 기기·촬영 일시의 좌표 정보가 없습니다.
